# Pez normal (sin armadura, expresion tranquila) generado a partir de PEZ.fbx
# Escala: metros (~1.09 m de alto). Cabeza hacia +Y, cara hacia +Z.
mtllib PezNormal.mtl
o Head
v -0.23742 0.42334 -0.09986
v 0.22454 0.43015 -0.09956
v -0.23613 -0.09320 -0.12760
v 0.22209 -0.09583 -0.13704
v -0.24713 0.43027 -0.03004
v 0.29492 0.15243 -0.18240
v -0.00079 -0.16843 -0.19258
v -0.29991 0.15396 -0.18538
v 0.24421 -0.10881 -0.02229
v -0.25128 -0.10782 -0.03005
v 0.23719 0.43420 -0.02589
v 0.00725 0.50888 -0.15459
v 0.00658 0.54405 -0.02291
v 0.00264 0.15466 -0.35475
v -0.00341 -0.22509 -0.04258
v 0.33866 0.15348 -0.04979
v -0.34417 0.15164 -0.05891
v 0.16298 0.48879 -0.07448
v -0.14744 0.50030 -0.08004
v -0.15871 0.33755 -0.27310
v 0.17620 0.32727 -0.26289
v 0.16497 -0.01485 -0.26773
v -0.15199 -0.02311 -0.27520
v -0.14311 -0.17924 -0.09931
v 0.14647 -0.17619 -0.09182
v 0.29605 -0.00745 -0.09332
v 0.29917 0.31254 -0.10105
v -0.29576 -0.01603 -0.10357
v -0.30472 0.31580 -0.10042
v 0.16242 0.49661 -0.02126
v 0.00713 0.53467 -0.08690
v -0.14547 0.50953 -0.02810
v 0.00418 0.34033 -0.31422
v 0.18029 0.15446 -0.30173
v 0.00185 -0.02875 -0.31129
v -0.16247 0.15527 -0.31583
v -0.00207 -0.21186 -0.10529
v 0.14793 -0.18697 -0.02824
v -0.14327 -0.19223 -0.03699
v 0.30657 -0.00620 -0.03829
v 0.32769 0.15294 -0.10498
v 0.31149 0.30907 -0.04831
v -0.30879 -0.01550 -0.04235
v -0.31665 0.31348 -0.04690
v -0.32920 0.15220 -0.12154
v 0.23123 0.43373 -0.06774
v 0.16426 0.46933 -0.12714
v -0.14927 0.47731 -0.13859
v -0.24337 0.42835 -0.06554
v 0.27343 0.31507 -0.16045
v 0.26568 -0.00746 -0.16580
v 0.14754 -0.13533 -0.17417
v -0.14404 -0.14163 -0.17415
v -0.27118 -0.01369 -0.16243
v -0.28036 0.31828 -0.15730
v 0.23630 -0.10672 -0.08041
v -0.24488 -0.10400 -0.08209
v -0.26001 0.29082 0.18640
v -0.24857 0.29272 0.19952
v -0.23840 0.31762 0.19731
v -0.24635 0.32025 0.18625
v -0.26716 0.25863 0.19197
v -0.25314 0.26211 0.20775
v -0.26638 0.22736 0.20305
v -0.25154 0.23458 0.21832
v -0.25733 0.19365 0.21984
v -0.24736 0.20709 0.22852
v -0.24261 0.15681 0.23704
v -0.23497 0.17908 0.24356
v -0.21969 0.13645 0.25656
v -0.21608 0.16342 0.26016
v -0.19338 0.13072 0.27547
v -0.19295 0.15579 0.27684
v -0.16439 0.12967 0.29266
v -0.16875 0.15726 0.29143
v -0.13394 0.13756 0.30747
v -0.14119 0.16574 0.30491
v -0.10014 0.15281 0.31984
v -0.11840 0.18355 0.31323
v -0.06822 0.19728 0.32586
v -0.09809 0.20495 0.31791
v -0.06873 0.24817 0.31796
v -0.08784 0.24655 0.31392
v -0.22584 0.32579 0.20586
v -0.22859 0.32525 0.20332
v -0.21279 0.32173 0.22083
v -0.20989 0.32173 0.22342
v -0.19392 0.31433 0.24037
v -0.19187 0.31425 0.24195
v -0.17510 0.30381 0.25834
v -0.17357 0.30480 0.25889
v -0.15950 0.29509 0.27118
v -0.15539 0.29484 0.27352
v -0.13879 0.28349 0.28580
v -0.13539 0.28283 0.28755
v -0.12265 0.27324 0.29586
v -0.11736 0.27236 0.29813
v -0.10675 0.26193 0.30471
v -0.09720 0.26272 0.30748
v -0.21255 0.36236 0.19381
v -0.22803 0.35892 0.17959
v -0.26255 0.32222 0.16290
v -0.27159 0.29293 0.16907
v -0.19138 0.36039 0.21487
v -0.17031 0.35024 0.23739
v -0.15267 0.33594 0.25639
v -0.13542 0.32277 0.27174
v -0.11633 0.31072 0.28509
v -0.09622 0.29875 0.29658
v -0.07537 0.28710 0.30608
v -0.05328 0.27651 0.31352
v -0.05037 0.24518 0.32172
v -0.03179 0.27842 0.31556
v -0.04521 0.17942 0.33072
v -0.00615 0.24214 0.32563
v -0.00723 0.17954 0.33325
v 0.03733 0.24685 0.32220
v 0.02787 0.18118 0.33177
v 0.05668 0.19846 0.32664
v 0.05206 0.24050 0.32137
v -0.20644 0.38673 0.17894
v -0.23043 0.37322 0.16366
v -0.17944 0.38527 0.20548
v -0.15546 0.36964 0.23438
v -0.14270 0.34956 0.25429
v -0.12734 0.33805 0.26798
v -0.10792 0.32634 0.28143
v -0.08780 0.31176 0.29405
v -0.06645 0.30197 0.30288
v -0.04717 0.29710 0.30788
v -0.03272 0.29859 0.30902
v 0.07448 0.23606 0.31769
v 0.07633 0.20316 0.32208
v 0.06404 0.17627 0.32675
v 0.08421 0.18002 0.32191
v 0.08519 0.14806 0.32205
v 0.10004 0.16054 0.31787
v 0.11207 0.13096 0.31289
v 0.12009 0.14550 0.31066
v 0.15085 0.12230 0.29557
v 0.15471 0.13734 0.29474
v 0.18406 0.12425 0.27664
v 0.18512 0.13943 0.27708
v 0.21181 0.12759 0.25680
v 0.21023 0.14667 0.25930
v 0.23437 0.14051 0.23799
v 0.23116 0.15820 0.24155
v 0.25419 0.16654 0.21787
v 0.24491 0.17738 0.22745
v 0.26739 0.19303 0.19996
v 0.25666 0.20240 0.21178
v 0.26885 0.23015 0.19046
v 0.25712 0.23009 0.20546
v 0.24734 0.27094 0.20319
v 0.24633 0.26024 0.20857
v 0.22330 0.27856 0.22557
v 0.22647 0.27542 0.22375
v 0.08939 0.24380 0.31225
v 0.07956 0.24343 0.31499
v 0.11118 0.25197 0.30333
v 0.10454 0.25230 0.30560
v 0.13551 0.25913 0.29153
v 0.12698 0.25922 0.29529
v 0.15812 0.26527 0.27833
v 0.15386 0.26690 0.28019
v 0.18347 0.27197 0.26046
v 0.17926 0.27489 0.26234
v 0.20767 0.27672 0.24034
v 0.20670 0.27966 0.24004
v 0.25944 0.25883 0.19321
v 0.25205 0.24848 0.20605
v 0.07120 0.23032 0.31949
v 0.05176 0.23529 0.32240
v 0.02973 0.23102 0.32606
v -0.00700 0.22863 0.32806
v -0.04506 0.23256 0.32484
v -0.06721 0.23883 0.32017
v -0.08709 0.23851 0.31577
v -0.07496 0.13847 0.32575
v -0.28066 0.24982 0.17666
v -0.27982 0.21389 0.18870
v -0.26612 0.16989 0.21171
v -0.24664 0.13034 0.23176
v -0.21787 0.10770 0.25487
v -0.18823 0.10405 0.27577
v -0.14923 0.10520 0.29763
v -0.12382 0.11092 0.30915
v 0.04158 0.16160 0.33081
v 0.06671 0.12625 0.32530
v 0.10196 0.10677 0.31395
v 0.04460 0.27290 0.31485
v 0.02387 0.27334 0.31711
v 0.06896 0.27691 0.30916
v 0.09310 0.28168 0.30126
v 0.11605 0.28774 0.29120
v 0.14170 0.29510 0.27705
v 0.16782 0.30296 0.25907
v 0.19335 0.30750 0.23894
v 0.21733 0.30960 0.21690
v 0.24176 0.29960 0.19603
v 0.04709 0.29115 0.30891
v 0.02734 0.29435 0.31035
v 0.06562 0.29601 0.30377
v 0.09044 0.29765 0.29669
v 0.11265 0.30793 0.28505
v 0.13696 0.31458 0.27146
v 0.16077 0.32276 0.25440
v 0.18483 0.33013 0.23389
v 0.20567 0.34053 0.20978
v 0.23811 0.32952 0.18187
v 0.14351 0.09840 0.29616
v 0.18440 0.09771 0.27286
v 0.21413 0.10052 0.25125
v 0.24817 0.11412 0.22116
v 0.26570 0.15158 0.20420
v -0.00606 0.27579 0.31754
v -0.00467 0.30068 0.30963
v -0.00496 0.33122 0.29745
v -0.03656 0.33200 0.29531
v 0.02408 0.33172 0.29601
v -0.00395 0.37477 0.27473
v -0.03180 0.37342 0.27412
v 0.02541 0.37048 0.27584
v -0.00298 0.41912 0.24351
v -0.02916 0.41868 0.24256
v 0.02493 0.41639 0.24416
v -0.00227 0.46099 0.20340
v -0.02894 0.46050 0.20242
v 0.02512 0.45803 0.20481
v 0.00008 0.49819 0.15296
v -0.03118 0.49523 0.15548
v 0.03173 0.49338 0.15709
v 0.00294 0.52655 0.09298
v -0.04882 0.52009 0.10101
v 0.05546 0.51771 0.10092
v 0.06188 0.53724 -0.02236
v 0.06319 0.52794 -0.08478
v 0.06384 0.50382 -0.14893
v 0.06094 0.33651 -0.30926
v 0.05933 0.15453 -0.34905
v 0.05682 -0.02924 -0.30500
v 0.05004 -0.16478 -0.18995
v 0.04778 -0.20825 -0.10268
v 0.04614 -0.22135 -0.03978
v -0.04818 0.54085 -0.02467
v -0.04888 0.53146 -0.08660
v -0.04958 0.50603 -0.15305
v -0.05235 0.33766 -0.31161
v -0.05254 0.15244 -0.35124
v -0.05099 -0.02792 -0.30795
v -0.05226 -0.16525 -0.19055
v -0.05223 -0.20771 -0.10558
v -0.05241 -0.22103 -0.04349
v -0.00448 0.14845 0.33364
v 0.02368 0.14821 0.33257
v -0.03386 0.15073 0.33234
v -0.00483 0.09179 0.32852
v 0.02259 0.09160 0.32750
v -0.03331 0.09412 0.32756
v -0.00620 0.03432 0.31531
v 0.02510 0.03454 0.31414
v -0.03935 0.03604 0.31385
v -0.00699 -0.01923 0.29483
v 0.02553 -0.01972 0.29326
v -0.04141 -0.01789 0.29310
v -0.00776 -0.06868 0.26741
v 0.02512 -0.06892 0.26582
v -0.04130 -0.06712 0.26587
v -0.00784 -0.11363 0.23305
v 0.02363 -0.11305 0.23212
v -0.04030 -0.11151 0.23217
v -0.00732 -0.15225 0.19286
v 0.02270 -0.15096 0.19281
v -0.04202 -0.15114 0.19056
v -0.00680 -0.18908 0.13786
v 0.02537 -0.18628 0.14033
v -0.04607 -0.18777 0.13417
v -0.00554 -0.21543 0.07227
v 0.03471 -0.21200 0.07579
v -0.04848 -0.21340 0.06716
v 0.26195 0.28217 0.17928
v 0.26835 0.29479 0.16264
v 0.27999 0.25970 0.16311
v 0.28559 0.22679 0.16660
v 0.28616 0.18888 0.17388
v 0.29052 0.35673 -0.04156
v 0.27871 0.36175 -0.08901
v 0.25498 0.36721 -0.14167
v 0.17259 0.38727 -0.22498
v 0.06184 0.40424 -0.26799
v 0.00492 0.40731 -0.27370
v -0.05125 0.40535 -0.27092
v -0.15482 0.39347 -0.23793
v -0.26406 0.36785 -0.13601
v -0.28516 0.36319 -0.08691
v -0.29565 0.36004 -0.03936
v 0.32716 0.25654 -0.05168
v 0.31580 0.25590 -0.10630
v 0.28784 0.25303 -0.17386
v 0.18284 0.26280 -0.28486
v 0.06289 0.26888 -0.33379
v 0.00414 0.26860 -0.34050
v -0.05339 0.26760 -0.33704
v -0.16210 0.27015 -0.29943
v -0.29391 0.25571 -0.17372
v -0.32012 0.26037 -0.11043
v -0.33281 0.26083 -0.05179
v 0.20328 0.46703 -0.02192
v 0.20135 0.46189 -0.06905
v 0.20119 0.44773 -0.11139
v 0.21871 0.37610 -0.18830
v 0.22945 0.31867 -0.22024
v 0.23968 0.25420 -0.23906
v 0.24228 0.15443 -0.25175
v 0.21880 -0.00946 -0.22641
v 0.19218 -0.11423 -0.15495
v 0.19531 -0.14479 -0.08519
v 0.19887 -0.15289 -0.02385
v 0.11471 0.52085 -0.02213
v 0.11593 0.51192 -0.08076
v 0.11709 0.48932 -0.14081
v 0.11874 0.39718 -0.25209
v 0.11886 0.33300 -0.29236
v 0.12236 0.26520 -0.31666
v 0.11899 0.15415 -0.33233
v 0.11149 -0.02359 -0.29127
v 0.09941 -0.15319 -0.18476
v 0.09660 -0.19700 -0.09772
v 0.09639 -0.20923 -0.03469
v -0.21862 0.45915 -0.02801
v -0.21830 0.45318 -0.06777
v -0.21815 0.43785 -0.11224
v -0.23314 0.37571 -0.17859
v -0.24382 0.32544 -0.20697
v -0.25196 0.26096 -0.23058
v -0.25280 0.15450 -0.24780
v -0.23416 -0.01380 -0.21425
v -0.21065 -0.10834 -0.14710
v -0.21542 -0.13319 -0.08519
v -0.21893 -0.14091 -0.03131
v -0.09958 0.52864 -0.02693
v -0.10105 0.51914 -0.08477
v -0.10256 0.49457 -0.14780
v -0.10530 0.40047 -0.25873
v -0.10774 0.33804 -0.29696
v -0.10950 0.26845 -0.32309
v -0.10781 0.15329 -0.33856
v -0.10320 -0.02689 -0.29525
v -0.10102 -0.15595 -0.18373
v -0.10007 -0.19608 -0.10411
v -0.09951 -0.20987 -0.04064
v 0.32481 0.04857 -0.04451
v 0.31452 0.05049 -0.10075
v 0.28332 0.05637 -0.17782
v 0.23149 0.05873 -0.24589
v 0.17100 0.05616 -0.29290
v 0.11435 0.05015 -0.31918
v 0.05710 0.04904 -0.33498
v 0.00202 0.05249 -0.34142
v -0.05046 0.05003 -0.33745
v -0.10374 0.04732 -0.32445
v -0.15626 0.04592 -0.30206
v -0.24590 0.04666 -0.23340
v -0.28706 0.04676 -0.17796
v -0.31391 0.04021 -0.11479
v -0.32803 0.03929 -0.05210
v 0.27997 -0.05919 -0.02966
v 0.26927 -0.06177 -0.08410
v 0.24276 -0.06049 -0.15059
v 0.20319 -0.06849 -0.19675
v 0.15666 -0.08132 -0.22721
v 0.10666 -0.09456 -0.24557
v 0.05394 -0.10305 -0.25665
v 0.00079 -0.10552 -0.26113
v -0.05143 -0.10205 -0.25945
v -0.10184 -0.09675 -0.24876
v -0.14690 -0.08740 -0.23322
v -0.21997 -0.06758 -0.18586
v -0.25102 -0.06224 -0.14554
v -0.27199 -0.06507 -0.09051
v -0.28213 -0.06588 -0.03417
v 0.30694 0.22919 0.12481
v 0.29791 0.26882 0.12417
v 0.27834 0.31293 0.13183
v 0.30460 0.16015 0.14344
v 0.32037 0.24150 0.08058
v 0.30782 0.28652 0.08285
v 0.28791 0.33078 0.09019
v 0.32597 0.15666 0.08989
v 0.05650 0.35927 0.27746
v -0.05705 0.36403 0.27600
v 0.08359 0.35552 0.27257
v 0.10821 0.35549 0.26382
v 0.12827 0.35856 0.25295
v 0.14476 0.37489 0.23319
v 0.16897 0.39051 0.20409
v 0.20046 0.39070 0.17426
v 0.23752 0.36516 0.15254
v 0.24062 0.39541 0.10949
v -0.07862 0.36173 0.27242
v -0.09713 0.35902 0.26840
v -0.11292 0.36328 0.26006
v -0.12381 0.38649 0.23991
v -0.13847 0.39992 0.22175
v -0.16318 0.42292 0.18287
v -0.29951 0.25437 0.14294
v -0.28928 0.29863 0.13510
v -0.27604 0.33453 0.12939
v -0.23328 0.39454 0.13572
v -0.30571 0.30454 0.09046
v -0.31818 0.25788 0.09718
v -0.28847 0.34542 0.08694
v -0.24109 0.41200 0.09402
v -0.19604 0.42145 0.15207
v -0.20875 0.43918 0.10654
v -0.17410 0.45772 0.12429
v -0.13599 0.47522 0.13492
v -0.12469 0.43791 0.19377
v -0.09467 0.44835 0.19776
v -0.09887 0.48702 0.14297
v 0.20434 0.42603 0.12548
v 0.15088 0.42118 0.18921
v 0.15697 0.45634 0.13875
v 0.11202 0.47634 0.14718
v 0.10223 0.43725 0.20303
v 0.07250 0.48573 0.15562
v 0.07370 0.44850 0.20329
v 0.07913 0.40434 0.24184
v 0.10814 0.39508 0.23771
v -0.09742 0.40264 0.23909
v -0.07413 0.40939 0.24145
v -0.06900 0.45426 0.20080
v -0.06569 0.49104 0.15283
v -0.04751 0.48718 0.16454
v -0.04843 0.45821 0.20176
v -0.05224 0.41447 0.24257
v 0.05240 0.41062 0.24422
v 0.04951 0.45264 0.20612
v 0.05023 0.48410 0.16649
v 0.20467 0.45203 0.07161
v 0.24226 0.41814 0.05743
v 0.29433 0.34343 0.04203
v 0.31417 0.29862 0.03582
v 0.32874 0.25008 0.02976
v 0.33758 0.15546 0.03741
v -0.33120 0.25914 0.04455
v -0.31626 0.31027 0.03794
v -0.29605 0.35454 0.03783
v -0.24682 0.42420 0.04542
v -0.21566 0.45275 0.05733
v 0.15986 0.48270 0.08052
v 0.11134 0.50548 0.08745
v -0.09810 0.51255 0.08863
v -0.14130 0.49737 0.07975
v -0.18075 0.47700 0.06932
v -0.18508 0.48579 -0.02785
v -0.18659 0.47766 -0.07326
v -0.18806 0.45737 -0.12619
v -0.19800 0.38420 -0.21094
v -0.20403 0.33293 -0.24314
v -0.20876 0.26660 -0.26955
v -0.20938 0.15515 -0.28635
v -0.20322 0.04389 -0.27140
v -0.19517 -0.01897 -0.24830
v -0.18496 -0.07681 -0.21371
v -0.18044 -0.12543 -0.16137
v -0.18031 -0.15870 -0.09322
v -0.18239 -0.16948 -0.03388
v 0.03461 0.13593 0.33106
v 0.05081 0.11103 0.32679
v 0.08719 0.08141 0.31437
v 0.13393 0.07257 0.29567
v 0.18426 0.06834 0.26662
v 0.21652 0.06428 0.24060
v 0.24727 0.06306 0.20950
v 0.27544 0.06076 0.17153
v 0.28027 0.10630 0.17894
v 0.29832 0.06107 0.13060
v 0.30420 0.10939 0.13780
v 0.31482 0.05920 0.08636
v 0.32273 0.10912 0.09067
v 0.33510 0.10263 -0.04890
v 0.32520 0.10647 -0.10221
v 0.29167 0.11420 -0.18348
v 0.23699 0.11335 -0.25368
v 0.17484 0.11053 -0.30195
v 0.11601 0.10886 -0.33037
v 0.05695 0.10953 -0.34663
v 0.00182 0.10967 -0.35197
v -0.05181 0.10604 -0.34812
v -0.10643 0.10526 -0.33553
v -0.16126 0.10731 -0.31299
v -0.20659 0.10497 -0.28424
v -0.25172 0.10454 -0.24398
v -0.29580 0.10479 -0.18569
v -0.32481 0.09739 -0.12095
v -0.33974 0.09581 -0.05759
v -0.05818 0.13461 0.32868
v -0.07809 0.10105 0.32157
v -0.13290 0.07813 0.30022
v -0.17534 0.07183 0.27743
v -0.21061 0.07365 0.25366
v -0.24351 0.08227 0.22651
v -0.27500 0.08866 0.19151
v -0.27913 0.13639 0.19461
v -0.30702 0.14422 0.15120
v -0.30403 0.09254 0.14640
v -0.32953 0.14998 0.09938
v -0.32611 0.09736 0.09601
v -0.28139 0.17397 0.19208
v -0.30203 0.19884 0.15697
v -0.32653 0.20393 0.10115
v -0.33938 0.10058 0.04350
v -0.34332 0.15316 0.04362
v -0.34186 0.20680 -0.05654
v -0.32734 0.20640 -0.11900
v -0.29876 0.20338 -0.18284
v -0.25265 0.20436 -0.24449
v -0.20932 0.20638 -0.28313
v -0.16301 0.20707 -0.31251
v -0.10949 0.20752 -0.33516
v -0.05346 0.20760 -0.34836
v 0.00339 0.20762 -0.35199
v 0.06162 0.20774 -0.34581
v 0.12193 0.20630 -0.32841
v 0.18378 0.20554 -0.29650
v 0.24365 0.20305 -0.24712
v 0.29409 0.20052 -0.17989
v 0.32490 0.20197 -0.10700
v 0.33626 0.20404 -0.05026
v 0.33610 0.20215 0.03215
v 0.32581 0.20003 0.08348
v 0.30827 0.20228 0.13064
v 0.28616 0.21156 0.16978
v 0.26872 0.21514 0.19440
v 0.25783 0.21862 0.20736
v -0.34042 0.20619 0.04545
v 0.28483 0.14023 0.17713
v 0.32459 0.05660 0.04106
v 0.33409 0.10894 0.04129
v -0.07925 0.03776 0.30742
v 0.05793 0.03725 0.31040
v -0.07828 -0.01546 0.28730
v 0.05997 -0.01906 0.28830
v 0.06038 -0.06678 0.26131
v -0.07935 -0.06186 0.26137
v 0.06118 -0.10839 0.22914
v 0.06082 -0.14516 0.19132
v 0.06273 -0.17972 0.14044
v 0.07837 -0.20248 0.07767
v -0.08223 -0.10354 0.22912
v -0.08791 -0.14310 0.18620
v -0.09299 -0.17915 0.12885
v -0.09519 -0.20388 0.06171
v -0.32810 0.04845 0.04743
v -0.31747 0.04599 0.08802
v -0.29523 0.04116 0.13882
v -0.26589 0.04013 0.18537
v -0.23414 0.03790 0.22101
v -0.20117 0.03309 0.24793
v -0.16528 0.03238 0.27155
v -0.12442 0.03385 0.29184
v 0.09433 0.02932 0.29870
v 0.13446 0.02298 0.28073
v 0.17474 0.01738 0.25568
v 0.20945 0.01465 0.22755
v 0.24039 0.01264 0.19463
v 0.26773 0.01299 0.15709
v 0.28888 0.01662 0.11990
v 0.30225 0.01238 0.07917
v 0.30899 0.00771 0.04210
v 0.12680 -0.18337 0.08023
v 0.18570 -0.14554 0.08400
v 0.24284 -0.08565 0.09082
v 0.28775 -0.02971 0.06332
v -0.30748 0.00002 0.06651
v -0.27526 -0.06167 0.06589
v -0.24664 -0.10271 0.05883
v -0.20808 -0.13002 0.08999
v -0.17779 -0.16516 0.05594
v -0.14051 -0.18566 0.06095
v -0.11896 -0.01173 0.27579
v -0.11845 -0.05227 0.25359
v -0.12874 -0.08715 0.22308
v -0.13798 -0.12557 0.17901
v -0.14513 -0.16179 0.11784
v 0.09503 -0.02066 0.27787
v 0.09521 -0.06281 0.25340
v 0.10117 -0.09849 0.22362
v 0.10475 -0.12634 0.19445
v 0.11469 -0.15981 0.14328
v -0.15657 -0.00768 0.25957
v -0.18957 -0.00958 0.23695
v -0.22098 -0.00351 0.21344
v -0.25056 -0.00641 0.17829
v -0.28035 -0.00967 0.12793
v 0.12949 -0.02382 0.26204
v 0.16265 -0.03389 0.23720
v 0.19767 -0.03259 0.21064
v 0.22784 -0.03585 0.17621
v 0.25752 -0.03280 0.13509
v 0.27978 -0.01645 0.10729
v 0.16428 -0.12446 0.15211
v -0.19032 -0.09610 0.16769
v 0.14160 -0.08849 0.21029
v -0.17496 -0.05622 0.21798
v -0.15074 -0.03965 0.24522
v 0.12289 -0.05966 0.24352
v 0.18374 -0.06956 0.19427
v 0.20729 -0.08200 0.15659
v -0.20792 -0.03769 0.20371
v -0.22724 -0.05258 0.17051
v -0.25208 -0.06533 0.11834
v -0.24823 0.40225 -0.11704
v -0.26435 0.40049 -0.07275
v -0.27224 0.39829 -0.03359
v -0.27329 0.39149 0.03970
v -0.26700 0.38087 0.08813
v -0.25732 0.36700 0.12912
v -0.24778 0.35240 0.15956
v -0.23725 0.34279 0.18145
v -0.22085 0.34185 0.20050
v -0.20200 0.33779 0.22088
v -0.18305 0.32959 0.24048
v -0.16376 0.31882 0.25856
v -0.14515 0.30709 0.27393
v -0.12605 0.29480 0.28738
v -0.10648 0.28301 0.29869
v -0.08479 0.27291 0.30812
v -0.05928 0.26302 0.31621
v -0.03898 0.26410 0.31877
v -0.00610 0.26213 0.32118
v 0.02905 0.26179 0.31969
v 0.04532 0.25507 0.31931
v 0.07349 0.25664 0.31353
v 0.09841 0.26322 0.30491
v 0.12212 0.27031 0.29426
v 0.14828 0.27737 0.27991
v 0.17512 0.28346 0.26207
v 0.20015 0.28856 0.24189
v 0.22213 0.28961 0.22199
v 0.24410 0.28740 0.19955
v 0.25029 0.29258 0.18935
v 0.25653 0.31242 0.16892
v 0.26185 0.33959 0.13836
v 0.26738 0.36397 0.09764
v 0.27075 0.38286 0.04780
v 0.26561 0.39821 -0.03349
v 0.25573 0.40183 -0.07647
v 0.23792 0.40574 -0.11885
v 0.20765 0.41849 -0.15293
v 0.16703 0.43510 -0.17987
v 0.11704 0.44936 -0.20227
v 0.06300 0.46003 -0.21504
v 0.00613 0.46396 -0.22085
v -0.05003 0.46054 -0.21981
v -0.10317 0.45144 -0.21135
v -0.15106 0.43928 -0.19499
v -0.19167 0.42487 -0.17381
v -0.22401 0.41135 -0.14844
v -0.25256 0.29189 0.19519
v -0.24113 0.31832 0.19374
v -0.22706 0.32498 0.20509
v -0.21204 0.32101 0.22191
v -0.19341 0.31381 0.24102
v -0.17487 0.30357 0.25859
v -0.15826 0.29449 0.27210
v -0.13790 0.28264 0.28649
v -0.12138 0.27182 0.29677
v -0.10428 0.26029 0.30594
v -0.08098 0.24706 0.31552
v -0.08005 0.23859 0.31748
v -0.08494 0.20245 0.32169
v -0.11076 0.17198 0.31637
v -0.13862 0.15611 0.30607
v -0.16706 0.14765 0.29219
v -0.19296 0.14739 0.27667
v -0.21719 0.15433 0.25927
v -0.23736 0.17152 0.24176
v -0.25075 0.20227 0.22576
v -0.25672 0.23181 0.21330
v -0.25817 0.26076 0.20238
v 0.06605 0.23481 0.31981
v 0.06441 0.23093 0.32084
v 0.06869 0.20157 0.32398
v 0.07671 0.17901 0.32385
v 0.09440 0.15655 0.31959
v 0.11697 0.14038 0.31164
v 0.15311 0.13208 0.29523
v 0.18455 0.13435 0.27714
v 0.21058 0.14021 0.25872
v 0.23227 0.15172 0.24043
v 0.24820 0.17389 0.22416
v 0.26070 0.19905 0.20748
v 0.26172 0.21741 0.20288
v 0.26156 0.23010 0.19999
v 0.25491 0.25218 0.20137
v 0.24678 0.26484 0.20631
v 0.22519 0.27683 0.22445
v 0.20729 0.27785 0.24023
v 0.18191 0.27270 0.26129
v 0.15650 0.26559 0.27913
v 0.13223 0.25874 0.29312
v 0.10869 0.25151 0.30434
v 0.08666 0.24246 0.31330
v -0.17954 0.17022 0.28509
v -0.14449 0.17853 0.30302
v -0.12493 0.19368 0.31008
v -0.10958 0.21187 0.31353
v -0.09636 0.24024 0.31290
v -0.09656 0.25008 0.31074
v -0.11232 0.26379 0.30234
v -0.12822 0.27643 0.29266
v -0.14702 0.28858 0.28013
v -0.16490 0.29923 0.26648
v -0.18122 0.30989 0.25161
v -0.19584 0.32106 0.23546
v -0.21157 0.32620 0.21938
v -0.22414 0.32213 0.20978
v -0.23455 0.31365 0.20391
v -0.24330 0.29795 0.20287
v -0.24901 0.27676 0.20651
v -0.25254 0.24667 0.21374
v -0.25024 0.20900 0.22523
v -0.24225 0.18729 0.23609
v -0.23102 0.17578 0.24731
v -0.21232 0.16863 0.26296
v 0.11261 0.24383 0.30465
v 0.12080 0.24913 0.30032
v 0.10624 0.23110 0.30942
v 0.10729 0.20281 0.31314
v 0.11335 0.18529 0.31252
v 0.12661 0.16991 0.30814
v 0.14612 0.15773 0.29963
v 0.17427 0.15570 0.28440
v 0.20069 0.15833 0.26679
v 0.22133 0.16571 0.25028
v 0.23698 0.17684 0.23549
v 0.24835 0.19264 0.22245
v 0.25471 0.21441 0.21192
v 0.25504 0.22494 0.20922
v 0.25316 0.23860 0.20781
v 0.24846 0.25090 0.20941
v 0.24048 0.26051 0.21497
v 0.22746 0.26602 0.22635
v 0.21016 0.26630 0.24196
v 0.19140 0.26290 0.25777
v 0.17022 0.25866 0.27314
v 0.15097 0.25502 0.28503
v 0.13380 0.25208 0.29410
v -0.17300 0.16547 0.28901
v -0.14370 0.17436 0.30356
v -0.12243 0.19012 0.31131
v -0.10493 0.20818 0.31548
v -0.09127 0.23923 0.31452
v -0.09110 0.24794 0.31275
v -0.10843 0.26338 0.30378
v -0.12450 0.27501 0.29460
v -0.14173 0.28585 0.28363
v -0.16141 0.29694 0.26939
v -0.17735 0.30626 0.25582
v -0.19498 0.31616 0.23865
v -0.21134 0.32511 0.22022
v -0.22353 0.32948 0.20592
v -0.23666 0.31593 0.20027
v -0.24534 0.29466 0.20226
v -0.24978 0.26803 0.20926
v -0.25187 0.23907 0.21673
v -0.24863 0.20761 0.22713
v -0.23729 0.18278 0.24117
v -0.22142 0.16872 0.25576
v -0.20002 0.16296 0.27204
v 0.09158 0.24270 0.31184
v 0.10350 0.24813 0.30691
v 0.12134 0.25319 0.29915
v 0.14225 0.25852 0.28850
v 0.16335 0.26338 0.27590
v 0.18680 0.26891 0.25915
v 0.20875 0.27235 0.24103
v 0.22695 0.27095 0.22502
v 0.24378 0.26069 0.21128
v 0.25055 0.24973 0.20740
v 0.25507 0.23402 0.20685
v 0.25605 0.22171 0.20879
v 0.25502 0.20850 0.21267
v 0.24636 0.18470 0.22538
v 0.23353 0.16759 0.23920
v 0.21529 0.15569 0.25542
v 0.19246 0.14706 0.27247
v 0.16377 0.14342 0.29017
v 0.13188 0.14975 0.30600
v 0.11180 0.16327 0.31392
v 0.09617 0.18063 0.31850
v 0.08583 0.20255 0.31972
v 0.08534 0.23354 0.31540
v 0.10541 0.22024 0.31150
v 0.08304 0.22045 0.31818
v 0.07254 0.21892 0.32099
v 0.06518 0.21925 0.32254
v 0.05287 0.21755 0.32508
v 0.02638 0.21047 0.32937
v -0.00770 0.20747 0.33099
v -0.04163 0.20971 0.32861
v -0.06661 0.21920 0.32359
v -0.08104 0.22300 0.31996
v -0.08864 0.22513 0.31774
v -0.09437 0.22711 0.31588
v -0.10019 0.22810 0.31403
v -0.04836 0.53744 0.03693
v -0.09861 0.52651 0.03073
v -0.14383 0.50868 0.02476
v -0.18362 0.48568 0.01923
v -0.21820 0.45893 0.01382
v -0.24835 0.42896 0.00821
v -0.27484 0.39549 0.00328
v -0.29848 0.35706 0.00016
v -0.31937 0.31155 -0.00139
v -0.33541 0.26010 -0.00029
v -0.34484 0.20675 -0.00063
v -0.34745 0.15237 -0.00046
v -0.34313 0.09776 0.00009
v -0.33136 0.04296 0.00502
v -0.31151 -0.01087 0.01430
v -0.28305 -0.06379 0.01756
v -0.25188 -0.10609 0.01805
v -0.21780 -0.14035 0.02390
v -0.18146 -0.16984 0.01572
v -0.14218 -0.19295 0.01402
v -0.09812 -0.21091 0.01322
v -0.05155 -0.22194 0.01438
v -0.00471 -0.22557 0.01652
v 0.04219 -0.22188 0.01961
v 0.09082 -0.21011 0.02336
v 0.14201 -0.18801 0.02815
v 0.19582 -0.15214 0.03155
v 0.24605 -0.10266 0.03212
v 0.28460 -0.04972 0.02016
v 0.30965 -0.00050 0.00745
v 0.32706 0.05140 0.00240
v 0.33729 0.10417 0.00050
v 0.34083 0.15418 -0.00283
v 0.33854 0.20383 -0.00457
v 0.33017 0.25447 -0.00664
v 0.31536 0.30456 -0.00412
v 0.29496 0.35090 0.00167
v 0.27006 0.39219 0.00898
v 0.24052 0.42920 0.01778
v 0.20448 0.46359 0.02566
v 0.16177 0.49411 0.03031
v 0.11335 0.51816 0.03420
v 0.05966 0.53393 0.03864
v 0.00523 0.54062 0.03718
vt 0.345470 0.981833
vt 0.519746 0.967278
vt 0.582194 0.968693
vt 0.582147 0.989866
vt 0.544532 0.926477
vt 0.553595 0.906213
vt 0.585072 0.906612
vt 0.584021 0.926273
vt 0.609206 0.900225
vt 0.614907 0.916439
vt 0.630086 0.953851
vt 0.217582 0.967664
vt 0.282960 0.875884
vt 0.288171 0.892307
vt 0.263945 0.888993
vt 0.263368 0.875745
vt 0.305490 0.927203
vt 0.317195 0.945190
vt 0.267138 0.941653
vt 0.265507 0.922389
vt 0.228065 0.927319
vt 0.234803 0.910568
vt 0.244936 0.882610
vt 0.249492 0.874341
vt 0.231293 0.871892
vt 0.242913 0.865458
vt 0.200538 0.909079
vt 0.211433 0.894634
vt 0.173908 0.847297
vt 0.155865 0.853202
vt 0.142866 0.818814
vt 0.161958 0.816323
vt 0.225210 0.829825
vt 0.206488 0.834926
vt 0.197043 0.808331
vt 0.217943 0.803820
vt 0.664218 0.932923
vt 0.178905 0.944770
vt 0.628149 0.887111
vt 0.639561 0.900530
vt 0.679671 0.850971
vt 0.658274 0.843242
vt 0.666624 0.815859
vt 0.689776 0.821609
vt 0.118552 0.872457
vt 0.720148 0.867880
vt 0.733494 0.831277
vt 0.101988 0.829409
vt 0.095356 0.762072
vt 0.742053 0.771077
vt 0.740509 0.747255
vt 0.098570 0.735548
vt 0.697215 0.773703
vt 0.671607 0.774934
vt 0.672145 0.758056
vt 0.697151 0.754181
vt 0.679370 0.698115
vt 0.658530 0.706603
vt 0.643779 0.680669
vt 0.658030 0.667831
vt 0.731700 0.662880
vt 0.713367 0.674072
vt 0.681511 0.635690
vt 0.167223 0.610316
vt 0.215244 0.766497
vt 0.191182 0.765771
vt 0.193938 0.746027
vt 0.215813 0.748653
vt 0.155844 0.764675
vt 0.136234 0.762925
vt 0.138523 0.739638
vt 0.157723 0.743202
vt 0.178999 0.684351
vt 0.163243 0.675535
vt 0.191490 0.642188
vt 0.202200 0.655432
vt 0.228485 0.702867
vt 0.208967 0.698246
vt 0.222969 0.675619
vt 0.237918 0.682231
vt 0.247038 0.668222
vt 0.242146 0.658537
vt 0.270889 0.651367
vt 0.267072 0.666906
vt 0.235026 0.632489
vt 0.231163 0.616005
vt 0.279012 0.600572
vt 0.275508 0.619191
vt 0.329722 0.601028
vt 0.316726 0.617756
vt 0.303303 0.651287
vt 0.294892 0.668096
vt 0.219863 0.575727
vt 0.637341 0.604052
vt 0.578574 0.586584
vt 0.576846 0.565599
vt 0.629349 0.643418
vt 0.622688 0.660981
vt 0.589605 0.650878
vt 0.585812 0.628547
vt 0.553806 0.651362
vt 0.540602 0.626341
vt 0.515321 0.587462
vt 0.504921 0.569586
vt 0.577175 0.699986
vt 0.601200 0.693860
vt 0.608732 0.716360
vt 0.585705 0.720396
vt 0.625417 0.689838
vt 0.634176 0.712516
vt 0.616586 0.759394
vt 0.644170 0.760640
vt 0.644149 0.775287
vt 0.616692 0.776290
vt 0.590418 0.760725
vt 0.593274 0.777367
vt 0.593194 0.813190
vt 0.615121 0.813594
vt 0.610867 0.836058
vt 0.589227 0.833419
vt 0.640568 0.813998
vt 0.634169 0.838877
vt 0.595940 0.873623
vt 0.614126 0.877894
vt 0.604750 0.889040
vt 0.588890 0.889102
vt 0.575408 0.869595
vt 0.566335 0.886462
vt 0.259861 0.684812
vt 0.252426 0.705894
vt 0.285872 0.687762
vt 0.277181 0.709248
vt 0.242521 0.748654
vt 0.267600 0.750170
vt 0.266412 0.768388
vt 0.241632 0.767100
vt 0.243172 0.802072
vt 0.247244 0.827006
vt 0.266961 0.805393
vt 0.268440 0.826469
vt 0.259091 0.863069
vt 0.277588 0.860947
vt 0.341061 0.830716
vt 0.336465 0.818196
vt 0.339783 0.818005
vt 0.344018 0.828682
vt 0.338945 0.805770
vt 0.335189 0.805617
vt 0.337550 0.793828
vt 0.341419 0.794782
vt 0.346222 0.784225
vt 0.343755 0.781705
vt 0.353624 0.773803
vt 0.351579 0.769414
vt 0.362440 0.767958
vt 0.361321 0.762697
vt 0.372241 0.765964
vt 0.371729 0.761102
vt 0.381955 0.767208
vt 0.382442 0.762001
vt 0.391657 0.771732
vt 0.392759 0.766375
vt 0.400179 0.778658
vt 0.402977 0.773456
vt 0.407276 0.790328
vt 0.411627 0.789822
vt 0.411820 0.797293
vt 0.408069 0.797561
vt 0.350304 0.832949
vt 0.349484 0.836716
vt 0.359092 0.838782
vt 0.358236 0.835372
vt 0.367580 0.834612
vt 0.368238 0.837675
vt 0.376073 0.832738
vt 0.376565 0.835740
vt 0.384012 0.832499
vt 0.382837 0.829567
vt 0.390348 0.824466
vt 0.391431 0.827173
vt 0.395815 0.819075
vt 0.397421 0.821919
vt 0.401145 0.813564
vt 0.403494 0.816606
vt 0.407481 0.806337
vt 0.411025 0.808053
vt 0.342397 0.841247
vt 0.350706 0.843571
vt 0.351267 0.851714
vt 0.344072 0.848463
vt 0.331924 0.831136
vt 0.330409 0.819297
vt 0.361769 0.853324
vt 0.360253 0.844912
vt 0.369707 0.843828
vt 0.372386 0.851436
vt 0.378669 0.841262
vt 0.381104 0.847336
vt 0.386477 0.837378
vt 0.388744 0.842767
vt 0.393677 0.832363
vt 0.396104 0.837765
vt 0.400370 0.826874
vt 0.402991 0.832190
vt 0.406844 0.821177
vt 0.409254 0.826371
vt 0.413641 0.815589
vt 0.415201 0.821034
vt 0.419084 0.815052
vt 0.420976 0.820773
vt 0.417719 0.784843
vt 0.418505 0.795193
vt 0.427633 0.785607
vt 0.427433 0.795104
vt 0.436814 0.786256
vt 0.436439 0.796159
vt 0.443769 0.798091
vt 0.444478 0.791506
vt 0.339777 0.853663
vt 0.349655 0.861543
vt 0.363325 0.863602
vt 0.376388 0.859421
vt 0.383818 0.852424
vt 0.390678 0.848138
vt 0.398255 0.843155
vt 0.405289 0.836529
vt 0.411735 0.831570
vt 0.416875 0.828816
vt 0.420627 0.829015
vt 0.334615 0.843935
vt 0.449946 0.792088
vt 0.449428 0.797125
vt 0.447160 0.797925
vt 0.447620 0.791950
vt 0.452003 0.784623
vt 0.449795 0.784363
vt 0.454966 0.776280
vt 0.456702 0.777894
vt 0.462107 0.770044
vt 0.463011 0.772133
vt 0.474463 0.767590
vt 0.474139 0.765513
vt 0.485086 0.766200
vt 0.484929 0.768450
vt 0.494953 0.768220
vt 0.494400 0.770667
vt 0.503614 0.772767
vt 0.502891 0.774891
vt 0.508419 0.782155
vt 0.510158 0.781078
vt 0.513766 0.791934
vt 0.515727 0.791140
vt 0.516383 0.798116
vt 0.514352 0.798194
vt 0.516626 0.803040
vt 0.514584 0.811558
vt 0.512939 0.809749
vt 0.514413 0.802640
vt 0.502358 0.819334
vt 0.510947 0.814724
vt 0.511525 0.816837
vt 0.502298 0.821539
vt 0.452884 0.810357
vt 0.447555 0.804045
vt 0.450448 0.802943
vt 0.454147 0.808767
vt 0.460617 0.813667
vt 0.459563 0.815321
vt 0.467000 0.819259
vt 0.468224 0.817650
vt 0.475838 0.819464
vt 0.475229 0.821512
vt 0.485004 0.821241
vt 0.484527 0.823446
vt 0.494551 0.821028
vt 0.494736 0.823417
vt 0.447354 0.801917
vt 0.449816 0.800604
vt 0.443441 0.807396
vt 0.439367 0.808592
vt 0.437457 0.803151
vt 0.443557 0.804450
vt 0.427559 0.802488
vt 0.427741 0.807291
vt 0.417391 0.802945
vt 0.415928 0.807350
vt 0.411372 0.804141
vt 0.407877 0.803114
vt 0.409780 0.770102
vt 0.329352 0.802806
vt 0.332187 0.789679
vt 0.340720 0.774261
vt 0.350001 0.761264
vt 0.361771 0.754037
vt 0.373210 0.753305
vt 0.387063 0.755328
vt 0.395341 0.758567
vt 0.440458 0.779455
vt 0.446353 0.783833
vt 0.452383 0.773618
vt 0.447552 0.766856
vt 0.460755 0.766704
vt 0.458176 0.758916
vt 0.436799 0.814895
vt 0.441468 0.815009
vt 0.440876 0.821979
vt 0.435332 0.819676
vt 0.449027 0.819182
vt 0.447615 0.826027
vt 0.456360 0.823564
vt 0.454929 0.829680
vt 0.463951 0.827385
vt 0.462434 0.833109
vt 0.472888 0.830348
vt 0.471451 0.836272
vt 0.481345 0.838533
vt 0.482771 0.831551
vt 0.492910 0.831891
vt 0.491681 0.838936
vt 0.502337 0.830460
vt 0.502161 0.837842
vt 0.512543 0.831752
vt 0.512341 0.827079
vt 0.436076 0.828615
vt 0.441300 0.828995
vt 0.446422 0.832483
vt 0.454097 0.834911
vt 0.461557 0.839828
vt 0.470393 0.842831
vt 0.479851 0.845462
vt 0.490195 0.847130
vt 0.500380 0.849455
vt 0.514782 0.842948
vt 0.473643 0.762265
vt 0.471758 0.754826
vt 0.486201 0.754516
vt 0.485301 0.762745
vt 0.495808 0.764280
vt 0.497490 0.756070
vt 0.511176 0.761904
vt 0.504707 0.769400
vt 0.518189 0.775248
vt 0.512831 0.779235
vt 0.427680 0.814667
vt 0.427619 0.819957
vt 0.427809 0.829986
vt 0.419082 0.842814
vt 0.427540 0.842540
vt 0.435240 0.843455
vt 0.427482 0.860944
vt 0.419466 0.860249
vt 0.435968 0.859679
vt 0.427191 0.880832
vt 0.418590 0.880523
vt 0.436402 0.879958
vt 0.426620 0.902481
vt 0.416206 0.901272
vt 0.437277 0.900872
vt 0.426805 0.927008
vt 0.411867 0.922525
vt 0.441996 0.922676
vt 0.427348 0.957616
vt 0.393687 0.942886
vt 0.461440 0.943049
vt 0.332623 0.963832
vt 0.534689 0.945972
vt 0.583692 0.947163
vt 0.622212 0.934723
vt 0.651622 0.916074
vt 0.700243 0.859064
vt 0.712446 0.825664
vt 0.719301 0.750310
vt 0.720288 0.772214
vt 0.669665 0.652256
vt 0.696079 0.686634
vt 0.633535 0.623980
vt 0.581584 0.606959
vt 0.528246 0.606059
vt 0.269807 0.962885
vt 0.222288 0.946399
vt 0.189533 0.925643
vt 0.122967 0.822760
vt 0.136949 0.860651
vt 0.119163 0.737027
vt 0.116458 0.761586
vt 0.179143 0.627503
vt 0.146330 0.666034
vt 0.283931 0.580703
vt 0.225990 0.596842
vt 0.344548 0.583874
vt 0.428440 0.775039
vt 0.435833 0.775093
vt 0.420746 0.775391
vt 0.428542 0.755604
vt 0.435934 0.755729
vt 0.420849 0.756066
vt 0.428400 0.735336
vt 0.437291 0.735552
vt 0.418949 0.735472
vt 0.428437 0.715060
vt 0.438301 0.715108
vt 0.418000 0.715199
vt 0.428490 0.694770
vt 0.439265 0.694921
vt 0.417513 0.695052
vt 0.428813 0.674032
vt 0.440130 0.674766
vt 0.417145 0.674657
vt 0.429338 0.652755
vt 0.441533 0.654115
vt 0.415203 0.652995
vt 0.429823 0.626512
vt 0.445978 0.630430
vt 0.410102 0.627407
vt 0.431680 0.594706
vt 0.460981 0.604446
vt 0.397309 0.602528
vt 0.515942 0.828383
vt 0.521865 0.835212
vt 0.520706 0.823638
vt 0.517249 0.814473
vt 0.528194 0.814774
vt 0.525815 0.828029
vt 0.520155 0.803490
vt 0.528956 0.802784
vt 0.528095 0.789367
vt 0.528604 0.797347
vt 0.519631 0.797855
vt 0.518769 0.789624
vt 0.603909 0.856401
vt 0.583062 0.852439
vt 0.624862 0.861013
vt 0.661152 0.878517
vt 0.644193 0.868548
vt 0.694500 0.904431
vt 0.677998 0.890737
vt 0.145619 0.913350
vt 0.161101 0.897788
vt 0.190994 0.873543
vt 0.176252 0.884654
vt 0.234566 0.850696
vt 0.218667 0.856452
vt 0.253109 0.847227
vt 0.272508 0.845185
vt 0.616470 0.793422
vt 0.594246 0.794208
vt 0.643241 0.793650
vt 0.694949 0.796220
vt 0.669936 0.794768
vt 0.740362 0.799105
vt 0.718289 0.797273
vt 0.762589 0.800467
vt 0.117339 0.790811
vt 0.156582 0.787876
vt 0.137393 0.789178
vt 0.215431 0.784440
vt 0.191884 0.785613
vt 0.241675 0.784726
vt 0.266033 0.786363
vt 0.617468 0.673385
vt 0.593952 0.672423
vt 0.565546 0.676728
vt 0.296441 0.910409
vt 0.264821 0.905182
vt 0.240427 0.895490
vt 0.221580 0.882041
vt 0.204900 0.863862
vt 0.190452 0.841076
vt 0.179281 0.812398
vt 0.173954 0.786868
vt 0.173324 0.765302
vt 0.175059 0.744200
vt 0.194076 0.691598
vt 0.212001 0.666480
vt 0.238978 0.646703
vt 0.272613 0.635812
vt 0.307325 0.634164
vt 0.614093 0.738717
vt 0.590465 0.740626
vt 0.640900 0.738207
vt 0.668176 0.735510
vt 0.692506 0.729991
vt 0.712522 0.722017
vt 0.732709 0.715383
vt 0.106784 0.701825
vt 0.126204 0.707187
vt 0.145278 0.711424
vt 0.164072 0.715520
vt 0.199507 0.722895
vt 0.182082 0.718517
vt 0.220311 0.726510
vt 0.246099 0.727753
vt 0.270617 0.730006
vt 0.543120 0.803902
vt 0.541164 0.817997
vt 0.535040 0.834549
vt 0.538974 0.779893
vt 0.542248 0.794513
vt 0.557171 0.808321
vt 0.553881 0.824517
vt 0.547441 0.841940
vt 0.557672 0.793826
vt 0.556343 0.778894
vt 0.569716 0.830055
vt 0.573929 0.811575
vt 0.445117 0.856246
vt 0.412295 0.856600
vt 0.453619 0.856011
vt 0.462163 0.856743
vt 0.469735 0.858300
vt 0.477630 0.864414
vt 0.489916 0.869756
vt 0.505300 0.868461
vt 0.520313 0.856245
vt 0.529704 0.845242
vt 0.540970 0.854741
vt 0.531152 0.868212
vt 0.563880 0.847411
vt 0.556451 0.863067
vt 0.546504 0.878301
vt 0.405647 0.856135
vt 0.399678 0.855437
vt 0.393787 0.857389
vt 0.387291 0.866626
vt 0.379455 0.871472
vt 0.363964 0.879617
vt 0.318866 0.821201
vt 0.318288 0.804739
vt 0.320607 0.835310
vt 0.324787 0.849073
vt 0.332437 0.861833
vt 0.304389 0.823012
vt 0.303754 0.805817
vt 0.306979 0.838993
vt 0.311886 0.853908
vt 0.319761 0.868178
vt 0.295887 0.858072
vt 0.302835 0.873167
vt 0.287826 0.824886
vt 0.291013 0.842587
vt 0.287556 0.805992
vt 0.574849 0.794433
vt 0.573378 0.778295
vt 0.346853 0.875997
vt 0.331795 0.882223
vt 0.312082 0.888041
vt 0.347110 0.894164
vt 0.379336 0.888022
vt 0.362887 0.905393
vt 0.390801 0.893780
vt 0.379544 0.914068
vt 0.400805 0.897222
vt 0.395704 0.917898
vt 0.516750 0.882543
vt 0.498071 0.898904
vt 0.486268 0.883053
vt 0.479144 0.911552
vt 0.466887 0.890969
vt 0.460808 0.917312
vt 0.456103 0.896301
vt 0.446637 0.898119
vt 0.449765 0.916170
vt 0.445592 0.877936
vt 0.464867 0.872519
vt 0.454749 0.875839
vt 0.395691 0.873317
vt 0.403632 0.876222
vt 0.408698 0.899608
vt 0.410971 0.878470
vt 0.405299 0.916203
vt 0.531854 0.895485
vt 0.515197 0.914306
vt 0.495290 0.931061
vt 0.360434 0.932967
vt 0.340114 0.919418
vt 0.325059 0.904490
vt 0.438795 0.770890
vt 0.443388 0.762109
vt 0.454279 0.751012
vt 0.469284 0.746768
vt 0.487199 0.745275
vt 0.499953 0.744639
vt 0.513187 0.745234
vt 0.526658 0.760840
vt 0.527249 0.745298
vt 0.541287 0.745767
vt 0.540661 0.762537
vt 0.555561 0.745038
vt 0.555761 0.762524
vt 0.570405 0.743730
vt 0.571265 0.762196
vt 0.414269 0.769363
vt 0.408543 0.757358
vt 0.391746 0.747276
vt 0.377093 0.743638
vt 0.363865 0.743478
vt 0.350572 0.746054
vt 0.334989 0.763678
vt 0.336173 0.748113
vt 0.320058 0.749271
vt 0.319536 0.766484
vt 0.302935 0.768319
vt 0.303510 0.750503
vt 0.287337 0.751030
vt 0.285977 0.769017
vt 0.333279 0.776103
vt 0.321153 0.785010
vt 0.303382 0.786790
vt 0.286411 0.787337
vt 0.527765 0.772446
vt 0.407317 0.735102
vt 0.446694 0.736323
vt 0.406606 0.715394
vt 0.448908 0.715413
vt 0.450940 0.696243
vt 0.404966 0.696845
vt 0.453611 0.677388
vt 0.456720 0.658107
vt 0.463435 0.636110
vt 0.484639 0.617436
vt 0.402107 0.677950
vt 0.396642 0.657360
vt 0.387197 0.634441
vt 0.369526 0.614222
vt 0.291329 0.733084
vt 0.304176 0.732922
vt 0.321098 0.731817
vt 0.337916 0.732013
vt 0.352594 0.731494
vt 0.365920 0.730226
vt 0.379276 0.730679
vt 0.393214 0.732274
vt 0.457973 0.732939
vt 0.471428 0.730195
vt 0.486237 0.728293
vt 0.500212 0.727855
vt 0.514197 0.727802
vt 0.528496 0.728380
vt 0.541812 0.729803
vt 0.554969 0.727983
vt 0.566591 0.725785
vt 0.504451 0.635153
vt 0.523679 0.658487
vt 0.537833 0.688719
vt 0.556145 0.711668
vt 0.300903 0.716128
vt 0.308550 0.691930
vt 0.314928 0.673136
vt 0.334745 0.661719
vt 0.332873 0.639764
vt 0.348522 0.628096
vt 0.393476 0.715838
vt 0.391833 0.700048
vt 0.385600 0.684952
vt 0.377021 0.666370
vt 0.363498 0.645762
vt 0.460281 0.714665
vt 0.462734 0.697993
vt 0.467844 0.682569
vt 0.472673 0.668902
vt 0.484440 0.650008
vt 0.380577 0.716542
vt 0.367925 0.715210
vt 0.355349 0.717108
vt 0.341014 0.715659
vt 0.322881 0.713636
vt 0.472305 0.713346
vt 0.485456 0.709610
vt 0.499719 0.710577
vt 0.514329 0.709683
vt 0.530756 0.711056
vt 0.542758 0.717358
vt 0.500196 0.670467
vt 0.357328 0.679836
vt 0.482869 0.687286
vt 0.369868 0.697358
vt 0.380800 0.704427
vt 0.472514 0.699388
vt 0.498522 0.695683
vt 0.512587 0.690454
vt 0.357699 0.704351
vt 0.346445 0.698258
vt 0.328674 0.692121
vt 0.450590 0.812600
vt 0.458029 0.818008
vt 0.465143 0.821819
vt 0.474270 0.824717
vt 0.483703 0.826905
vt 0.494836 0.827186
vt 0.501953 0.825104
vt 0.512410 0.820265
vt 0.341550 0.817735
vt 0.345562 0.827491
vt 0.350959 0.831076
vt 0.357874 0.833566
vt 0.367271 0.832933
vt 0.375844 0.831100
vt 0.382177 0.827976
vt 0.389731 0.823019
vt 0.394930 0.817603
vt 0.399797 0.812215
vt 0.405486 0.805668
vt 0.406029 0.802503
vt 0.403752 0.789956
vt 0.406125 0.797579
vt 0.398017 0.781752
vt 0.391014 0.774588
vt 0.381648 0.770069
vt 0.372545 0.768575
vt 0.363119 0.770751
vt 0.354635 0.776124
vt 0.347555 0.785658
vt 0.343551 0.795330
vt 0.340993 0.805754
vt 0.388112 0.786228
vt 0.379848 0.784498
vt 0.381026 0.775822
vt 0.389891 0.779561
vt 0.392710 0.789362
vt 0.395773 0.785094
vt 0.396564 0.793097
vt 0.400222 0.791025
vt 0.403163 0.797120
vt 0.398904 0.796538
vt 0.403595 0.801176
vt 0.403255 0.804089
vt 0.399892 0.802133
vt 0.399858 0.799541
vt 0.398570 0.810658
vt 0.396425 0.808357
vt 0.391875 0.813654
vt 0.393749 0.816010
vt 0.385610 0.817341
vt 0.388127 0.820729
vt 0.379052 0.820443
vt 0.380964 0.824964
vt 0.374477 0.827828
vt 0.372385 0.822816
vt 0.366635 0.828949
vt 0.365549 0.823123
vt 0.358449 0.829257
vt 0.359135 0.822443
vt 0.352802 0.827204
vt 0.355018 0.820983
vt 0.347837 0.823590
vt 0.352209 0.818533
vt 0.345274 0.816321
vt 0.350845 0.814102
vt 0.345030 0.806886
vt 0.351328 0.808020
vt 0.353376 0.799985
vt 0.347211 0.797231
vt 0.357418 0.791407
vt 0.351370 0.787769
vt 0.357404 0.780702
vt 0.361658 0.787462
vt 0.363850 0.776625
vt 0.365705 0.785412
vt 0.371804 0.774797
vt 0.371388 0.784218
vt 0.456501 0.802554
vt 0.459444 0.806537
vt 0.455209 0.799184
vt 0.454752 0.791972
vt 0.454494 0.796128
vt 0.456611 0.785995
vt 0.460975 0.781018
vt 0.466877 0.776658
vt 0.476713 0.774044
vt 0.486042 0.774903
vt 0.494279 0.777029
vt 0.501509 0.780621
vt 0.506588 0.786487
vt 0.510350 0.794594
vt 0.510928 0.798942
vt 0.510871 0.802855
vt 0.509400 0.807687
vt 0.507378 0.811311
vt 0.500725 0.814271
vt 0.493722 0.815300
vt 0.485646 0.815021
vt 0.477564 0.813558
vt 0.470803 0.812046
vt 0.464533 0.809489
vt 0.462902 0.800709
vt 0.465360 0.803410
vt 0.468755 0.804776
vt 0.473547 0.805911
vt 0.479365 0.807104
vt 0.486256 0.808223
vt 0.492779 0.808951
vt 0.498878 0.808931
vt 0.503240 0.807823
vt 0.505685 0.805777
vt 0.506917 0.802901
vt 0.507073 0.799504
vt 0.506486 0.796842
vt 0.504136 0.790725
vt 0.499650 0.786508
vt 0.493831 0.783755
vt 0.487065 0.781855
vt 0.479104 0.781105
vt 0.471082 0.781780
vt 0.465483 0.785086
vt 0.461857 0.788593
vt 0.460223 0.791885
vt 0.460059 0.795046
vt 0.460709 0.797248
vt 0.677472 0.950708
vt 0.711064 0.919234
vt 0.095805 0.793231
vt 0.763475 0.769628
vt 0.760867 0.743633
vt 0.694848 0.617998
vt 0.129357 0.654439
vt 0.753339 0.710411
vt 0.756106 0.836514
vt 0.738392 0.878809
vt 0.360282 0.567222
vt 0.508838 0.986943
vt 0.288068 0.559491
vt 0.642658 0.584566
vt 0.638433 0.973752
vt 0.273341 0.984120
vt 0.358675 0.954895
vt 0.335642 0.939975
vt 0.320262 0.923882
vt 0.308650 0.907884
vt 0.298372 0.890487
vt 0.291439 0.874725
vt 0.285395 0.859720
vt 0.280403 0.844077
vt 0.276711 0.825794
vt 0.275747 0.805649
vt 0.274726 0.786779
vt 0.274759 0.768656
vt 0.276020 0.750537
vt 0.279453 0.731319
vt 0.287302 0.712183
vt 0.295547 0.689540
vt 0.303440 0.670246
vt 0.316717 0.655738
vt 0.318224 0.636553
vt 0.330291 0.622168
vt 0.346703 0.606657
vt 0.367057 0.591833
vt 0.473674 0.580303
vt 0.390743 0.578947
vt 0.492138 0.594708
vt 0.509642 0.610913
vt 0.525179 0.630100
vt 0.540953 0.654402
vt 0.553723 0.681844
vt 0.568203 0.704970
vt 0.577550 0.722695
vt 0.581907 0.741950
vt 0.582246 0.761352
vt 0.584786 0.777763
vt 0.585970 0.794304
vt 0.584975 0.812501
vt 0.580903 0.831984
vt 0.574879 0.850294
vt 0.567320 0.866810
vt 0.557875 0.882980
vt 0.544320 0.901636
vt 0.532017 0.921285
vt 0.517880 0.939611
vt 0.494871 0.956941
vt 0.380401 0.971502
vt 0.474072 0.974431
usemtl PezNormal
s 1
f 13/820 236/2 237/3
f 13/820 237/3 31/4
f 30/5 308/6 309/7
f 30/5 309/7 18/8
f 18/8 309/7 310/9
f 18/8 310/9 47/10
f 31/4 237/3 238/11
f 31/4 238/11 12/823
f 5/13 330/14 331/15
f 5/13 331/15 49/16
f 32/17 341/18 342/19
f 32/17 342/19 19/20
f 19/20 342/19 343/21
f 19/20 343/21 48/22
f 49/16 331/15 332/23
f 49/16 332/23 1/24
f 1/24 332/23 660/25
f 1/24 660/25 614/26
f 48/22 343/21 657/27
f 48/22 657/27 658/28
f 20/29 345/30 346/31
f 20/29 346/31 304/32
f 55/33 334/34 335/35
f 55/33 335/35 305/36
f 12/823 238/11 654/37
f 12/823 654/37 655/809
f 47/10 310/9 651/39
f 47/10 651/39 652/40
f 21/41 312/42 313/43
f 21/41 313/43 300/44
f 33/818 239/46 301/47
f 33/818 301/47 302/817
f 14/812 240/50 488/51
f 14/812 488/51 489/813
f 34/53 314/54 485/55
f 34/53 485/55 486/56
f 22/57 315/58 370/59
f 22/57 370/59 371/60
f 35/61 241/62 373/63
f 35/61 373/63 374/814
f 8/65 336/66 494/67
f 8/65 494/67 495/68
f 36/69 347/70 491/71
f 36/69 491/71 492/72
f 23/73 348/74 376/75
f 23/73 376/75 377/76
f 54/77 337/78 378/79
f 54/77 378/79 379/80
f 3/81 338/82 339/83
f 3/81 339/83 57/84
f 53/85 349/86 350/87
f 53/85 350/87 24/88
f 24/88 350/87 351/89
f 24/88 351/89 39/90
f 57/84 339/83 340/91
f 57/84 340/91 10/92
f 7/822 242/94 243/95
f 7/822 243/95 37/96
f 52/97 316/98 317/99
f 52/97 317/99 25/100
f 25/100 317/99 318/101
f 25/100 318/101 38/102
f 37/96 243/95 244/103
f 37/96 244/103 15/104
f 367/105 368/106 26/107
f 367/105 26/107 40/108
f 368/106 369/109 51/110
f 368/106 51/110 26/107
f 483/111 484/112 6/113
f 483/111 6/113 41/114
f 482/115 483/111 41/114
f 482/115 41/114 16/116
f 297/117 298/118 27/119
f 297/117 27/119 42/120
f 298/118 299/121 50/122
f 298/118 50/122 27/119
f 649/123 650/124 2/125
f 649/123 2/125 46/126
f 648/127 649/123 46/126
f 648/127 46/126 11/128
f 379/80 380/129 28/130
f 379/80 28/130 54/77
f 380/129 381/131 43/132
f 380/129 43/132 28/130
f 496/133 497/134 17/135
f 496/133 17/135 45/136
f 495/68 496/133 45/136
f 495/68 45/136 8/65
f 305/36 306/137 29/138
f 305/36 29/138 55/33
f 306/137 307/139 44/140
f 306/137 44/140 29/138
f 615/141 616/142 5/13
f 615/141 5/13 49/16
f 614/26 615/141 49/16
f 614/26 49/16 1/24
f 61/143 58/144 661/145
f 61/143 661/145 662/146
f 682/147 661/145 58/144
f 682/147 58/144 62/148
f 62/148 64/149 681/150
f 62/148 681/150 682/147
f 680/151 681/150 64/149
f 680/151 64/149 66/152
f 679/153 680/151 66/152
f 679/153 66/152 68/154
f 678/155 679/153 68/154
f 678/155 68/154 70/156
f 677/157 678/155 70/156
f 677/157 70/156 72/158
f 676/159 677/157 72/158
f 676/159 72/158 74/160
f 675/161 676/159 74/160
f 675/161 74/160 76/162
f 674/163 675/161 76/162
f 674/163 76/162 78/164
f 673/165 674/163 78/164
f 673/165 78/164 80/166
f 804/167 805/168 673/165
f 804/167 673/165 80/166
f 61/143 662/146 663/169
f 61/143 663/169 85/170
f 87/171 85/170 663/169
f 87/171 663/169 664/172
f 664/172 665/173 89/174
f 664/172 89/174 87/171
f 665/173 666/175 91/176
f 665/173 91/176 89/174
f 93/177 91/176 666/175
f 93/177 666/175 667/178
f 667/178 668/179 95/180
f 667/178 95/180 93/177
f 668/179 669/181 97/182
f 668/179 97/182 95/180
f 669/181 670/183 99/184
f 669/181 99/184 97/182
f 670/183 671/185 82/186
f 670/183 82/186 99/184
f 621/187 622/188 100/189
f 621/187 100/189 101/190
f 58/144 61/143 102/191
f 58/144 102/191 103/192
f 104/193 100/189 622/188
f 104/193 622/188 623/194
f 623/194 624/195 105/196
f 623/194 105/196 104/193
f 624/195 625/197 106/198
f 624/195 106/198 105/196
f 106/198 625/197 626/199
f 106/198 626/199 107/200
f 107/200 626/199 627/201
f 107/200 627/201 108/202
f 627/201 628/203 109/204
f 627/201 109/204 108/202
f 628/203 629/205 110/206
f 628/203 110/206 109/204
f 629/205 630/207 111/208
f 629/205 111/208 110/206
f 111/208 630/207 631/209
f 111/208 631/209 113/210
f 114/211 803/212 804/167
f 114/211 804/167 80/166
f 116/213 802/214 803/212
f 116/213 803/212 114/211
f 118/215 801/216 802/214
f 118/215 802/214 116/213
f 800/217 801/216 118/215
f 800/217 118/215 119/218
f 122/219 101/190 100/189
f 122/219 100/189 121/220
f 104/193 123/221 121/220
f 104/193 121/220 100/189
f 105/196 124/222 123/221
f 105/196 123/221 104/193
f 125/223 124/222 105/196
f 125/223 105/196 106/198
f 126/224 125/223 106/198
f 126/224 106/198 107/200
f 127/225 126/224 107/200
f 127/225 107/200 108/202
f 128/226 127/225 108/202
f 128/226 108/202 109/204
f 109/204 110/206 129/227
f 109/204 129/227 128/226
f 130/228 129/227 110/206
f 130/228 110/206 111/208
f 113/210 131/229 130/228
f 113/210 130/228 111/208
f 620/230 621/187 101/190
f 620/230 101/190 122/219
f 133/231 798/232 799/233
f 133/231 799/233 685/234
f 135/235 133/231 685/234
f 135/235 685/234 686/236
f 686/236 687/237 137/238
f 686/236 137/238 135/235
f 687/237 688/239 139/240
f 687/237 139/240 137/238
f 141/241 139/240 688/239
f 141/241 688/239 689/242
f 689/242 690/243 143/244
f 689/242 143/244 141/241
f 690/243 691/245 145/246
f 690/243 145/246 143/244
f 691/245 692/247 147/248
f 691/245 147/248 145/246
f 149/249 147/248 692/247
f 149/249 692/247 693/250
f 151/251 149/249 693/250
f 151/251 693/250 694/252
f 694/252 695/253 536/254
f 694/252 536/254 151/251
f 696/255 697/256 171/257
f 696/255 171/257 153/258
f 157/259 155/260 698/261
f 157/259 698/261 699/262
f 705/263 683/264 132/265
f 705/263 132/265 158/266
f 158/266 160/267 704/268
f 158/266 704/268 705/263
f 703/269 704/268 160/267
f 703/269 160/267 162/270
f 162/270 164/271 702/272
f 162/270 702/272 703/269
f 164/271 166/273 701/274
f 164/271 701/274 702/272
f 166/273 168/275 700/276
f 166/273 700/276 701/274
f 699/262 700/276 168/275
f 699/262 168/275 157/259
f 171/257 697/256 698/261
f 171/257 698/261 155/260
f 683/264 684/277 172/278
f 683/264 172/278 132/265
f 120/279 117/280 174/281
f 120/279 174/281 173/282
f 175/283 174/281 117/280
f 175/283 117/280 115/284
f 176/285 175/283 115/284
f 176/285 115/284 112/286
f 177/287 176/285 112/286
f 177/287 112/286 82/186
f 671/185 672/288 177/287
f 671/185 177/287 82/186
f 179/289 114/211 80/166
f 179/289 80/166 78/164
f 62/148 58/144 103/192
f 62/148 103/192 180/290
f 64/149 62/148 180/290
f 64/149 180/290 181/291
f 66/152 64/149 181/291
f 66/152 181/291 182/292
f 68/154 66/152 182/292
f 68/154 182/292 183/293
f 183/293 184/294 70/156
f 183/293 70/156 68/154
f 72/158 70/156 184/294
f 72/158 184/294 185/295
f 185/295 186/296 74/160
f 185/295 74/160 72/158
f 186/296 187/297 76/162
f 186/296 76/162 74/160
f 78/164 76/162 187/297
f 78/164 187/297 179/289
f 118/215 188/298 134/299
f 118/215 134/299 119/218
f 136/300 134/299 188/298
f 136/300 188/298 189/301
f 138/302 136/300 189/301
f 138/302 189/301 190/303
f 633/304 634/305 191/306
f 633/304 191/306 192/307
f 191/306 634/305 635/308
f 191/306 635/308 193/309
f 193/309 635/308 636/310
f 193/309 636/310 194/311
f 636/310 637/312 195/313
f 636/310 195/313 194/311
f 637/312 638/314 196/315
f 637/312 196/315 195/313
f 197/316 196/315 638/314
f 197/316 638/314 639/317
f 639/317 640/318 198/319
f 639/317 198/319 197/316
f 198/319 640/318 641/320
f 198/319 641/320 199/321
f 200/322 199/321 641/320
f 200/322 641/320 642/323
f 202/324 192/307 191/306
f 202/324 191/306 201/325
f 203/326 201/325 191/306
f 203/326 191/306 193/309
f 204/327 203/326 193/309
f 204/327 193/309 194/311
f 205/328 204/327 194/311
f 205/328 194/311 195/313
f 206/329 205/328 195/313
f 206/329 195/313 196/315
f 207/330 206/329 196/315
f 207/330 196/315 197/316
f 208/331 207/330 197/316
f 208/331 197/316 198/319
f 209/332 208/331 198/319
f 209/332 198/319 199/321
f 199/321 200/322 210/333
f 199/321 210/333 209/332
f 140/334 138/302 190/303
f 140/334 190/303 211/335
f 211/335 212/336 142/337
f 211/335 142/337 140/334
f 144/338 142/337 212/336
f 144/338 212/336 213/339
f 213/339 214/340 146/341
f 213/339 146/341 144/338
f 214/340 215/342 148/343
f 214/340 148/343 146/341
f 631/209 632/344 216/345
f 631/209 216/345 113/210
f 192/307 216/345 632/344
f 192/307 632/344 633/304
f 217/346 131/229 113/210
f 217/346 113/210 216/345
f 216/345 192/307 202/324
f 216/345 202/324 217/346
f 219/347 131/229 217/346
f 219/347 217/346 218/348
f 217/346 202/324 220/349
f 217/346 220/349 218/348
f 219/347 218/348 221/350
f 219/347 221/350 222/351
f 218/348 220/349 223/352
f 218/348 223/352 221/350
f 222/351 221/350 224/353
f 222/351 224/353 225/354
f 221/350 223/352 226/355
f 221/350 226/355 224/353
f 225/354 224/353 227/356
f 225/354 227/356 228/357
f 224/353 226/355 229/358
f 224/353 229/358 227/356
f 228/357 227/356 230/359
f 228/357 230/359 231/360
f 227/356 229/358 232/361
f 227/356 232/361 230/359
f 231/360 230/359 233/362
f 231/360 233/362 234/363
f 230/359 232/361 235/364
f 230/359 235/364 233/362
f 852/869 809/825 234/363
f 852/869 234/363 233/362
f 233/362 235/364 851/868
f 233/362 851/868 852/870
f 237/3 236/2 319/366
f 237/3 319/366 320/367
f 238/11 237/3 320/367
f 238/11 320/367 321/368
f 321/368 653/369 654/37
f 321/368 654/37 238/11
f 323/370 324/371 301/47
f 323/370 301/47 239/46
f 487/372 488/51 240/50
f 487/372 240/50 325/373
f 372/374 373/63 241/62
f 372/374 241/62 326/375
f 243/95 242/94 327/376
f 243/95 327/376 328/377
f 244/103 243/95 328/377
f 244/103 328/377 329/378
f 246/379 245/365 13/1
f 246/379 13/1 31/824
f 247/380 246/379 31/824
f 247/380 31/824 12/12
f 655/38 656/381 247/380
f 655/38 247/380 12/12
f 302/48 303/382 248/383
f 302/48 248/383 33/45
f 489/52 490/384 249/385
f 489/52 249/385 14/49
f 374/64 375/386 250/387
f 374/64 250/387 35/815
f 252/388 251/389 7/93
f 252/388 7/93 37/821
f 253/390 252/388 37/821
f 253/390 37/821 15/819
f 116/213 254/391 255/392
f 116/213 255/392 118/215
f 114/211 256/393 254/391
f 114/211 254/391 116/213
f 255/392 254/391 257/394
f 255/392 257/394 258/395
f 254/391 256/393 259/396
f 254/391 259/396 257/394
f 258/395 257/394 260/397
f 258/395 260/397 261/398
f 257/394 259/396 262/399
f 257/394 262/399 260/397
f 261/398 260/397 263/400
f 261/398 263/400 264/401
f 260/397 262/399 265/402
f 260/397 265/402 263/400
f 264/401 263/400 266/403
f 264/401 266/403 267/404
f 263/400 265/402 268/405
f 263/400 268/405 266/403
f 267/404 266/403 269/406
f 267/404 269/406 270/407
f 266/403 268/405 271/408
f 266/403 271/408 269/406
f 270/407 269/406 272/409
f 270/407 272/409 273/410
f 269/406 271/408 274/411
f 269/406 274/411 272/409
f 273/410 272/409 275/412
f 273/410 275/412 276/413
f 272/409 274/411 277/414
f 272/409 277/414 275/412
f 276/413 275/412 278/415
f 276/413 278/415 279/416
f 275/412 277/414 280/417
f 275/412 280/417 278/415
f 278/415 831/847 832/849
f 278/415 832/849 279/416
f 830/846 831/848 278/415
f 830/846 278/415 280/417
f 642/323 643/418 200/322
f 200/322 643/418 644/419
f 200/322 644/419 210/333
f 281/420 170/421 283/422
f 281/420 283/422 282/423
f 152/424 284/425 283/422
f 152/424 283/422 170/421
f 285/426 534/427 535/428
f 285/426 535/428 150/429
f 215/342 285/426 150/429
f 215/342 150/429 148/343
f 42/120 27/119 287/430
f 42/120 287/430 286/431
f 27/119 50/122 288/432
f 27/119 288/432 287/430
f 289/433 311/434 312/42
f 289/433 312/42 21/41
f 239/46 290/435 322/436
f 239/46 322/436 323/370
f 291/810 290/435 239/46
f 291/810 239/46 33/818
f 248/383 292/438 291/437
f 248/383 291/437 33/45
f 293/439 344/440 345/30
f 293/439 345/30 20/29
f 294/441 333/442 334/34
f 294/441 334/34 55/33
f 55/33 29/138 295/443
f 55/33 295/443 294/441
f 29/138 44/140 296/444
f 29/138 296/444 295/443
f 16/116 41/114 529/445
f 16/116 529/445 530/446
f 41/114 6/113 528/447
f 41/114 528/447 529/445
f 526/448 527/449 314/54
f 526/448 314/54 34/53
f 240/50 524/450 525/451
f 240/50 525/451 325/373
f 523/452 524/450 240/50
f 523/452 240/50 14/812
f 249/385 522/453 523/811
f 249/385 523/811 14/49
f 520/454 521/455 347/70
f 520/454 347/70 36/69
f 517/456 518/457 336/66
f 517/456 336/66 8/65
f 8/65 45/136 516/458
f 8/65 516/458 517/456
f 45/136 17/135 515/459
f 45/136 515/459 516/458
f 309/7 308/6 11/128
f 309/7 11/128 46/126
f 310/9 309/7 46/126
f 310/9 46/126 2/125
f 650/124 651/39 310/9
f 650/124 310/9 2/125
f 312/42 311/434 288/432
f 312/42 288/432 50/122
f 313/43 312/42 50/122
f 313/43 50/122 299/121
f 314/54 527/449 528/447
f 314/54 528/447 6/113
f 484/112 485/55 314/54
f 484/112 314/54 6/113
f 369/109 370/59 315/58
f 369/109 315/58 51/110
f 317/99 316/98 4/460
f 317/99 4/460 56/461
f 318/101 317/99 56/461
f 318/101 56/461 9/462
f 320/367 319/366 30/5
f 320/367 30/5 18/8
f 321/368 320/367 18/8
f 321/368 18/8 47/10
f 652/40 653/369 321/368
f 652/40 321/368 47/10
f 323/370 322/436 289/433
f 323/370 289/433 21/41
f 300/44 324/371 323/370
f 300/44 323/370 21/41
f 325/373 525/451 526/448
f 325/373 526/448 34/53
f 486/56 487/372 325/373
f 486/56 325/373 34/53
f 371/60 372/374 326/375
f 371/60 326/375 22/57
f 328/377 327/376 52/97
f 328/377 52/97 25/100
f 329/378 328/377 25/100
f 329/378 25/100 38/102
f 331/15 330/14 456/463
f 331/15 456/463 457/464
f 332/23 331/15 457/464
f 332/23 457/464 458/465
f 659/466 660/25 332/23
f 659/466 332/23 458/465
f 334/34 333/442 459/467
f 334/34 459/467 460/468
f 335/35 334/34 460/468
f 335/35 460/468 461/469
f 336/66 518/457 519/470
f 336/66 519/470 462/471
f 462/471 493/472 494/67
f 462/471 494/67 336/66
f 464/473 465/474 378/79
f 464/473 378/79 337/78
f 339/83 338/82 466/475
f 339/83 466/475 467/476
f 340/91 339/83 467/476
f 340/91 467/476 468/477
f 342/19 341/18 245/365
f 342/19 245/365 246/379
f 343/21 342/19 246/379
f 343/21 246/379 247/380
f 656/381 657/27 343/21
f 656/381 343/21 247/380
f 345/30 344/440 292/438
f 345/30 292/438 248/383
f 346/31 345/30 248/383
f 346/31 248/383 303/382
f 347/70 521/455 522/453
f 347/70 522/453 249/385
f 490/384 491/71 347/70
f 490/384 347/70 249/385
f 375/386 376/75 348/74
f 375/386 348/74 250/387
f 350/87 349/86 251/389
f 350/87 251/389 252/388
f 351/89 350/87 252/388
f 351/89 252/388 253/390
f 40/108 26/107 353/478
f 40/108 353/478 352/479
f 26/107 51/110 354/480
f 26/107 354/480 353/478
f 315/58 355/481 354/480
f 315/58 354/480 51/110
f 356/482 355/481 315/58
f 356/482 315/58 22/57
f 326/375 357/483 356/482
f 326/375 356/482 22/57
f 241/62 358/484 357/483
f 241/62 357/483 326/375
f 359/816 358/484 241/62
f 359/816 241/62 35/61
f 250/387 360/486 359/485
f 250/387 359/485 35/815
f 348/74 361/487 360/486
f 348/74 360/486 250/387
f 362/488 361/487 348/74
f 362/488 348/74 23/73
f 337/78 363/489 463/490
f 337/78 463/490 464/473
f 364/491 363/489 337/78
f 364/491 337/78 54/77
f 54/77 28/130 365/492
f 54/77 365/492 364/491
f 28/130 43/132 366/493
f 28/130 366/493 365/492
f 9/462 56/461 368/106
f 9/462 368/106 367/105
f 56/461 4/460 369/109
f 56/461 369/109 368/106
f 316/98 370/59 369/109
f 316/98 369/109 4/460
f 371/60 370/59 316/98
f 371/60 316/98 52/97
f 327/376 372/374 371/60
f 327/376 371/60 52/97
f 242/94 373/63 372/374
f 242/94 372/374 327/376
f 374/814 373/63 242/94
f 374/814 242/94 7/822
f 251/389 375/386 374/64
f 251/389 374/64 7/93
f 349/86 376/75 375/386
f 349/86 375/386 251/389
f 377/76 376/75 349/86
f 377/76 349/86 53/85
f 338/82 378/79 465/474
f 338/82 465/474 466/475
f 379/80 378/79 338/82
f 379/80 338/82 3/81
f 3/81 57/84 380/129
f 3/81 380/129 379/80
f 57/84 10/92 381/131
f 57/84 381/131 380/129
f 284/425 382/494 383/495
f 284/425 383/495 283/422
f 384/496 282/423 283/422
f 384/496 283/422 383/495
f 285/426 385/497 533/498
f 285/426 533/498 534/427
f 383/495 382/494 386/499
f 383/495 386/499 387/500
f 384/496 383/495 387/500
f 384/496 387/500 388/501
f 532/502 533/498 385/497
f 532/502 385/497 389/503
f 843/860 844/861 443/504
f 843/860 443/504 444/505
f 203/326 220/349 202/324
f 203/326 202/324 201/325
f 129/227 130/228 131/229
f 129/227 131/229 219/347
f 220/349 203/326 390/506
f 220/349 390/506 223/352
f 219/347 222/351 391/507
f 219/347 391/507 129/227
f 204/327 392/508 390/506
f 204/327 390/506 203/326
f 205/328 393/509 392/508
f 205/328 392/508 204/327
f 393/509 205/328 206/329
f 393/509 206/329 394/510
f 394/510 206/329 207/330
f 394/510 207/330 395/511
f 395/511 207/330 208/331
f 395/511 208/331 396/512
f 209/332 397/513 396/512
f 209/332 396/512 208/331
f 398/514 397/513 209/332
f 398/514 209/332 210/333
f 210/333 644/419 645/515
f 210/333 645/515 398/514
f 645/515 646/516 399/517
f 645/515 399/517 398/514
f 844/861 845/862 442/518
f 844/861 442/518 443/504
f 647/519 846/863 847/864
f 647/519 847/864 441/520
f 400/521 128/226 129/227
f 400/521 129/227 391/507
f 401/522 127/225 128/226
f 401/522 128/226 400/521
f 126/224 127/225 401/522
f 126/224 401/522 402/523
f 403/524 125/223 126/224
f 403/524 126/224 402/523
f 404/525 124/222 125/223
f 404/525 125/223 403/524
f 123/221 124/222 404/525
f 123/221 404/525 405/526
f 407/527 406/528 180/290
f 407/527 180/290 103/192
f 407/527 103/192 102/191
f 407/527 102/191 408/529
f 619/530 620/230 122/219
f 619/530 122/219 409/531
f 406/528 407/527 410/532
f 406/528 410/532 411/533
f 407/527 408/529 412/534
f 407/527 412/534 410/532
f 618/535 619/530 409/531
f 618/535 409/531 413/536
f 814/830 815/831 617/537
f 814/830 617/537 449/538
f 447/539 448/540 816/832
f 447/539 816/832 817/833
f 817/833 818/834 446/541
f 817/833 446/541 447/539
f 841/858 842/859 531/542
f 841/858 531/542 445/543
f 121/220 123/221 405/526
f 121/220 405/526 414/544
f 409/531 122/219 121/220
f 409/531 121/220 414/544
f 409/531 414/544 415/545
f 409/531 415/545 413/536
f 813/829 814/830 449/538
f 813/829 449/538 450/546
f 415/545 414/544 405/526
f 415/545 405/526 416/547
f 418/548 417/549 416/547
f 418/548 416/547 405/526
f 417/549 418/548 419/550
f 417/549 419/550 420/551
f 420/551 419/550 432/552
f 420/551 432/552 433/553
f 398/514 399/517 421/554
f 398/514 421/554 397/513
f 423/555 422/556 397/513
f 423/555 397/513 421/554
f 422/556 423/555 424/557
f 422/556 424/557 425/558
f 425/558 424/557 426/559
f 425/558 426/559 427/560
f 232/361 229/358 438/561
f 232/361 438/561 439/562
f 395/511 396/512 397/513
f 395/511 397/513 422/556
f 405/526 404/525 403/524
f 405/526 403/524 418/548
f 437/563 438/561 229/358
f 437/563 229/358 226/355
f 429/564 425/558 427/560
f 429/564 427/560 428/565
f 425/558 429/564 395/511
f 425/558 395/511 422/556
f 393/509 394/510 395/511
f 393/509 395/511 429/564
f 419/550 430/566 431/567
f 419/550 431/567 432/552
f 403/524 430/566 419/550
f 403/524 419/550 418/548
f 403/524 402/523 401/522
f 403/524 401/522 430/566
f 435/568 436/569 225/354
f 435/568 225/354 228/357
f 434/570 435/568 228/357
f 434/570 228/357 231/360
f 430/566 401/522 400/521
f 430/566 400/521 431/567
f 433/553 432/552 435/568
f 433/553 435/568 434/570
f 432/552 431/567 436/569
f 432/552 436/569 435/568
f 222/351 225/354 436/569
f 222/351 436/569 391/507
f 431/567 400/521 391/507
f 431/567 391/507 436/569
f 428/565 427/560 438/561
f 428/565 438/561 437/563
f 439/562 438/561 427/560
f 439/562 427/560 426/559
f 226/355 223/352 390/506
f 226/355 390/506 437/563
f 437/563 390/506 392/508
f 437/563 392/508 428/565
f 428/565 392/508 393/509
f 428/565 393/509 429/564
f 440/571 441/520 847/864
f 440/571 847/864 848/865
f 399/517 441/520 440/571
f 399/517 440/571 421/554
f 646/516 647/519 441/520
f 646/516 441/520 399/517
f 443/504 442/518 388/501
f 443/504 388/501 387/500
f 444/505 443/504 387/500
f 444/505 387/500 386/499
f 389/503 445/543 531/542
f 389/503 531/542 532/502
f 447/539 446/541 411/533
f 447/539 411/533 410/532
f 412/534 448/540 447/539
f 412/534 447/539 410/532
f 449/538 617/537 618/535
f 449/538 618/535 413/536
f 450/546 449/538 413/536
f 450/546 413/536 415/545
f 232/361 439/562 426/559
f 232/361 426/559 235/364
f 434/570 231/360 234/363
f 434/570 234/363 433/553
f 421/554 440/571 451/572
f 421/554 451/572 423/555
f 423/555 451/572 452/573
f 423/555 452/573 424/557
f 424/557 452/573 235/364
f 424/557 235/364 426/559
f 452/573 850/867 851/868
f 452/573 851/868 235/364
f 451/572 849/866 850/867
f 451/572 850/867 452/573
f 848/865 849/866 451/572
f 848/865 451/572 440/571
f 453/574 420/551 433/553
f 453/574 433/553 234/363
f 420/551 453/574 454/575
f 420/551 454/575 417/549
f 455/576 416/547 417/549
f 455/576 417/549 454/575
f 455/576 450/546 415/545
f 455/576 415/545 416/547
f 234/363 809/825 810/826
f 234/363 810/826 453/574
f 810/826 811/827 454/575
f 810/826 454/575 453/574
f 457/464 456/463 32/17
f 457/464 32/17 19/20
f 458/465 457/464 19/20
f 458/465 19/20 48/22
f 658/28 659/466 458/465
f 658/28 458/465 48/22
f 460/468 459/467 293/439
f 460/468 293/439 20/29
f 461/469 460/468 20/29
f 461/469 20/29 304/32
f 462/471 519/470 520/454
f 462/471 520/454 36/69
f 492/72 493/472 462/471
f 492/72 462/471 36/69
f 464/473 463/490 362/488
f 464/473 362/488 23/73
f 377/76 465/474 464/473
f 377/76 464/473 23/73
f 466/475 465/474 377/76
f 466/475 377/76 53/85
f 467/476 466/475 53/85
f 467/476 53/85 24/88
f 468/477 467/476 24/88
f 468/477 24/88 39/90
f 811/827 812/828 455/576
f 811/827 455/576 454/575
f 455/576 812/828 813/829
f 455/576 813/829 450/546
f 188/298 118/215 255/392
f 188/298 255/392 469/577
f 189/301 188/298 469/577
f 189/301 469/577 470/578
f 190/303 189/301 470/578
f 190/303 470/578 471/579
f 471/579 472/580 211/335
f 471/579 211/335 190/303
f 212/336 211/335 472/580
f 212/336 472/580 473/581
f 213/339 212/336 473/581
f 213/339 473/581 474/582
f 475/583 214/340 213/339
f 475/583 213/339 474/582
f 477/584 214/340 475/583
f 477/584 475/583 476/585
f 476/585 478/586 479/587
f 476/585 479/587 477/584
f 478/586 480/588 481/589
f 478/586 481/589 479/587
f 352/479 353/478 483/111
f 352/479 483/111 482/115
f 353/478 354/480 484/112
f 353/478 484/112 483/111
f 354/480 355/481 485/55
f 354/480 485/55 484/112
f 486/56 485/55 355/481
f 486/56 355/481 356/482
f 356/482 357/483 487/372
f 356/482 487/372 486/56
f 357/483 358/484 488/51
f 357/483 488/51 487/372
f 489/813 488/51 358/484
f 489/813 358/484 359/816
f 359/485 360/486 490/384
f 359/485 490/384 489/52
f 360/486 361/487 491/71
f 360/486 491/71 490/384
f 492/72 491/71 361/487
f 492/72 361/487 362/488
f 362/488 463/490 493/472
f 362/488 493/472 492/72
f 494/67 493/472 463/490
f 494/67 463/490 363/489
f 495/68 494/67 363/489
f 495/68 363/489 364/491
f 364/491 365/492 496/133
f 364/491 496/133 495/68
f 365/492 366/493 497/134
f 365/492 497/134 496/133
f 480/588 539/590 540/591
f 480/588 540/591 481/589
f 498/592 256/393 114/211
f 498/592 114/211 179/289
f 499/593 498/592 179/289
f 499/593 179/289 187/297
f 187/297 186/296 500/594
f 187/297 500/594 499/593
f 501/595 500/594 186/296
f 501/595 186/296 185/295
f 502/596 501/595 185/295
f 502/596 185/295 184/294
f 183/293 503/597 502/596
f 183/293 502/596 184/294
f 505/598 504/599 503/597
f 505/598 503/597 183/293
f 507/600 504/599 505/598
f 507/600 505/598 506/601
f 506/601 508/602 509/603
f 506/601 509/603 507/600
f 820/836 821/837 513/604
f 820/836 513/604 514/605
f 183/293 182/292 510/606
f 183/293 510/606 505/598
f 182/292 181/291 511/607
f 182/292 511/607 510/606
f 406/528 511/607 181/291
f 406/528 181/291 180/290
f 511/607 506/601 505/598
f 511/607 505/598 510/606
f 512/608 511/607 406/528
f 512/608 406/528 411/533
f 506/601 511/607 512/608
f 506/601 512/608 508/602
f 514/605 513/604 509/603
f 514/605 509/603 508/602
f 516/458 515/459 307/139
f 516/458 307/139 306/137
f 517/456 516/458 306/137
f 517/456 306/137 305/36
f 305/36 335/35 518/457
f 305/36 518/457 517/456
f 519/470 518/457 335/35
f 519/470 335/35 461/469
f 520/454 519/470 461/469
f 520/454 461/469 304/32
f 304/32 346/31 521/455
f 304/32 521/455 520/454
f 522/453 521/455 346/31
f 522/453 346/31 303/382
f 523/811 522/453 303/382
f 523/811 303/382 302/48
f 302/817 301/47 524/450
f 302/817 524/450 523/452
f 525/451 524/450 301/47
f 525/451 301/47 324/371
f 526/448 525/451 324/371
f 526/448 324/371 300/44
f 300/44 313/43 527/449
f 300/44 527/449 526/448
f 528/447 527/449 313/43
f 528/447 313/43 299/121
f 529/445 528/447 299/121
f 529/445 299/121 298/118
f 530/446 529/445 298/118
f 530/446 298/118 297/117
f 444/505 531/542 842/859
f 444/505 842/859 843/860
f 532/502 531/542 444/505
f 532/502 444/505 386/499
f 382/494 533/498 532/502
f 382/494 532/502 386/499
f 534/427 533/498 382/494
f 534/427 382/494 284/425
f 535/428 534/427 284/425
f 535/428 284/425 152/424
f 536/254 695/253 696/255
f 536/254 696/255 153/258
f 537/609 512/608 411/533
f 537/609 411/533 446/541
f 537/609 446/541 818/834
f 537/609 818/834 819/835
f 819/835 820/836 514/605
f 819/835 514/605 537/609
f 508/602 512/608 537/609
f 508/602 537/609 514/605
f 214/340 477/584 538/610
f 214/340 538/610 215/342
f 285/426 215/342 538/610
f 285/426 538/610 385/497
f 479/587 385/497 538/610
f 479/587 538/610 477/584
f 481/589 389/503 385/497
f 481/589 385/497 479/587
f 540/591 539/590 839/856
f 540/591 839/856 840/857
f 540/591 445/543 389/503
f 540/591 389/503 481/589
f 840/857 841/858 445/543
f 840/857 445/543 540/591
f 470/578 469/577 255/392
f 470/578 255/392 258/395
f 498/592 499/593 259/396
f 498/592 259/396 256/393
f 499/593 541/611 262/399
f 499/593 262/399 259/396
f 542/612 470/578 258/395
f 542/612 258/395 261/398
f 541/611 543/613 265/402
f 541/611 265/402 262/399
f 544/614 542/612 261/398
f 544/614 261/398 264/401
f 545/615 544/614 264/401
f 545/615 264/401 267/404
f 543/613 546/616 268/405
f 543/613 268/405 265/402
f 267/404 270/407 547/617
f 267/404 547/617 545/615
f 270/407 273/410 548/618
f 270/407 548/618 547/617
f 273/410 276/413 549/619
f 273/410 549/619 548/618
f 550/620 549/619 276/413
f 550/620 276/413 279/416
f 550/620 279/416 832/849
f 550/620 832/849 833/850
f 268/405 546/616 551/621
f 268/405 551/621 271/408
f 551/621 552/622 274/411
f 551/621 274/411 271/408
f 552/622 553/623 277/414
f 552/622 277/414 274/411
f 280/417 277/414 553/623
f 280/417 553/623 554/624
f 554/624 829/845 830/846
f 554/624 830/846 280/417
f 555/625 513/604 821/837
f 555/625 821/837 822/838
f 513/604 555/625 556/626
f 513/604 556/626 509/603
f 507/600 509/603 556/626
f 507/600 556/626 557/627
f 557/627 558/628 504/599
f 557/627 504/599 507/600
f 558/628 559/629 503/597
f 558/628 503/597 504/599
f 560/630 502/596 503/597
f 560/630 503/597 559/629
f 501/595 502/596 560/630
f 501/595 560/630 561/631
f 562/632 500/594 501/595
f 562/632 501/595 561/631
f 562/632 541/611 499/593
f 562/632 499/593 500/594
f 563/633 471/579 470/578
f 563/633 470/578 542/612
f 563/633 564/634 472/580
f 563/633 472/580 471/579
f 564/634 565/635 473/581
f 564/634 473/581 472/580
f 565/635 566/636 474/582
f 565/635 474/582 473/581
f 567/637 475/583 474/582
f 567/637 474/582 566/636
f 475/583 567/637 568/638
f 475/583 568/638 476/585
f 568/638 569/639 478/586
f 568/638 478/586 476/585
f 570/640 480/588 478/586
f 570/640 478/586 569/639
f 480/588 570/640 571/641
f 480/588 571/641 539/590
f 838/855 839/856 539/590
f 838/855 539/590 571/641
f 833/850 834/851 572/642
f 833/850 572/642 550/620
f 573/643 572/642 834/851
f 573/643 834/851 835/852
f 835/852 836/853 574/644
f 835/852 574/644 573/643
f 574/644 836/853 837/854
f 574/644 837/854 575/645
f 837/854 838/855 571/641
f 837/854 571/641 575/645
f 822/838 823/839 576/646
f 822/838 576/646 555/625
f 577/647 576/646 823/839
f 577/647 823/839 824/840
f 824/840 825/841 578/648
f 824/840 578/648 577/647
f 825/841 826/842 579/649
f 825/841 579/649 578/648
f 579/649 826/842 827/843
f 579/649 827/843 580/650
f 827/843 828/844 581/651
f 827/843 581/651 580/650
f 828/844 829/845 554/624
f 828/844 554/624 581/651
f 541/611 562/632 582/652
f 541/611 582/652 543/613
f 583/653 546/616 543/613
f 583/653 543/613 582/652
f 584/654 551/621 546/616
f 584/654 546/616 583/653
f 585/655 552/622 551/621
f 585/655 551/621 584/654
f 586/656 553/623 552/622
f 586/656 552/622 585/655
f 553/623 586/656 581/651
f 553/623 581/651 554/624
f 587/657 563/633 542/612
f 587/657 542/612 544/614
f 588/658 587/657 544/614
f 588/658 544/614 545/615
f 545/615 547/617 589/659
f 545/615 589/659 588/658
f 548/618 590/660 589/659
f 548/618 589/659 547/617
f 548/618 549/619 591/661
f 548/618 591/661 590/660
f 591/661 549/619 550/620
f 591/661 550/620 572/642
f 562/632 561/631 592/662
f 562/632 592/662 582/652
f 560/630 593/663 592/662
f 560/630 592/662 561/631
f 593/663 560/630 559/629
f 593/663 559/629 594/664
f 595/665 594/664 559/629
f 595/665 559/629 558/628
f 596/666 595/665 558/628
f 596/666 558/628 557/627
f 557/627 556/626 576/646
f 557/627 576/646 596/666
f 576/646 556/626 555/625
f 597/667 564/634 563/633
f 597/667 563/633 587/657
f 597/667 598/668 565/635
f 597/667 565/635 564/634
f 598/668 599/669 566/636
f 598/668 566/636 565/635
f 599/669 600/670 567/637
f 599/669 567/637 566/636
f 601/671 568/638 567/637
f 601/671 567/637 600/670
f 602/672 569/639 568/638
f 602/672 568/638 601/671
f 570/640 569/639 602/672
f 570/640 602/672 575/645
f 570/640 575/645 571/641
f 580/650 581/651 586/656
f 580/650 586/656 579/649
f 603/673 591/661 572/642
f 603/673 572/642 573/643
f 586/656 585/655 604/674
f 586/656 604/674 579/649
f 603/673 605/675 590/660
f 603/673 590/660 591/661
f 589/659 590/660 605/675
f 606/676 604/674 585/655
f 606/676 585/655 584/654
f 584/654 583/653 607/677
f 584/654 607/677 606/676
f 582/652 592/662 607/677
f 582/652 607/677 583/653
f 605/675 608/678 588/658
f 605/675 588/658 589/659
f 608/678 597/667 587/657
f 608/678 587/657 588/658
f 597/667 608/678 605/675
f 597/667 605/675 598/668
f 607/677 592/662 593/663
f 607/677 593/663 606/676
f 609/679 599/669 598/668
f 609/679 598/668 605/675
f 599/669 609/679 610/680
f 599/669 610/680 600/670
f 574/644 601/671 600/670
f 574/644 600/670 610/680
f 575/645 602/672 601/671
f 575/645 601/671 574/644
f 594/664 611/681 606/676
f 594/664 606/676 593/663
f 595/665 612/682 611/681
f 595/665 611/681 594/664
f 596/666 613/683 612/682
f 596/666 612/682 595/665
f 610/680 603/673 573/643
f 610/680 573/643 574/644
f 609/679 605/675 603/673
f 609/679 603/673 610/680
f 613/683 596/666 576/646
f 613/683 576/646 577/647
f 577/647 578/648 579/649
f 577/647 579/649 613/683
f 613/683 579/649 604/674
f 613/683 604/674 612/682
f 606/676 611/681 612/682
f 606/676 612/682 604/674
f 294/441 295/443 615/141
f 294/441 615/141 614/26
f 295/443 296/444 616/142
f 295/443 616/142 615/141
f 617/537 815/831 816/832
f 617/537 816/832 448/540
f 618/535 617/537 448/540
f 618/535 448/540 412/534
f 408/529 619/530 618/535
f 408/529 618/535 412/534
f 102/191 620/230 619/530
f 102/191 619/530 408/529
f 61/143 621/187 620/230
f 61/143 620/230 102/191
f 61/143 85/170 622/188
f 61/143 622/188 621/187
f 623/194 622/188 85/170
f 623/194 85/170 87/171
f 89/174 624/195 623/194
f 89/174 623/194 87/171
f 91/176 625/197 624/195
f 91/176 624/195 89/174
f 626/199 625/197 91/176
f 626/199 91/176 93/177
f 627/201 626/199 93/177
f 627/201 93/177 95/180
f 97/182 628/203 627/201
f 97/182 627/201 95/180
f 99/184 629/205 628/203
f 99/184 628/203 97/182
f 82/186 630/207 629/205
f 82/186 629/205 99/184
f 631/209 630/207 82/186
f 631/209 82/186 112/286
f 112/286 115/284 632/344
f 112/286 632/344 631/209
f 633/304 632/344 115/284
f 633/304 115/284 117/280
f 120/279 634/305 633/304
f 120/279 633/304 117/280
f 635/308 634/305 120/279
f 635/308 120/279 159/684
f 636/310 635/308 159/684
f 636/310 159/684 161/685
f 163/686 637/312 636/310
f 163/686 636/310 161/685
f 163/686 165/687 638/314
f 163/686 638/314 637/312
f 639/317 638/314 165/687
f 639/317 165/687 167/688
f 167/688 169/689 640/318
f 167/688 640/318 639/317
f 641/320 640/318 169/689
f 641/320 169/689 156/690
f 642/323 641/320 156/690
f 642/323 156/690 154/691
f 281/420 643/418 642/323
f 281/420 642/323 154/691
f 281/420 154/691 170/421
f 644/419 643/418 281/420
f 644/419 281/420 282/423
f 645/515 644/419 282/423
f 645/515 282/423 384/496
f 388/501 646/516 645/515
f 388/501 645/515 384/496
f 442/518 647/519 646/516
f 442/518 646/516 388/501
f 845/862 846/863 647/519
f 845/862 647/519 442/518
f 286/431 287/430 649/123
f 286/431 649/123 648/127
f 287/430 288/432 650/124
f 287/430 650/124 649/123
f 311/434 651/39 650/124
f 311/434 650/124 288/432
f 652/40 651/39 311/434
f 652/40 311/434 289/433
f 289/433 322/436 653/369
f 289/433 653/369 652/40
f 654/37 653/369 322/436
f 654/37 322/436 290/435
f 655/809 654/37 290/435
f 655/809 290/435 291/810
f 291/437 292/438 656/381
f 291/437 656/381 655/38
f 344/440 657/27 656/381
f 344/440 656/381 292/438
f 658/28 657/27 344/440
f 658/28 344/440 293/439
f 459/467 659/466 658/28
f 459/467 658/28 293/439
f 333/442 660/25 659/466
f 333/442 659/466 459/467
f 614/26 660/25 333/442
f 614/26 333/442 294/441
f 662/146 661/145 59/692
f 662/146 59/692 60/693
f 663/169 662/146 60/693
f 663/169 60/693 84/694
f 664/172 663/169 84/694
f 664/172 84/694 86/695
f 86/695 88/696 665/173
f 86/695 665/173 664/172
f 88/696 90/697 666/175
f 88/696 666/175 665/173
f 667/178 666/175 90/697
f 667/178 90/697 92/698
f 92/698 94/699 668/179
f 92/698 668/179 667/178
f 94/699 96/700 669/181
f 94/699 669/181 668/179
f 96/700 98/701 670/183
f 96/700 670/183 669/181
f 98/701 83/702 671/185
f 98/701 671/185 670/183
f 178/703 672/288 671/185
f 178/703 671/185 83/702
f 81/704 673/165 805/168
f 81/704 805/168 806/705
f 79/706 674/163 673/165
f 79/706 673/165 81/704
f 77/707 675/161 674/163
f 77/707 674/163 79/706
f 75/708 676/159 675/161
f 75/708 675/161 77/707
f 73/709 677/157 676/159
f 73/709 676/159 75/708
f 71/710 678/155 677/157
f 71/710 677/157 73/709
f 69/711 679/153 678/155
f 69/711 678/155 71/710
f 69/711 67/712 680/151
f 69/711 680/151 679/153
f 67/712 65/713 681/150
f 67/712 681/150 680/151
f 682/147 681/150 65/713
f 682/147 65/713 63/714
f 59/692 661/145 682/147
f 59/692 682/147 63/714
f 173/282 684/277 683/264
f 173/282 683/264 120/279
f 685/234 799/233 800/217
f 685/234 800/217 119/218
f 686/236 685/234 119/218
f 686/236 119/218 134/299
f 134/299 136/300 687/237
f 134/299 687/237 686/236
f 136/300 138/302 688/239
f 136/300 688/239 687/237
f 689/242 688/239 138/302
f 689/242 138/302 140/334
f 140/334 142/337 690/243
f 140/334 690/243 689/242
f 142/337 144/338 691/245
f 142/337 691/245 690/243
f 144/338 146/341 692/247
f 144/338 692/247 691/245
f 693/250 692/247 146/341
f 693/250 146/341 148/343
f 694/252 693/250 148/343
f 694/252 148/343 150/429
f 150/429 535/428 695/253
f 150/429 695/253 694/252
f 696/255 695/253 535/428
f 696/255 535/428 152/424
f 152/424 170/421 697/256
f 152/424 697/256 696/255
f 698/261 697/256 170/421
f 698/261 170/421 154/691
f 699/262 698/261 154/691
f 699/262 154/691 156/690
f 156/690 169/689 700/276
f 156/690 700/276 699/262
f 701/274 700/276 169/689
f 701/274 169/689 167/688
f 702/272 701/274 167/688
f 702/272 167/688 165/687
f 703/269 702/272 165/687
f 703/269 165/687 163/686
f 163/686 161/685 704/268
f 163/686 704/268 703/269
f 705/263 704/268 161/685
f 705/263 161/685 159/684
f 159/684 120/279 683/264
f 159/684 683/264 705/263
f 707/715 706/716 751/717
f 707/715 751/717 752/718
f 708/719 707/715 752/718
f 708/719 752/718 753/720
f 709/721 708/719 753/720
f 709/721 753/720 754/722
f 754/722 807/723 808/724
f 754/722 808/724 709/721
f 755/725 756/726 711/727
f 755/725 711/727 710/728
f 711/727 756/726 757/729
f 711/727 757/729 712/730
f 713/731 712/730 757/729
f 713/731 757/729 758/732
f 714/733 713/731 758/732
f 714/733 758/732 759/734
f 715/735 714/733 759/734
f 715/735 759/734 760/736
f 760/736 761/737 716/738
f 760/736 716/738 715/735
f 761/737 762/739 717/740
f 761/737 717/740 716/738
f 762/739 763/741 718/742
f 762/739 718/742 717/740
f 763/741 764/743 719/744
f 763/741 719/744 718/742
f 719/744 764/743 765/745
f 719/744 765/745 720/746
f 765/745 766/747 721/748
f 765/745 721/748 720/746
f 721/748 766/747 767/749
f 721/748 767/749 722/750
f 723/751 722/750 767/749
f 723/751 767/749 768/752
f 724/753 723/751 768/752
f 724/753 768/752 769/754
f 724/753 769/754 770/755
f 724/753 770/755 725/756
f 725/756 770/755 771/757
f 725/756 771/757 726/758
f 726/758 771/757 772/759
f 726/758 772/759 727/760
f 706/716 727/760 772/759
f 706/716 772/759 751/717
f 132/265 773/761 774/762
f 132/265 774/762 158/266
f 172/278 795/763 773/761
f 172/278 773/761 132/265
f 133/231 794/764 797/765
f 133/231 797/765 798/232
f 135/235 793/766 794/764
f 135/235 794/764 133/231
f 792/767 793/766 135/235
f 792/767 135/235 137/238
f 791/768 792/767 137/238
f 791/768 137/238 139/240
f 790/769 791/768 139/240
f 790/769 139/240 141/241
f 141/241 143/244 789/770
f 141/241 789/770 790/769
f 145/246 788/771 789/770
f 145/246 789/770 143/244
f 147/248 787/772 788/771
f 147/248 788/771 145/246
f 149/249 786/773 787/772
f 149/249 787/772 147/248
f 785/774 786/773 149/249
f 785/774 149/249 151/251
f 784/775 785/774 151/251
f 784/775 151/251 536/254
f 783/776 784/775 536/254
f 783/776 536/254 153/258
f 782/777 783/776 153/258
f 782/777 153/258 171/257
f 781/778 782/777 171/257
f 781/778 171/257 155/260
f 780/779 781/778 155/260
f 780/779 155/260 157/259
f 168/275 779/780 780/779
f 168/275 780/779 157/259
f 166/273 778/781 779/780
f 166/273 779/780 168/275
f 164/271 777/782 778/781
f 164/271 778/781 166/273
f 162/270 776/783 777/782
f 162/270 777/782 164/271
f 775/784 776/783 162/270
f 775/784 162/270 160/267
f 774/762 775/784 160/267
f 774/762 160/267 158/266
f 752/718 751/717 75/708
f 752/718 75/708 77/707
f 753/720 752/718 77/707
f 753/720 77/707 79/706
f 754/722 753/720 79/706
f 754/722 79/706 81/704
f 806/705 807/723 754/722
f 806/705 754/722 81/704
f 83/702 756/726 755/725
f 83/702 755/725 178/703
f 757/729 756/726 83/702
f 757/729 83/702 98/701
f 758/732 757/729 98/701
f 758/732 98/701 96/700
f 759/734 758/732 96/700
f 759/734 96/700 94/699
f 760/736 759/734 94/699
f 760/736 94/699 92/698
f 90/697 761/737 760/736
f 90/697 760/736 92/698
f 88/696 762/739 761/737
f 88/696 761/737 90/697
f 86/695 763/741 762/739
f 86/695 762/739 88/696
f 84/694 764/743 763/741
f 84/694 763/741 86/695
f 765/745 764/743 84/694
f 765/745 84/694 60/693
f 59/692 766/747 765/745
f 59/692 765/745 60/693
f 767/749 766/747 59/692
f 767/749 59/692 63/714
f 768/752 767/749 63/714
f 768/752 63/714 65/713
f 769/754 768/752 65/713
f 769/754 65/713 67/712
f 770/755 769/754 67/712
f 770/755 67/712 69/711
f 771/757 770/755 69/711
f 771/757 69/711 71/710
f 772/759 771/757 71/710
f 772/759 71/710 73/709
f 751/717 772/759 73/709
f 751/717 73/709 75/708
f 774/762 773/761 728/785
f 774/762 728/785 729/786
f 750/787 775/784 774/762
f 750/787 774/762 729/786
f 749/788 776/783 775/784
f 749/788 775/784 750/787
f 777/782 776/783 749/788
f 777/782 749/788 748/789
f 778/781 777/782 748/789
f 778/781 748/789 747/790
f 779/780 778/781 747/790
f 779/780 747/790 746/791
f 780/779 779/780 746/791
f 780/779 746/791 745/792
f 744/793 781/778 780/779
f 744/793 780/779 745/792
f 743/794 782/777 781/778
f 743/794 781/778 744/793
f 742/795 783/776 782/777
f 742/795 782/777 743/794
f 741/796 784/775 783/776
f 741/796 783/776 742/795
f 740/797 785/774 784/775
f 740/797 784/775 741/796
f 739/798 786/773 785/774
f 739/798 785/774 740/797
f 787/772 786/773 739/798
f 787/772 739/798 738/799
f 788/771 787/772 738/799
f 788/771 738/799 737/800
f 789/770 788/771 737/800
f 789/770 737/800 736/801
f 790/769 789/770 736/801
f 790/769 736/801 735/802
f 735/802 734/803 791/768
f 735/802 791/768 790/769
f 733/804 792/767 791/768
f 733/804 791/768 734/803
f 732/805 793/766 792/767
f 732/805 792/767 733/804
f 794/764 793/766 732/805
f 794/764 732/805 731/806
f 796/807 797/765 794/764
f 796/807 794/764 731/806
f 773/761 795/763 730/808
f 773/761 730/808 728/785
f 795/763 797/765 796/807
f 795/763 796/807 730/808
f 798/232 797/765 795/763
f 798/232 795/763 172/278
f 799/233 798/232 172/278
f 799/233 172/278 684/277
f 800/217 799/233 684/277
f 800/217 684/277 173/282
f 173/282 174/281 801/216
f 173/282 801/216 800/217
f 802/214 801/216 174/281
f 802/214 174/281 175/283
f 803/212 802/214 175/283
f 803/212 175/283 176/285
f 804/167 803/212 176/285
f 804/167 176/285 177/287
f 672/288 805/168 804/167
f 672/288 804/167 177/287
f 806/705 805/168 672/288
f 806/705 672/288 178/703
f 178/703 755/725 807/723
f 178/703 807/723 806/705
f 808/724 807/723 755/725
f 808/724 755/725 710/728
f 810/826 809/825 245/365
f 810/826 245/365 341/18
f 32/17 811/827 810/826
f 32/17 810/826 341/18
f 456/463 812/828 811/827
f 456/463 811/827 32/17
f 813/829 812/828 456/463
f 813/829 456/463 330/14
f 330/14 5/13 814/830
f 330/14 814/830 813/829
f 5/13 616/142 815/831
f 5/13 815/831 814/830
f 816/832 815/831 616/142
f 816/832 616/142 296/444
f 817/833 816/832 296/444
f 817/833 296/444 44/140
f 307/139 818/834 817/833
f 307/139 817/833 44/140
f 819/835 818/834 307/139
f 819/835 307/139 515/459
f 515/459 17/135 820/836
f 515/459 820/836 819/835
f 497/134 821/837 820/836
f 497/134 820/836 17/135
f 822/838 821/837 497/134
f 822/838 497/134 366/493
f 366/493 43/132 823/839
f 366/493 823/839 822/838
f 824/840 823/839 43/132
f 824/840 43/132 381/131
f 10/92 825/841 824/840
f 10/92 824/840 381/131
f 10/92 340/91 826/842
f 10/92 826/842 825/841
f 827/843 826/842 340/91
f 827/843 340/91 468/477
f 39/90 828/844 827/843
f 39/90 827/843 468/477
f 351/89 829/845 828/844
f 351/89 828/844 39/90
f 830/846 829/845 351/89
f 830/846 351/89 253/390
f 15/819 831/848 830/846
f 15/819 830/846 253/390
f 832/849 831/847 15/104
f 832/849 15/104 244/103
f 833/850 832/849 244/103
f 833/850 244/103 329/378
f 38/102 834/851 833/850
f 38/102 833/850 329/378
f 835/852 834/851 38/102
f 835/852 38/102 318/101
f 9/462 836/853 835/852
f 9/462 835/852 318/101
f 837/854 836/853 9/462
f 837/854 9/462 367/105
f 367/105 40/108 838/855
f 367/105 838/855 837/854
f 40/108 352/479 839/856
f 40/108 839/856 838/855
f 840/857 839/856 352/479
f 840/857 352/479 482/115
f 482/115 16/116 841/858
f 482/115 841/858 840/857
f 530/446 842/859 841/858
f 530/446 841/858 16/116
f 843/860 842/859 530/446
f 843/860 530/446 297/117
f 42/120 844/861 843/860
f 42/120 843/860 297/117
f 42/120 286/431 845/862
f 42/120 845/862 844/861
f 286/431 648/127 846/863
f 286/431 846/863 845/862
f 847/864 846/863 648/127
f 847/864 648/127 11/128
f 848/865 847/864 11/128
f 848/865 11/128 308/6
f 30/5 849/866 848/865
f 30/5 848/865 308/6
f 850/867 849/866 30/5
f 850/867 30/5 319/366
f 851/868 850/867 319/366
f 851/868 319/366 236/2
f 852/870 851/868 236/2
f 852/870 236/2 13/820
f 245/365 809/825 852/869
f 245/365 852/869 13/1
o Ojos
v -0.14931 0.12771 0.21767
v -0.15398 0.12771 0.20851
v -0.16125 0.12771 0.20125
v -0.17040 0.12771 0.19658
v -0.18056 0.12771 0.19497
v -0.19071 0.12771 0.19658
v -0.19987 0.12771 0.20125
v -0.20713 0.12771 0.20851
v -0.21180 0.12771 0.21767
v -0.21341 0.12771 0.22782
v -0.21180 0.12771 0.23797
v -0.20713 0.12771 0.24713
v -0.19987 0.12771 0.25440
v -0.19071 0.12771 0.25907
v -0.18056 0.12771 0.26067
v -0.17040 0.12771 0.25907
v -0.16125 0.12771 0.25440
v -0.15398 0.12771 0.24713
v -0.14931 0.12771 0.23797
v -0.14771 0.12771 0.22782
v -0.12020 0.14191 0.20821
v -0.12921 0.14191 0.19052
v -0.14325 0.14191 0.17648
v -0.16095 0.14191 0.16747
v -0.18056 0.14191 0.16436
v -0.20017 0.14191 0.16747
v -0.21786 0.14191 0.17648
v -0.23190 0.14191 0.19052
v -0.24091 0.14191 0.20821
v -0.24402 0.14191 0.22782
v -0.24091 0.14191 0.24743
v -0.23190 0.14191 0.26513
v -0.21786 0.14191 0.27917
v -0.20017 0.14191 0.28818
v -0.18056 0.14191 0.29129
v -0.16095 0.14191 0.28818
v -0.14325 0.14191 0.27917
v -0.12921 0.14191 0.26513
v -0.12020 0.14191 0.24743
v -0.11709 0.14191 0.22782
v -0.09520 0.16450 0.20009
v -0.10795 0.16450 0.17507
v -0.12780 0.16450 0.15521
v -0.15282 0.16450 0.14247
v -0.18056 0.16450 0.13807
v -0.20829 0.16450 0.14247
v -0.23331 0.16450 0.15521
v -0.25317 0.16450 0.17507
v -0.26591 0.16450 0.20009
v -0.27031 0.16450 0.22782
v -0.26591 0.16450 0.25556
v -0.25317 0.16450 0.28058
v -0.23331 0.16450 0.30043
v -0.20829 0.16450 0.31318
v -0.18056 0.16450 0.31757
v -0.15282 0.16450 0.31318
v -0.12780 0.16450 0.30043
v -0.10795 0.16450 0.28058
v -0.09520 0.16450 0.25556
v -0.09081 0.16450 0.22782
v -0.07601 0.19394 0.19386
v -0.09163 0.19394 0.16321
v -0.11595 0.19394 0.13889
v -0.14659 0.19394 0.12328
v -0.18056 0.19394 0.11790
v -0.21452 0.19394 0.12328
v -0.24517 0.19394 0.13889
v -0.26948 0.19394 0.16321
v -0.28510 0.19394 0.19386
v -0.29048 0.19394 0.22782
v -0.28510 0.19394 0.26179
v -0.26948 0.19394 0.29243
v -0.24517 0.19394 0.31675
v -0.21452 0.19394 0.33237
v -0.18056 0.19394 0.33775
v -0.14659 0.19394 0.33237
v -0.11595 0.19394 0.31675
v -0.09163 0.19394 0.29243
v -0.07601 0.19394 0.26179
v -0.07063 0.19394 0.22782
v -0.06396 0.22823 0.18994
v -0.08137 0.22823 0.15576
v -0.10849 0.22823 0.12864
v -0.14267 0.22823 0.11122
v -0.18056 0.22823 0.10522
v -0.21844 0.22823 0.11122
v -0.25262 0.22823 0.12864
v -0.27974 0.22823 0.15576
v -0.29716 0.22823 0.18994
v -0.30316 0.22823 0.22782
v -0.29716 0.22823 0.26571
v -0.27974 0.22823 0.29989
v -0.25262 0.22823 0.32701
v -0.21844 0.22823 0.34442
v -0.18056 0.22823 0.35043
v -0.14267 0.22823 0.34442
v -0.10849 0.22823 0.32701
v -0.08137 0.22823 0.29989
v -0.06396 0.22823 0.26571
v -0.05795 0.22823 0.22782
v -0.05984 0.26502 0.18860
v -0.07787 0.26502 0.15322
v -0.10595 0.26502 0.12514
v -0.14133 0.26502 0.10711
v -0.18056 0.26502 0.10090
v -0.21978 0.26502 0.10711
v -0.25516 0.26502 0.12514
v -0.28324 0.26502 0.15322
v -0.30127 0.26502 0.18860
v -0.30748 0.26502 0.22782
v -0.30127 0.26502 0.26705
v -0.28324 0.26502 0.30243
v -0.25516 0.26502 0.33051
v -0.21978 0.26502 0.34854
v -0.18056 0.26502 0.35475
v -0.14133 0.26502 0.34854
v -0.10595 0.26502 0.33051
v -0.07787 0.26502 0.30243
v -0.05984 0.26502 0.26705
v -0.05363 0.26502 0.22782
v -0.06396 0.30181 0.18994
v -0.08137 0.30181 0.15576
v -0.10849 0.30181 0.12864
v -0.14267 0.30181 0.11122
v -0.18056 0.30181 0.10522
v -0.21844 0.30181 0.11122
v -0.25262 0.30181 0.12864
v -0.27974 0.30181 0.15576
v -0.29716 0.30181 0.18994
v -0.30316 0.30181 0.22782
v -0.29716 0.30181 0.26571
v -0.27974 0.30181 0.29989
v -0.25262 0.30181 0.32701
v -0.21844 0.30181 0.34442
v -0.18056 0.30181 0.35043
v -0.14267 0.30181 0.34442
v -0.10849 0.30181 0.32701
v -0.08137 0.30181 0.29989
v -0.06396 0.30181 0.26571
v -0.05795 0.30181 0.22782
v -0.07601 0.33610 0.19386
v -0.09163 0.33610 0.16321
v -0.11595 0.33610 0.13889
v -0.14659 0.33610 0.12328
v -0.18056 0.33610 0.11790
v -0.21452 0.33610 0.12328
v -0.24517 0.33610 0.13889
v -0.26948 0.33610 0.16321
v -0.28510 0.33610 0.19386
v -0.29048 0.33610 0.22782
v -0.28510 0.33610 0.26179
v -0.26948 0.33610 0.29243
v -0.24517 0.33610 0.31675
v -0.21452 0.33610 0.33237
v -0.18056 0.33610 0.33775
v -0.14659 0.33610 0.33237
v -0.11595 0.33610 0.31675
v -0.09163 0.33610 0.29243
v -0.07601 0.33610 0.26179
v -0.07063 0.33610 0.22782
v -0.09520 0.36554 0.20009
v -0.10795 0.36554 0.17507
v -0.12780 0.36554 0.15521
v -0.15282 0.36554 0.14247
v -0.18056 0.36554 0.13807
v -0.20829 0.36554 0.14247
v -0.23331 0.36554 0.15521
v -0.25317 0.36554 0.17507
v -0.26591 0.36554 0.20009
v -0.27031 0.36554 0.22782
v -0.26591 0.36554 0.25556
v -0.25317 0.36554 0.28058
v -0.23331 0.36554 0.30043
v -0.20829 0.36554 0.31318
v -0.18056 0.36554 0.31757
v -0.15282 0.36554 0.31318
v -0.12780 0.36554 0.30043
v -0.10795 0.36554 0.28058
v -0.09520 0.36554 0.25556
v -0.09081 0.36554 0.22782
v -0.12020 0.38813 0.20821
v -0.12921 0.38813 0.19052
v -0.14325 0.38813 0.17648
v -0.16095 0.38813 0.16747
v -0.18056 0.38813 0.16436
v -0.20017 0.38813 0.16747
v -0.21786 0.38813 0.17648
v -0.23190 0.38813 0.19052
v -0.24091 0.38813 0.20821
v -0.24402 0.38813 0.22782
v -0.24091 0.38813 0.24743
v -0.23190 0.38813 0.26513
v -0.21786 0.38813 0.27917
v -0.20017 0.38813 0.28818
v -0.18056 0.38813 0.29129
v -0.16095 0.38813 0.28818
v -0.14325 0.38813 0.27917
v -0.12921 0.38813 0.26513
v -0.12020 0.38813 0.24743
v -0.11709 0.38813 0.22782
v -0.14931 0.40233 0.21767
v -0.15398 0.40233 0.20851
v -0.16125 0.40233 0.20125
v -0.17040 0.40233 0.19658
v -0.18056 0.40233 0.19497
v -0.19071 0.40233 0.19658
v -0.19987 0.40233 0.20125
v -0.20713 0.40233 0.20851
v -0.21180 0.40233 0.21767
v -0.21341 0.40233 0.22782
v -0.21180 0.40233 0.23797
v -0.20713 0.40233 0.24713
v -0.19987 0.40233 0.25440
v -0.19071 0.40233 0.25907
v -0.18056 0.40233 0.26067
v -0.17040 0.40233 0.25907
v -0.16125 0.40233 0.25440
v -0.15398 0.40233 0.24713
v -0.14931 0.40233 0.23797
v -0.14771 0.40233 0.22782
v -0.18056 0.12286 0.22782
v -0.18056 0.40718 0.22782
v 0.21308 0.12733 0.21683
v 0.20842 0.12733 0.20767
v 0.20115 0.12733 0.20040
v 0.19199 0.12733 0.19574
v 0.18184 0.12733 0.19413
v 0.17169 0.12733 0.19574
v 0.16253 0.12733 0.20040
v 0.15526 0.12733 0.20767
v 0.15060 0.12733 0.21683
v 0.14899 0.12733 0.22698
v 0.15060 0.12733 0.23713
v 0.15526 0.12733 0.24629
v 0.16253 0.12733 0.25356
v 0.17169 0.12733 0.25822
v 0.18184 0.12733 0.25983
v 0.19199 0.12733 0.25822
v 0.20115 0.12733 0.25356
v 0.20842 0.12733 0.24629
v 0.21308 0.12733 0.23713
v 0.21469 0.12733 0.22698
v 0.24220 0.14153 0.20737
v 0.23318 0.14153 0.18968
v 0.21914 0.14153 0.17564
v 0.20145 0.14153 0.16662
v 0.18184 0.14153 0.16352
v 0.16223 0.14153 0.16662
v 0.14454 0.14153 0.17564
v 0.13050 0.14153 0.18968
v 0.12148 0.14153 0.20737
v 0.11838 0.14153 0.22698
v 0.12148 0.14153 0.24659
v 0.13050 0.14153 0.26428
v 0.14454 0.14153 0.27832
v 0.16223 0.14153 0.28734
v 0.18184 0.14153 0.29044
v 0.20145 0.14153 0.28734
v 0.21914 0.14153 0.27832
v 0.23318 0.14153 0.26428
v 0.24220 0.14153 0.24659
v 0.24530 0.14153 0.22698
v 0.26720 0.16412 0.19925
v 0.25445 0.16412 0.17423
v 0.23459 0.16412 0.15437
v 0.20957 0.16412 0.14162
v 0.18184 0.16412 0.13723
v 0.15410 0.16412 0.14162
v 0.12908 0.16412 0.15437
v 0.10923 0.16412 0.17423
v 0.09648 0.16412 0.19925
v 0.09209 0.16412 0.22698
v 0.09648 0.16412 0.25471
v 0.10923 0.16412 0.27973
v 0.12908 0.16412 0.29959
v 0.15410 0.16412 0.31234
v 0.18184 0.16412 0.31673
v 0.20957 0.16412 0.31234
v 0.23459 0.16412 0.29959
v 0.25445 0.16412 0.27973
v 0.26720 0.16412 0.25471
v 0.27159 0.16412 0.22698
v 0.28638 0.19356 0.19301
v 0.27077 0.19356 0.16237
v 0.24645 0.19356 0.13805
v 0.21581 0.19356 0.12244
v 0.18184 0.19356 0.11706
v 0.14787 0.19356 0.12244
v 0.11723 0.19356 0.13805
v 0.09291 0.19356 0.16237
v 0.07730 0.19356 0.19301
v 0.07192 0.19356 0.22698
v 0.07730 0.19356 0.26095
v 0.09291 0.19356 0.29159
v 0.11723 0.19356 0.31591
v 0.14787 0.19356 0.33152
v 0.18184 0.19356 0.33690
v 0.21581 0.19356 0.33152
v 0.24645 0.19356 0.31591
v 0.27077 0.19356 0.29159
v 0.28638 0.19356 0.26095
v 0.29176 0.19356 0.22698
v 0.29844 0.22785 0.18909
v 0.28103 0.22785 0.15492
v 0.25390 0.22785 0.12779
v 0.21972 0.22785 0.11038
v 0.18184 0.22785 0.10438
v 0.14395 0.22785 0.11038
v 0.10978 0.22785 0.12779
v 0.08265 0.22785 0.15492
v 0.06524 0.22785 0.18909
v 0.05924 0.22785 0.22698
v 0.06524 0.22785 0.26487
v 0.08265 0.22785 0.29904
v 0.10978 0.22785 0.32617
v 0.14395 0.22785 0.34358
v 0.18184 0.22785 0.34958
v 0.21972 0.22785 0.34358
v 0.25390 0.22785 0.32617
v 0.28103 0.22785 0.29904
v 0.29844 0.22785 0.26487
v 0.30444 0.22785 0.22698
v 0.30255 0.26464 0.18776
v 0.28452 0.26464 0.15237
v 0.25644 0.26464 0.12429
v 0.22106 0.26464 0.10627
v 0.18184 0.26464 0.10005
v 0.14262 0.26464 0.10627
v 0.10723 0.26464 0.12429
v 0.07915 0.26464 0.15237
v 0.06112 0.26464 0.18776
v 0.05491 0.26464 0.22698
v 0.06112 0.26464 0.26620
v 0.07915 0.26464 0.30159
v 0.10723 0.26464 0.32967
v 0.14262 0.26464 0.34769
v 0.18184 0.26464 0.35391
v 0.22106 0.26464 0.34769
v 0.25644 0.26464 0.32967
v 0.28452 0.26464 0.30159
v 0.30255 0.26464 0.26620
v 0.30877 0.26464 0.22698
v 0.29844 0.30144 0.18909
v 0.28103 0.30144 0.15492
v 0.25390 0.30144 0.12779
v 0.21972 0.30144 0.11038
v 0.18184 0.30144 0.10438
v 0.14395 0.30144 0.11038
v 0.10978 0.30144 0.12779
v 0.08265 0.30144 0.15492
v 0.06524 0.30144 0.18909
v 0.05924 0.30144 0.22698
v 0.06524 0.30144 0.26487
v 0.08265 0.30144 0.29904
v 0.10978 0.30144 0.32617
v 0.14395 0.30144 0.34358
v 0.18184 0.30144 0.34958
v 0.21972 0.30144 0.34358
v 0.25390 0.30144 0.32617
v 0.28103 0.30144 0.29904
v 0.29844 0.30144 0.26487
v 0.30444 0.30144 0.22698
v 0.28638 0.33572 0.19301
v 0.27077 0.33572 0.16237
v 0.24645 0.33572 0.13805
v 0.21581 0.33572 0.12244
v 0.18184 0.33572 0.11706
v 0.14787 0.33572 0.12244
v 0.11723 0.33572 0.13805
v 0.09291 0.33572 0.16237
v 0.07730 0.33572 0.19301
v 0.07192 0.33572 0.22698
v 0.07730 0.33572 0.26095
v 0.09291 0.33572 0.29159
v 0.11723 0.33572 0.31591
v 0.14787 0.33572 0.33152
v 0.18184 0.33572 0.33690
v 0.21581 0.33572 0.33152
v 0.24645 0.33572 0.31591
v 0.27077 0.33572 0.29159
v 0.28638 0.33572 0.26095
v 0.29176 0.33572 0.22698
v 0.26720 0.36516 0.19925
v 0.25445 0.36516 0.17423
v 0.23459 0.36516 0.15437
v 0.20957 0.36516 0.14162
v 0.18184 0.36516 0.13723
v 0.15410 0.36516 0.14162
v 0.12908 0.36516 0.15437
v 0.10923 0.36516 0.17423
v 0.09648 0.36516 0.19925
v 0.09209 0.36516 0.22698
v 0.09648 0.36516 0.25471
v 0.10923 0.36516 0.27973
v 0.12908 0.36516 0.29959
v 0.15410 0.36516 0.31234
v 0.18184 0.36516 0.31673
v 0.20957 0.36516 0.31234
v 0.23459 0.36516 0.29959
v 0.25445 0.36516 0.27973
v 0.26720 0.36516 0.25471
v 0.27159 0.36516 0.22698
v 0.24220 0.38776 0.20737
v 0.23318 0.38776 0.18968
v 0.21914 0.38776 0.17564
v 0.20145 0.38776 0.16662
v 0.18184 0.38776 0.16352
v 0.16223 0.38776 0.16662
v 0.14454 0.38776 0.17564
v 0.13050 0.38776 0.18968
v 0.12148 0.38776 0.20737
v 0.11838 0.38776 0.22698
v 0.12148 0.38776 0.24659
v 0.13050 0.38776 0.26428
v 0.14454 0.38776 0.27832
v 0.16223 0.38776 0.28734
v 0.18184 0.38776 0.29044
v 0.20145 0.38776 0.28734
v 0.21914 0.38776 0.27832
v 0.23318 0.38776 0.26428
v 0.24220 0.38776 0.24659
v 0.24530 0.38776 0.22698
v 0.21308 0.40196 0.21683
v 0.20842 0.40196 0.20767
v 0.20115 0.40196 0.20040
v 0.19199 0.40196 0.19574
v 0.18184 0.40196 0.19413
v 0.17169 0.40196 0.19574
v 0.16253 0.40196 0.20040
v 0.15526 0.40196 0.20767
v 0.15060 0.40196 0.21683
v 0.14899 0.40196 0.22698
v 0.15060 0.40196 0.23713
v 0.15526 0.40196 0.24629
v 0.16253 0.40196 0.25356
v 0.17169 0.40196 0.25822
v 0.18184 0.40196 0.25983
v 0.19199 0.40196 0.25822
v 0.20115 0.40196 0.25356
v 0.20842 0.40196 0.24629
v 0.21308 0.40196 0.23713
v 0.21469 0.40196 0.22698
v 0.18184 0.12249 0.22698
v 0.18184 0.40680 0.22698
vt 0.884202 0.428589
vt 0.887887 0.432177
vt 0.875043 0.444844
vt 0.867347 0.439357
vt 0.892674 0.434777
vt 0.884011 0.448582
vt 0.898171 0.436350
vt 0.893736 0.450780
vt 0.904019 0.436887
vt 0.903834 0.451574
vt 0.909876 0.436381
vt 0.913976 0.451006
vt 0.915396 0.434822
vt 0.923834 0.449031
vt 0.920209 0.432201
vt 0.933028 0.445498
vt 0.923901 0.428536
vt 0.941058 0.440161
vt 0.926007 0.423909
vt 0.809548 0.815749
vt 0.834940 0.810996
vt 0.816335 0.823973
vt 0.839280 0.814893
vt 0.825309 0.829839
vt 0.844825 0.817619
vt 0.835642 0.833662
vt 0.851127 0.819149
vt 0.846765 0.835706
vt 0.857778 0.819489
vt 0.858245 0.836141
vt 0.864392 0.818646
vt 0.869712 0.835032
vt 0.870576 0.816625
vt 0.880791 0.832339
vt 0.875910 0.813434
vt 0.891049 0.827914
vt 0.879926 0.809111
vt 0.899903 0.821496
vt 0.882099 0.803771
vt 0.861663 0.431869
vt 0.865070 0.458836
vt 0.853575 0.453004
vt 0.877438 0.462638
vt 0.890311 0.464838
vt 0.903441 0.465679
vt 0.916628 0.465250
vt 0.929683 0.463500
vt 0.942387 0.460223
vt 0.954446 0.455002
vt 0.789625 0.830856
vt 0.801354 0.840072
vt 0.814649 0.846153
vt 0.828839 0.849892
vt 0.843529 0.851794
vt 0.858447 0.852144
vt 0.873372 0.851051
vt 0.888085 0.848468
vt 0.902332 0.844170
vt 0.915757 0.837699
vt 0.843571 0.444466
vt 0.857836 0.473846
vt 0.843251 0.468923
vt 0.872716 0.476970
vt 0.887783 0.478776
vt 0.902962 0.479523
vt 0.918190 0.479321
vt 0.933418 0.478148
vt 0.948610 0.475837
vt 0.963751 0.472017
vt 0.774059 0.850663
vt 0.790387 0.858588
vt 0.807142 0.863496
vt 0.824148 0.866351
vt 0.841306 0.867705
vt 0.858541 0.867854
vt 0.875789 0.866925
vt 0.892992 0.864895
vt 0.910101 0.861578
vt 0.927084 0.856552
vt 0.829149 0.461358
vt 0.853249 0.489562
vt 0.836603 0.486444
vt 0.869699 0.491525
vt 0.886079 0.492690
vt 0.902452 0.493254
vt 0.918853 0.493314
vt 0.935326 0.492893
vt 0.951959 0.491936
vt 0.968942 0.490276
vt 0.764035 0.873960
vt 0.783658 0.878749
vt 0.802666 0.881517
vt 0.821398 0.882985
vt 0.840014 0.883552
vt 0.858595 0.883438
vt 0.877183 0.882752
vt 0.895833 0.881518
vt 0.914638 0.879668
vt 0.933807 0.877006
vt 0.819487 0.481524
vt 0.851266 0.505692
vt 0.833787 0.504898
vt 0.868310 0.506228
vt 0.885159 0.506618
vt 0.901934 0.506943
vt 0.918709 0.507268
vt 0.935557 0.507659
vt 0.952601 0.508195
vt 0.970080 0.508988
vt 0.760364 0.899251
vt 0.781315 0.899791
vt 0.801160 0.899887
vt 0.820500 0.899711
vt 0.839611 0.899379
vt 0.858636 0.898975
vt 0.877661 0.898572
vt 0.896773 0.898240
vt 0.916113 0.898064
vt 0.935958 0.898159
vt 0.815349 0.503673
vt 0.851908 0.521951
vt 0.834925 0.523610
vt 0.868541 0.520994
vt 0.885014 0.520573
vt 0.901415 0.520633
vt 0.917788 0.521196
vt 0.934169 0.522362
vt 0.950619 0.524325
vt 0.967264 0.527443
vt 0.763464 0.924855
vt 0.783466 0.920944
vt 0.802635 0.918283
vt 0.821440 0.916433
vt 0.840090 0.915199
vt 0.858679 0.914513
vt 0.877260 0.914399
vt 0.895876 0.914965
vt 0.914607 0.916433
vt 0.933615 0.919201
vt 0.817164 0.526341
vt 0.855257 0.538049
vt 0.840116 0.541870
vt 0.870449 0.535739
vt 0.885677 0.534566
vt 0.900906 0.534363
vt 0.916084 0.535111
vt 0.931151 0.536917
vt 0.946031 0.540040
vt 0.960615 0.544963
vt 0.773338 0.948964
vt 0.790187 0.941398
vt 0.807171 0.936372
vt 0.824281 0.933055
vt 0.841484 0.931025
vt 0.858732 0.930096
vt 0.875967 0.930246
vt 0.893125 0.931599
vt 0.910131 0.934455
vt 0.926885 0.939363
vt 0.825001 0.547933
vt 0.861480 0.553663
vt 0.849422 0.558884
vt 0.874185 0.550386
vt 0.887239 0.548637
vt 0.900427 0.548207
vt 0.913556 0.549048
vt 0.926430 0.551249
vt 0.938797 0.555050
vt 0.950291 0.560883
vt 0.789490 0.969693
vt 0.801516 0.960251
vt 0.814941 0.953781
vt 0.829188 0.949482
vt 0.843901 0.946899
vt 0.858827 0.945807
vt 0.873744 0.946156
vt 0.888433 0.948058
vt 0.902625 0.951797
vt 0.915918 0.957878
vt 0.838489 0.566772
vt 0.870839 0.568388
vt 0.862809 0.573726
vt 0.880033 0.564856
vt 0.889891 0.562880
vt 0.900033 0.562312
vt 0.910131 0.563106
vt 0.919857 0.565304
vt 0.928823 0.569042
vt 0.936519 0.574530
vt 0.810762 0.985216
vt 0.817370 0.976455
vt 0.826224 0.970037
vt 0.836482 0.965611
vt 0.847562 0.962919
vt 0.859028 0.961810
vt 0.870508 0.962244
vt 0.881631 0.964288
vt 0.891965 0.968112
vt 0.900939 0.973977
vt 0.856674 0.581208
vt 0.883658 0.581686
vt 0.879965 0.585351
vt 0.888471 0.579065
vt 0.893991 0.577506
vt 0.899848 0.576999
vt 0.905696 0.577536
vt 0.911193 0.579110
vt 0.915980 0.581709
vt 0.919664 0.585298
vt 0.835173 0.994180
vt 0.837348 0.988840
vt 0.841362 0.984517
vt 0.846697 0.981326
vt 0.852880 0.979304
vt 0.859495 0.978462
vt 0.866146 0.978801
vt 0.872448 0.980331
vt 0.877993 0.983057
vt 0.882333 0.986955
vt 0.877860 0.589977
vt 0.903771 0.420839
vt 0.860513 0.996636
vt 0.884974 0.991923
vt 0.900095 0.593047
vt 0.921813 0.589769
vt 0.856759 0.801314
vt 0.882054 0.424117
vt 0.832300 0.806027
vt 0.907725 0.982201
vt 0.942204 0.582018
vt 0.927648 0.967094
vt 0.960296 0.569421
vt 0.943215 0.947288
vt 0.974718 0.552528
vt 0.953237 0.923991
vt 0.984380 0.532363
vt 0.956908 0.898700
vt 0.988518 0.510213
vt 0.953809 0.873095
vt 0.986703 0.487545
vt 0.943935 0.848986
vt 0.978866 0.465953
vt 0.927784 0.828257
vt 0.965378 0.447115
vt 0.906512 0.812734
vt 0.947192 0.432678
vt 0.747691 0.594212
vt 0.743902 0.590734
vt 0.756363 0.577691
vt 0.764219 0.582948
vt 0.739040 0.588278
vt 0.747289 0.574222
vt 0.733498 0.586869
vt 0.737503 0.572313
vt 0.727637 0.586506
vt 0.727385 0.571820
vt 0.721798 0.587186
vt 0.717265 0.572689
vt 0.716327 0.588909
vt 0.707470 0.574957
vt 0.711594 0.591672
vt 0.698385 0.578761
vt 0.708012 0.595445
vt 0.690517 0.584334
vt 0.706045 0.600132
vt 0.684608 0.591996
vt 0.834993 0.602070
vt 0.837467 0.607125
vt 0.818439 0.619474
vt 0.811931 0.611028
vt 0.841675 0.611165
vt 0.827212 0.625636
vt 0.847126 0.614074
vt 0.837413 0.629801
vt 0.853373 0.615813
vt 0.848462 0.632215
vt 0.860010 0.616374
vt 0.859921 0.633033
vt 0.866648 0.615752
vt 0.871418 0.632306
vt 0.872896 0.613938
vt 0.882582 0.629985
vt 0.878334 0.610927
vt 0.892981 0.625904
vt 0.882492 0.606740
vt 0.902045 0.619785
vt 0.884842 0.601476
vt 0.908941 0.611248
vt 0.749972 0.598618
vt 0.770123 0.590264
vt 0.765916 0.563409
vt 0.777579 0.568898
vt 0.753441 0.559977
vt 0.740509 0.558160
vt 0.727360 0.557710
vt 0.714191 0.558531
vt 0.701194 0.560667
vt 0.688592 0.564321
vt 0.676694 0.569898
vt 0.666001 0.578107
vt 0.802931 0.635065
vt 0.791514 0.625463
vt 0.816015 0.641586
vt 0.830073 0.645797
vt 0.844691 0.648187
vt 0.859589 0.649034
vt 0.874542 0.648439
vt 0.889334 0.646349
vt 0.903717 0.642527
vt 0.917350 0.636508
vt 0.929684 0.627473
vt 0.787833 0.577135
vt 0.772701 0.548191
vt 0.787425 0.552678
vt 0.757735 0.545511
vt 0.742621 0.544154
vt 0.727427 0.543857
vt 0.712211 0.544512
vt 0.697025 0.546138
vt 0.681908 0.548899
vt 0.666887 0.553168
vt 0.651959 0.559678
vt 0.791352 0.653205
vt 0.775295 0.644740
vt 0.807934 0.658669
vt 0.824835 0.662090
vt 0.841938 0.664015
vt 0.859159 0.664739
vt 0.876428 0.664385
vt 0.893691 0.662930
vt 0.910902 0.660186
vt 0.928043 0.655729
vt 0.945136 0.648729
vt 0.801746 0.559821
vt 0.776820 0.532345
vt 0.793551 0.534967
vt 0.760319 0.530872
vt 0.743911 0.530195
vt 0.727528 0.530118
vt 0.711133 0.530545
vt 0.694679 0.531455
vt 0.678082 0.532907
vt 0.661156 0.535070
vt 0.643484 0.538328
vt 0.783954 0.673131
vt 0.764502 0.667691
vt 0.802858 0.676531
vt 0.821531 0.678623
vt 0.840119 0.679810
vt 0.858693 0.680316
vt 0.877295 0.680250
vt 0.895975 0.679639
vt 0.914831 0.678417
vt 0.934080 0.676396
vt 0.954201 0.673154
vt 0.810805 0.539377
vt 0.778322 0.516164
vt 0.795817 0.516438
vt 0.761270 0.516135
vt 0.744416 0.516245
vt 0.727640 0.516419
vt 0.710863 0.516593
vt 0.694009 0.516703
vt 0.676957 0.516674
vt 0.659462 0.516400
vt 0.640996 0.515724
vt 0.780911 0.694083
vt 0.759989 0.692845
vt 0.800742 0.694841
vt 0.820076 0.695309
vt 0.839189 0.695615
vt 0.858217 0.695846
vt 0.877245 0.696077
vt 0.896357 0.696383
vt 0.915692 0.696852
vt 0.935523 0.697609
vt 0.956444 0.698848
vt 0.814283 0.517114
vt 0.777197 0.499931
vt 0.794123 0.497768
vt 0.760600 0.501382
vt 0.744146 0.502293
vt 0.727751 0.502720
vt 0.711369 0.502643
vt 0.694960 0.501966
vt 0.678459 0.500493
vt 0.661728 0.497871
vt 0.644474 0.493461
vt 0.782354 0.715297
vt 0.762233 0.718539
vt 0.801602 0.713276
vt 0.820459 0.712054
vt 0.839139 0.711442
vt 0.857741 0.711377
vt 0.876315 0.711882
vt 0.894903 0.713069
vt 0.913575 0.715161
vt 0.932480 0.718562
vt 0.951932 0.724003
vt 0.811795 0.494510
vt 0.773371 0.483939
vt 0.788392 0.479670
vt 0.758254 0.486700
vt 0.743068 0.488326
vt 0.727852 0.488980
vt 0.712659 0.488684
vt 0.697544 0.487327
vt 0.682579 0.484647
vt 0.667854 0.480160
vt 0.653533 0.473017
vt 0.788391 0.735964
vt 0.771297 0.742964
vt 0.805532 0.731507
vt 0.822743 0.728762
vt 0.840005 0.727307
vt 0.857275 0.726954
vt 0.874496 0.727678
vt 0.891599 0.729602
vt 0.908500 0.733023
vt 0.925082 0.738488
vt 0.941138 0.746953
vt 0.803320 0.473160
vt 0.766687 0.468517
vt 0.778585 0.462940
vt 0.754085 0.472171
vt 0.741088 0.474307
vt 0.727920 0.475128
vt 0.714770 0.474678
vt 0.701838 0.472861
vt 0.689363 0.469428
vt 0.677700 0.463940
vt 0.667446 0.455703
vt 0.799084 0.755184
vt 0.786749 0.764220
vt 0.812718 0.749165
vt 0.827100 0.745343
vt 0.841892 0.743253
vt 0.856845 0.742659
vt 0.871743 0.743505
vt 0.886362 0.745896
vt 0.900419 0.750107
vt 0.913503 0.756628
vt 0.924919 0.766230
vt 0.789278 0.454731
vt 0.756894 0.454077
vt 0.764762 0.448503
vt 0.747809 0.457881
vt 0.738014 0.460149
vt 0.727894 0.461017
vt 0.717777 0.460525
vt 0.707990 0.458616
vt 0.698916 0.455147
vt 0.691060 0.449890
vt 0.685156 0.442574
vt 0.814389 0.771907
vt 0.807493 0.780445
vt 0.823452 0.765789
vt 0.833852 0.761707
vt 0.845015 0.759386
vt 0.856513 0.758660
vt 0.867972 0.759477
vt 0.879021 0.761891
vt 0.889221 0.766056
vt 0.897995 0.772218
vt 0.904503 0.780664
vt 0.770671 0.440842
vt 0.743685 0.441167
vt 0.747267 0.437393
vt 0.738952 0.443929
vt 0.733481 0.445652
vt 0.727642 0.446332
vt 0.721781 0.445969
vt 0.716240 0.444560
vt 0.711377 0.442103
vt 0.707588 0.438626
vt 0.705307 0.434220
vt 0.833942 0.784952
vt 0.831592 0.790217
vt 0.838100 0.780766
vt 0.843538 0.777754
vt 0.849786 0.775940
vt 0.856424 0.775318
vt 0.863060 0.775879
vt 0.869308 0.777619
vt 0.874758 0.780528
vt 0.878966 0.784568
vt 0.881440 0.789622
vt 0.749234 0.432706
vt 0.728362 0.602539
vt 0.859598 0.598176
vt 0.726917 0.430299
vt 0.856836 0.793517
usemtl PezNormal
s 1
f 853/871 854/872 874/873
f 853/871 874/873 873/874
f 854/872 855/875 875/876
f 854/872 875/876 874/873
f 855/875 856/877 876/878
f 855/875 876/878 875/876
f 856/877 857/879 877/880
f 856/877 877/880 876/878
f 857/879 858/881 878/882
f 857/879 878/882 877/880
f 858/881 859/883 879/884
f 858/881 879/884 878/882
f 859/883 860/885 880/886
f 859/883 880/886 879/884
f 860/885 861/887 881/888
f 860/885 881/888 880/886
f 861/887 862/889 882/1116
f 861/887 882/1116 881/888
f 862/1098 863/891 883/892
f 862/1098 883/892 882/890
f 863/891 864/893 884/894
f 863/891 884/894 883/892
f 864/893 865/895 885/896
f 864/893 885/896 884/894
f 865/895 866/897 886/898
f 865/895 886/898 885/896
f 866/897 867/899 887/900
f 866/897 887/900 886/898
f 867/899 868/901 888/902
f 867/899 888/902 887/900
f 868/901 869/903 889/904
f 868/901 889/904 888/902
f 869/903 870/905 890/906
f 869/903 890/906 889/904
f 870/905 871/907 891/908
f 870/905 891/908 890/906
f 871/907 872/909 892/1115
f 871/907 892/1115 891/908
f 872/1097 853/871 873/874
f 872/1097 873/874 892/910
f 873/874 874/873 894/911
f 873/874 894/911 893/912
f 874/873 875/876 895/913
f 874/873 895/913 894/911
f 875/876 876/878 896/914
f 875/876 896/914 895/913
f 876/878 877/880 897/915
f 876/878 897/915 896/914
f 877/880 878/882 898/916
f 877/880 898/916 897/915
f 878/882 879/884 899/917
f 878/882 899/917 898/916
f 879/884 880/886 900/918
f 879/884 900/918 899/917
f 880/886 881/888 901/919
f 880/886 901/919 900/918
f 881/888 882/1116 902/1114
f 881/888 902/1114 901/919
f 882/890 883/892 903/921
f 882/890 903/921 902/920
f 883/892 884/894 904/922
f 883/892 904/922 903/921
f 884/894 885/896 905/923
f 884/894 905/923 904/922
f 885/896 886/898 906/924
f 885/896 906/924 905/923
f 886/898 887/900 907/925
f 886/898 907/925 906/924
f 887/900 888/902 908/926
f 887/900 908/926 907/925
f 888/902 889/904 909/927
f 888/902 909/927 908/926
f 889/904 890/906 910/928
f 889/904 910/928 909/927
f 890/906 891/908 911/929
f 890/906 911/929 910/928
f 891/908 892/1115 912/1113
f 891/908 912/1113 911/929
f 892/910 873/874 893/912
f 892/910 893/912 912/930
f 893/912 894/911 914/931
f 893/912 914/931 913/932
f 894/911 895/913 915/933
f 894/911 915/933 914/931
f 895/913 896/914 916/934
f 895/913 916/934 915/933
f 896/914 897/915 917/935
f 896/914 917/935 916/934
f 897/915 898/916 918/936
f 897/915 918/936 917/935
f 898/916 899/917 919/937
f 898/916 919/937 918/936
f 899/917 900/918 920/938
f 899/917 920/938 919/937
f 900/918 901/919 921/939
f 900/918 921/939 920/938
f 901/919 902/1114 922/1112
f 901/919 922/1112 921/939
f 902/920 903/921 923/941
f 902/920 923/941 922/940
f 903/921 904/922 924/942
f 903/921 924/942 923/941
f 904/922 905/923 925/943
f 904/922 925/943 924/942
f 905/923 906/924 926/944
f 905/923 926/944 925/943
f 906/924 907/925 927/945
f 906/924 927/945 926/944
f 907/925 908/926 928/946
f 907/925 928/946 927/945
f 908/926 909/927 929/947
f 908/926 929/947 928/946
f 909/927 910/928 930/948
f 909/927 930/948 929/947
f 910/928 911/929 931/949
f 910/928 931/949 930/948
f 911/929 912/1113 932/1111
f 911/929 932/1111 931/949
f 912/930 893/912 913/932
f 912/930 913/932 932/950
f 913/932 914/931 934/951
f 913/932 934/951 933/952
f 914/931 915/933 935/953
f 914/931 935/953 934/951
f 915/933 916/934 936/954
f 915/933 936/954 935/953
f 916/934 917/935 937/955
f 916/934 937/955 936/954
f 917/935 918/936 938/956
f 917/935 938/956 937/955
f 918/936 919/937 939/957
f 918/936 939/957 938/956
f 919/937 920/938 940/958
f 919/937 940/958 939/957
f 920/938 921/939 941/959
f 920/938 941/959 940/958
f 921/939 922/1112 942/1110
f 921/939 942/1110 941/959
f 922/940 923/941 943/961
f 922/940 943/961 942/960
f 923/941 924/942 944/962
f 923/941 944/962 943/961
f 924/942 925/943 945/963
f 924/942 945/963 944/962
f 925/943 926/944 946/964
f 925/943 946/964 945/963
f 926/944 927/945 947/965
f 926/944 947/965 946/964
f 927/945 928/946 948/966
f 927/945 948/966 947/965
f 928/946 929/947 949/967
f 928/946 949/967 948/966
f 929/947 930/948 950/968
f 929/947 950/968 949/967
f 930/948 931/949 951/969
f 930/948 951/969 950/968
f 931/949 932/1111 952/1109
f 931/949 952/1109 951/969
f 932/950 913/932 933/952
f 932/950 933/952 952/970
f 933/952 934/951 954/971
f 933/952 954/971 953/972
f 934/951 935/953 955/973
f 934/951 955/973 954/971
f 935/953 936/954 956/974
f 935/953 956/974 955/973
f 936/954 937/955 957/975
f 936/954 957/975 956/974
f 937/955 938/956 958/976
f 937/955 958/976 957/975
f 938/956 939/957 959/977
f 938/956 959/977 958/976
f 939/957 940/958 960/978
f 939/957 960/978 959/977
f 940/958 941/959 961/979
f 940/958 961/979 960/978
f 941/959 942/1110 962/1108
f 941/959 962/1108 961/979
f 942/960 943/961 963/981
f 942/960 963/981 962/980
f 943/961 944/962 964/982
f 943/961 964/982 963/981
f 944/962 945/963 965/983
f 944/962 965/983 964/982
f 945/963 946/964 966/984
f 945/963 966/984 965/983
f 946/964 947/965 967/985
f 946/964 967/985 966/984
f 947/965 948/966 968/986
f 947/965 968/986 967/985
f 948/966 949/967 969/987
f 948/966 969/987 968/986
f 949/967 950/968 970/988
f 949/967 970/988 969/987
f 950/968 951/969 971/989
f 950/968 971/989 970/988
f 951/969 952/1109 972/1107
f 951/969 972/1107 971/989
f 952/970 933/952 953/972
f 952/970 953/972 972/990
f 953/972 954/971 974/991
f 953/972 974/991 973/992
f 954/971 955/973 975/993
f 954/971 975/993 974/991
f 955/973 956/974 976/994
f 955/973 976/994 975/993
f 956/974 957/975 977/995
f 956/974 977/995 976/994
f 957/975 958/976 978/996
f 957/975 978/996 977/995
f 958/976 959/977 979/997
f 958/976 979/997 978/996
f 959/977 960/978 980/998
f 959/977 980/998 979/997
f 960/978 961/979 981/999
f 960/978 981/999 980/998
f 961/979 962/1108 982/1106
f 961/979 982/1106 981/999
f 962/980 963/981 983/1001
f 962/980 983/1001 982/1000
f 963/981 964/982 984/1002
f 963/981 984/1002 983/1001
f 964/982 965/983 985/1003
f 964/982 985/1003 984/1002
f 965/983 966/984 986/1004
f 965/983 986/1004 985/1003
f 966/984 967/985 987/1005
f 966/984 987/1005 986/1004
f 967/985 968/986 988/1006
f 967/985 988/1006 987/1005
f 968/986 969/987 989/1007
f 968/986 989/1007 988/1006
f 969/987 970/988 990/1008
f 969/987 990/1008 989/1007
f 970/988 971/989 991/1009
f 970/988 991/1009 990/1008
f 971/989 972/1107 992/1105
f 971/989 992/1105 991/1009
f 972/990 953/972 973/992
f 972/990 973/992 992/1010
f 973/992 974/991 994/1011
f 973/992 994/1011 993/1012
f 974/991 975/993 995/1013
f 974/991 995/1013 994/1011
f 975/993 976/994 996/1014
f 975/993 996/1014 995/1013
f 976/994 977/995 997/1015
f 976/994 997/1015 996/1014
f 977/995 978/996 998/1016
f 977/995 998/1016 997/1015
f 978/996 979/997 999/1017
f 978/996 999/1017 998/1016
f 979/997 980/998 1000/1018
f 979/997 1000/1018 999/1017
f 980/998 981/999 1001/1019
f 980/998 1001/1019 1000/1018
f 981/999 982/1106 1002/1104
f 981/999 1002/1104 1001/1019
f 982/1000 983/1001 1003/1021
f 982/1000 1003/1021 1002/1020
f 983/1001 984/1002 1004/1022
f 983/1001 1004/1022 1003/1021
f 984/1002 985/1003 1005/1023
f 984/1002 1005/1023 1004/1022
f 985/1003 986/1004 1006/1024
f 985/1003 1006/1024 1005/1023
f 986/1004 987/1005 1007/1025
f 986/1004 1007/1025 1006/1024
f 987/1005 988/1006 1008/1026
f 987/1005 1008/1026 1007/1025
f 988/1006 989/1007 1009/1027
f 988/1006 1009/1027 1008/1026
f 989/1007 990/1008 1010/1028
f 989/1007 1010/1028 1009/1027
f 990/1008 991/1009 1011/1029
f 990/1008 1011/1029 1010/1028
f 991/1009 992/1105 1012/1103
f 991/1009 1012/1103 1011/1029
f 992/1010 973/992 993/1012
f 992/1010 993/1012 1012/1030
f 993/1012 994/1011 1014/1031
f 993/1012 1014/1031 1013/1032
f 994/1011 995/1013 1015/1033
f 994/1011 1015/1033 1014/1031
f 995/1013 996/1014 1016/1034
f 995/1013 1016/1034 1015/1033
f 996/1014 997/1015 1017/1035
f 996/1014 1017/1035 1016/1034
f 997/1015 998/1016 1018/1036
f 997/1015 1018/1036 1017/1035
f 998/1016 999/1017 1019/1037
f 998/1016 1019/1037 1018/1036
f 999/1017 1000/1018 1020/1038
f 999/1017 1020/1038 1019/1037
f 1000/1018 1001/1019 1021/1039
f 1000/1018 1021/1039 1020/1038
f 1001/1019 1002/1104 1022/1102
f 1001/1019 1022/1102 1021/1039
f 1002/1020 1003/1021 1023/1041
f 1002/1020 1023/1041 1022/1040
f 1003/1021 1004/1022 1024/1042
f 1003/1021 1024/1042 1023/1041
f 1004/1022 1005/1023 1025/1043
f 1004/1022 1025/1043 1024/1042
f 1005/1023 1006/1024 1026/1044
f 1005/1023 1026/1044 1025/1043
f 1006/1024 1007/1025 1027/1045
f 1006/1024 1027/1045 1026/1044
f 1007/1025 1008/1026 1028/1046
f 1007/1025 1028/1046 1027/1045
f 1008/1026 1009/1027 1029/1047
f 1008/1026 1029/1047 1028/1046
f 1009/1027 1010/1028 1030/1048
f 1009/1027 1030/1048 1029/1047
f 1010/1028 1011/1029 1031/1049
f 1010/1028 1031/1049 1030/1048
f 1011/1029 1012/1103 1032/1101
f 1011/1029 1032/1101 1031/1049
f 1012/1030 993/1012 1013/1032
f 1012/1030 1013/1032 1032/1050
f 1013/1032 1014/1031 1034/1051
f 1013/1032 1034/1051 1033/1052
f 1014/1031 1015/1033 1035/1053
f 1014/1031 1035/1053 1034/1051
f 1015/1033 1016/1034 1036/1054
f 1015/1033 1036/1054 1035/1053
f 1016/1034 1017/1035 1037/1055
f 1016/1034 1037/1055 1036/1054
f 1017/1035 1018/1036 1038/1056
f 1017/1035 1038/1056 1037/1055
f 1018/1036 1019/1037 1039/1057
f 1018/1036 1039/1057 1038/1056
f 1019/1037 1020/1038 1040/1058
f 1019/1037 1040/1058 1039/1057
f 1020/1038 1021/1039 1041/1059
f 1020/1038 1041/1059 1040/1058
f 1021/1039 1022/1102 1042/1100
f 1021/1039 1042/1100 1041/1059
f 1022/1040 1023/1041 1043/1061
f 1022/1040 1043/1061 1042/1060
f 1023/1041 1024/1042 1044/1062
f 1023/1041 1044/1062 1043/1061
f 1024/1042 1025/1043 1045/1063
f 1024/1042 1045/1063 1044/1062
f 1025/1043 1026/1044 1046/1064
f 1025/1043 1046/1064 1045/1063
f 1026/1044 1027/1045 1047/1065
f 1026/1044 1047/1065 1046/1064
f 1027/1045 1028/1046 1048/1066
f 1027/1045 1048/1066 1047/1065
f 1028/1046 1029/1047 1049/1067
f 1028/1046 1049/1067 1048/1066
f 1029/1047 1030/1048 1050/1068
f 1029/1047 1050/1068 1049/1067
f 1030/1048 1031/1049 1051/1069
f 1030/1048 1051/1069 1050/1068
f 1031/1049 1032/1101 1052/1099
f 1031/1049 1052/1099 1051/1069
f 1032/1050 1013/1032 1033/1052
f 1032/1050 1033/1052 1052/1070
f 1033/1052 1034/1051 1054/1071
f 1033/1052 1054/1071 1053/1072
f 1034/1051 1035/1053 1055/1073
f 1034/1051 1055/1073 1054/1071
f 1035/1053 1036/1054 1056/1074
f 1035/1053 1056/1074 1055/1073
f 1036/1054 1037/1055 1057/1075
f 1036/1054 1057/1075 1056/1074
f 1037/1055 1038/1056 1058/1076
f 1037/1055 1058/1076 1057/1075
f 1038/1056 1039/1057 1059/1077
f 1038/1056 1059/1077 1058/1076
f 1039/1057 1040/1058 1060/1078
f 1039/1057 1060/1078 1059/1077
f 1040/1058 1041/1059 1061/1079
f 1040/1058 1061/1079 1060/1078
f 1041/1059 1042/1100 1062/1095
f 1041/1059 1062/1095 1061/1079
f 1042/1060 1043/1061 1063/1081
f 1042/1060 1063/1081 1062/1080
f 1043/1061 1044/1062 1064/1082
f 1043/1061 1064/1082 1063/1081
f 1044/1062 1045/1063 1065/1083
f 1044/1062 1065/1083 1064/1082
f 1045/1063 1046/1064 1066/1084
f 1045/1063 1066/1084 1065/1083
f 1046/1064 1047/1065 1067/1085
f 1046/1064 1067/1085 1066/1084
f 1047/1065 1048/1066 1068/1086
f 1047/1065 1068/1086 1067/1085
f 1048/1066 1049/1067 1069/1087
f 1048/1066 1069/1087 1068/1086
f 1049/1067 1050/1068 1070/1088
f 1049/1067 1070/1088 1069/1087
f 1050/1068 1051/1069 1071/1089
f 1050/1068 1071/1089 1070/1088
f 1051/1069 1052/1099 1072/1093
f 1051/1069 1072/1093 1071/1089
f 1052/1070 1033/1052 1053/1072
f 1052/1070 1053/1072 1072/1090
f 854/872 853/871 1073/1091
f 855/875 854/872 1073/1091
f 856/877 855/875 1073/1091
f 857/879 856/877 1073/1091
f 858/881 857/879 1073/1091
f 859/883 858/881 1073/1091
f 860/885 859/883 1073/1091
f 861/887 860/885 1073/1091
f 862/889 861/887 1073/1091
f 863/891 862/1098 1073/1096
f 864/893 863/891 1073/1096
f 865/895 864/893 1073/1096
f 866/897 865/895 1073/1096
f 867/899 866/897 1073/1096
f 868/901 867/899 1073/1096
f 869/903 868/901 1073/1096
f 870/905 869/903 1073/1096
f 871/907 870/905 1073/1096
f 872/909 871/907 1073/1096
f 853/871 872/1097 1073/1091
f 1053/1072 1054/1071 1074/1094
f 1054/1071 1055/1073 1074/1094
f 1055/1073 1056/1074 1074/1094
f 1056/1074 1057/1075 1074/1094
f 1057/1075 1058/1076 1074/1094
f 1058/1076 1059/1077 1074/1094
f 1059/1077 1060/1078 1074/1094
f 1060/1078 1061/1079 1074/1094
f 1061/1079 1062/1095 1074/1094
f 1062/1080 1063/1081 1074/1092
f 1063/1081 1064/1082 1074/1092
f 1064/1082 1065/1083 1074/1092
f 1065/1083 1066/1084 1074/1092
f 1066/1084 1067/1085 1074/1092
f 1067/1085 1068/1086 1074/1092
f 1068/1086 1069/1087 1074/1092
f 1069/1087 1070/1088 1074/1092
f 1070/1088 1071/1089 1074/1092
f 1071/1089 1072/1093 1074/1092
f 1072/1090 1053/1072 1074/1094
f 1075/1117 1076/1118 1096/1119
f 1075/1117 1096/1119 1095/1120
f 1076/1118 1077/1121 1097/1122
f 1076/1118 1097/1122 1096/1119
f 1077/1121 1078/1123 1098/1124
f 1077/1121 1098/1124 1097/1122
f 1078/1123 1079/1125 1099/1126
f 1078/1123 1099/1126 1098/1124
f 1079/1125 1080/1127 1100/1128
f 1079/1125 1100/1128 1099/1126
f 1080/1127 1081/1129 1101/1130
f 1080/1127 1101/1130 1100/1128
f 1081/1129 1082/1131 1102/1132
f 1081/1129 1102/1132 1101/1130
f 1082/1131 1083/1133 1103/1134
f 1082/1131 1103/1134 1102/1132
f 1083/1133 1084/1135 1104/1136
f 1083/1133 1104/1136 1103/1134
f 1084/1137 1085/1138 1105/1139
f 1084/1137 1105/1139 1104/1140
f 1085/1138 1086/1141 1106/1142
f 1085/1138 1106/1142 1105/1139
f 1086/1141 1087/1143 1107/1144
f 1086/1141 1107/1144 1106/1142
f 1087/1143 1088/1145 1108/1146
f 1087/1143 1108/1146 1107/1144
f 1088/1145 1089/1147 1109/1148
f 1088/1145 1109/1148 1108/1146
f 1089/1147 1090/1149 1110/1150
f 1089/1147 1110/1150 1109/1148
f 1090/1149 1091/1151 1111/1152
f 1090/1149 1111/1152 1110/1150
f 1091/1151 1092/1153 1112/1154
f 1091/1151 1112/1154 1111/1152
f 1092/1153 1093/1155 1113/1156
f 1092/1153 1113/1156 1112/1154
f 1093/1155 1094/1157 1114/1158
f 1093/1155 1114/1158 1113/1156
f 1094/1159 1075/1117 1095/1120
f 1094/1159 1095/1120 1114/1160
f 1095/1120 1096/1119 1116/1161
f 1095/1120 1116/1161 1115/1162
f 1096/1119 1097/1122 1117/1163
f 1096/1119 1117/1163 1116/1161
f 1097/1122 1098/1124 1118/1164
f 1097/1122 1118/1164 1117/1163
f 1098/1124 1099/1126 1119/1165
f 1098/1124 1119/1165 1118/1164
f 1099/1126 1100/1128 1120/1166
f 1099/1126 1120/1166 1119/1165
f 1100/1128 1101/1130 1121/1167
f 1100/1128 1121/1167 1120/1166
f 1101/1130 1102/1132 1122/1168
f 1101/1130 1122/1168 1121/1167
f 1102/1132 1103/1134 1123/1169
f 1102/1132 1123/1169 1122/1168
f 1103/1134 1104/1136 1124/1170
f 1103/1134 1124/1170 1123/1169
f 1104/1140 1105/1139 1125/1171
f 1104/1140 1125/1171 1124/1172
f 1105/1139 1106/1142 1126/1173
f 1105/1139 1126/1173 1125/1171
f 1106/1142 1107/1144 1127/1174
f 1106/1142 1127/1174 1126/1173
f 1107/1144 1108/1146 1128/1175
f 1107/1144 1128/1175 1127/1174
f 1108/1146 1109/1148 1129/1176
f 1108/1146 1129/1176 1128/1175
f 1109/1148 1110/1150 1130/1177
f 1109/1148 1130/1177 1129/1176
f 1110/1150 1111/1152 1131/1178
f 1110/1150 1131/1178 1130/1177
f 1111/1152 1112/1154 1132/1179
f 1111/1152 1132/1179 1131/1178
f 1112/1154 1113/1156 1133/1180
f 1112/1154 1133/1180 1132/1179
f 1113/1156 1114/1158 1134/1181
f 1113/1156 1134/1181 1133/1180
f 1114/1160 1095/1120 1115/1162
f 1114/1160 1115/1162 1134/1182
f 1115/1162 1116/1161 1136/1183
f 1115/1162 1136/1183 1135/1184
f 1116/1161 1117/1163 1137/1185
f 1116/1161 1137/1185 1136/1183
f 1117/1163 1118/1164 1138/1186
f 1117/1163 1138/1186 1137/1185
f 1118/1164 1119/1165 1139/1187
f 1118/1164 1139/1187 1138/1186
f 1119/1165 1120/1166 1140/1188
f 1119/1165 1140/1188 1139/1187
f 1120/1166 1121/1167 1141/1189
f 1120/1166 1141/1189 1140/1188
f 1121/1167 1122/1168 1142/1190
f 1121/1167 1142/1190 1141/1189
f 1122/1168 1123/1169 1143/1191
f 1122/1168 1143/1191 1142/1190
f 1123/1169 1124/1170 1144/1192
f 1123/1169 1144/1192 1143/1191
f 1124/1172 1125/1171 1145/1193
f 1124/1172 1145/1193 1144/1194
f 1125/1171 1126/1173 1146/1195
f 1125/1171 1146/1195 1145/1193
f 1126/1173 1127/1174 1147/1196
f 1126/1173 1147/1196 1146/1195
f 1127/1174 1128/1175 1148/1197
f 1127/1174 1148/1197 1147/1196
f 1128/1175 1129/1176 1149/1198
f 1128/1175 1149/1198 1148/1197
f 1129/1176 1130/1177 1150/1199
f 1129/1176 1150/1199 1149/1198
f 1130/1177 1131/1178 1151/1200
f 1130/1177 1151/1200 1150/1199
f 1131/1178 1132/1179 1152/1201
f 1131/1178 1152/1201 1151/1200
f 1132/1179 1133/1180 1153/1202
f 1132/1179 1153/1202 1152/1201
f 1133/1180 1134/1181 1154/1203
f 1133/1180 1154/1203 1153/1202
f 1134/1182 1115/1162 1135/1184
f 1134/1182 1135/1184 1154/1204
f 1135/1184 1136/1183 1156/1205
f 1135/1184 1156/1205 1155/1206
f 1136/1183 1137/1185 1157/1207
f 1136/1183 1157/1207 1156/1205
f 1137/1185 1138/1186 1158/1208
f 1137/1185 1158/1208 1157/1207
f 1138/1186 1139/1187 1159/1209
f 1138/1186 1159/1209 1158/1208
f 1139/1187 1140/1188 1160/1210
f 1139/1187 1160/1210 1159/1209
f 1140/1188 1141/1189 1161/1211
f 1140/1188 1161/1211 1160/1210
f 1141/1189 1142/1190 1162/1212
f 1141/1189 1162/1212 1161/1211
f 1142/1190 1143/1191 1163/1213
f 1142/1190 1163/1213 1162/1212
f 1143/1191 1144/1192 1164/1214
f 1143/1191 1164/1214 1163/1213
f 1144/1194 1145/1193 1165/1215
f 1144/1194 1165/1215 1164/1216
f 1145/1193 1146/1195 1166/1217
f 1145/1193 1166/1217 1165/1215
f 1146/1195 1147/1196 1167/1218
f 1146/1195 1167/1218 1166/1217
f 1147/1196 1148/1197 1168/1219
f 1147/1196 1168/1219 1167/1218
f 1148/1197 1149/1198 1169/1220
f 1148/1197 1169/1220 1168/1219
f 1149/1198 1150/1199 1170/1221
f 1149/1198 1170/1221 1169/1220
f 1150/1199 1151/1200 1171/1222
f 1150/1199 1171/1222 1170/1221
f 1151/1200 1152/1201 1172/1223
f 1151/1200 1172/1223 1171/1222
f 1152/1201 1153/1202 1173/1224
f 1152/1201 1173/1224 1172/1223
f 1153/1202 1154/1203 1174/1225
f 1153/1202 1174/1225 1173/1224
f 1154/1204 1135/1184 1155/1206
f 1154/1204 1155/1206 1174/1226
f 1155/1206 1156/1205 1176/1227
f 1155/1206 1176/1227 1175/1228
f 1156/1205 1157/1207 1177/1229
f 1156/1205 1177/1229 1176/1227
f 1157/1207 1158/1208 1178/1230
f 1157/1207 1178/1230 1177/1229
f 1158/1208 1159/1209 1179/1231
f 1158/1208 1179/1231 1178/1230
f 1159/1209 1160/1210 1180/1232
f 1159/1209 1180/1232 1179/1231
f 1160/1210 1161/1211 1181/1233
f 1160/1210 1181/1233 1180/1232
f 1161/1211 1162/1212 1182/1234
f 1161/1211 1182/1234 1181/1233
f 1162/1212 1163/1213 1183/1235
f 1162/1212 1183/1235 1182/1234
f 1163/1213 1164/1214 1184/1236
f 1163/1213 1184/1236 1183/1235
f 1164/1216 1165/1215 1185/1237
f 1164/1216 1185/1237 1184/1238
f 1165/1215 1166/1217 1186/1239
f 1165/1215 1186/1239 1185/1237
f 1166/1217 1167/1218 1187/1240
f 1166/1217 1187/1240 1186/1239
f 1167/1218 1168/1219 1188/1241
f 1167/1218 1188/1241 1187/1240
f 1168/1219 1169/1220 1189/1242
f 1168/1219 1189/1242 1188/1241
f 1169/1220 1170/1221 1190/1243
f 1169/1220 1190/1243 1189/1242
f 1170/1221 1171/1222 1191/1244
f 1170/1221 1191/1244 1190/1243
f 1171/1222 1172/1223 1192/1245
f 1171/1222 1192/1245 1191/1244
f 1172/1223 1173/1224 1193/1246
f 1172/1223 1193/1246 1192/1245
f 1173/1224 1174/1225 1194/1247
f 1173/1224 1194/1247 1193/1246
f 1174/1226 1155/1206 1175/1228
f 1174/1226 1175/1228 1194/1248
f 1175/1228 1176/1227 1196/1249
f 1175/1228 1196/1249 1195/1250
f 1176/1227 1177/1229 1197/1251
f 1176/1227 1197/1251 1196/1249
f 1177/1229 1178/1230 1198/1252
f 1177/1229 1198/1252 1197/1251
f 1178/1230 1179/1231 1199/1253
f 1178/1230 1199/1253 1198/1252
f 1179/1231 1180/1232 1200/1254
f 1179/1231 1200/1254 1199/1253
f 1180/1232 1181/1233 1201/1255
f 1180/1232 1201/1255 1200/1254
f 1181/1233 1182/1234 1202/1256
f 1181/1233 1202/1256 1201/1255
f 1182/1234 1183/1235 1203/1257
f 1182/1234 1203/1257 1202/1256
f 1183/1235 1184/1236 1204/1258
f 1183/1235 1204/1258 1203/1257
f 1184/1238 1185/1237 1205/1259
f 1184/1238 1205/1259 1204/1260
f 1185/1237 1186/1239 1206/1261
f 1185/1237 1206/1261 1205/1259
f 1186/1239 1187/1240 1207/1262
f 1186/1239 1207/1262 1206/1261
f 1187/1240 1188/1241 1208/1263
f 1187/1240 1208/1263 1207/1262
f 1188/1241 1189/1242 1209/1264
f 1188/1241 1209/1264 1208/1263
f 1189/1242 1190/1243 1210/1265
f 1189/1242 1210/1265 1209/1264
f 1190/1243 1191/1244 1211/1266
f 1190/1243 1211/1266 1210/1265
f 1191/1244 1192/1245 1212/1267
f 1191/1244 1212/1267 1211/1266
f 1192/1245 1193/1246 1213/1268
f 1192/1245 1213/1268 1212/1267
f 1193/1246 1194/1247 1214/1269
f 1193/1246 1214/1269 1213/1268
f 1194/1248 1175/1228 1195/1250
f 1194/1248 1195/1250 1214/1270
f 1195/1250 1196/1249 1216/1271
f 1195/1250 1216/1271 1215/1272
f 1196/1249 1197/1251 1217/1273
f 1196/1249 1217/1273 1216/1271
f 1197/1251 1198/1252 1218/1274
f 1197/1251 1218/1274 1217/1273
f 1198/1252 1199/1253 1219/1275
f 1198/1252 1219/1275 1218/1274
f 1199/1253 1200/1254 1220/1276
f 1199/1253 1220/1276 1219/1275
f 1200/1254 1201/1255 1221/1277
f 1200/1254 1221/1277 1220/1276
f 1201/1255 1202/1256 1222/1278
f 1201/1255 1222/1278 1221/1277
f 1202/1256 1203/1257 1223/1279
f 1202/1256 1223/1279 1222/1278
f 1203/1257 1204/1258 1224/1280
f 1203/1257 1224/1280 1223/1279
f 1204/1260 1205/1259 1225/1281
f 1204/1260 1225/1281 1224/1282
f 1205/1259 1206/1261 1226/1283
f 1205/1259 1226/1283 1225/1281
f 1206/1261 1207/1262 1227/1284
f 1206/1261 1227/1284 1226/1283
f 1207/1262 1208/1263 1228/1285
f 1207/1262 1228/1285 1227/1284
f 1208/1263 1209/1264 1229/1286
f 1208/1263 1229/1286 1228/1285
f 1209/1264 1210/1265 1230/1287
f 1209/1264 1230/1287 1229/1286
f 1210/1265 1211/1266 1231/1288
f 1210/1265 1231/1288 1230/1287
f 1211/1266 1212/1267 1232/1289
f 1211/1266 1232/1289 1231/1288
f 1212/1267 1213/1268 1233/1290
f 1212/1267 1233/1290 1232/1289
f 1213/1268 1214/1269 1234/1291
f 1213/1268 1234/1291 1233/1290
f 1214/1270 1195/1250 1215/1272
f 1214/1270 1215/1272 1234/1292
f 1215/1272 1216/1271 1236/1293
f 1215/1272 1236/1293 1235/1294
f 1216/1271 1217/1273 1237/1295
f 1216/1271 1237/1295 1236/1293
f 1217/1273 1218/1274 1238/1296
f 1217/1273 1238/1296 1237/1295
f 1218/1274 1219/1275 1239/1297
f 1218/1274 1239/1297 1238/1296
f 1219/1275 1220/1276 1240/1298
f 1219/1275 1240/1298 1239/1297
f 1220/1276 1221/1277 1241/1299
f 1220/1276 1241/1299 1240/1298
f 1221/1277 1222/1278 1242/1300
f 1221/1277 1242/1300 1241/1299
f 1222/1278 1223/1279 1243/1301
f 1222/1278 1243/1301 1242/1300
f 1223/1279 1224/1280 1244/1302
f 1223/1279 1244/1302 1243/1301
f 1224/1282 1225/1281 1245/1303
f 1224/1282 1245/1303 1244/1304
f 1225/1281 1226/1283 1246/1305
f 1225/1281 1246/1305 1245/1303
f 1226/1283 1227/1284 1247/1306
f 1226/1283 1247/1306 1246/1305
f 1227/1284 1228/1285 1248/1307
f 1227/1284 1248/1307 1247/1306
f 1228/1285 1229/1286 1249/1308
f 1228/1285 1249/1308 1248/1307
f 1229/1286 1230/1287 1250/1309
f 1229/1286 1250/1309 1249/1308
f 1230/1287 1231/1288 1251/1310
f 1230/1287 1251/1310 1250/1309
f 1231/1288 1232/1289 1252/1311
f 1231/1288 1252/1311 1251/1310
f 1232/1289 1233/1290 1253/1312
f 1232/1289 1253/1312 1252/1311
f 1233/1290 1234/1291 1254/1313
f 1233/1290 1254/1313 1253/1312
f 1234/1292 1215/1272 1235/1294
f 1234/1292 1235/1294 1254/1314
f 1235/1294 1236/1293 1256/1315
f 1235/1294 1256/1315 1255/1316
f 1236/1293 1237/1295 1257/1317
f 1236/1293 1257/1317 1256/1315
f 1237/1295 1238/1296 1258/1318
f 1237/1295 1258/1318 1257/1317
f 1238/1296 1239/1297 1259/1319
f 1238/1296 1259/1319 1258/1318
f 1239/1297 1240/1298 1260/1320
f 1239/1297 1260/1320 1259/1319
f 1240/1298 1241/1299 1261/1321
f 1240/1298 1261/1321 1260/1320
f 1241/1299 1242/1300 1262/1322
f 1241/1299 1262/1322 1261/1321
f 1242/1300 1243/1301 1263/1323
f 1242/1300 1263/1323 1262/1322
f 1243/1301 1244/1302 1264/1324
f 1243/1301 1264/1324 1263/1323
f 1244/1304 1245/1303 1265/1325
f 1244/1304 1265/1325 1264/1326
f 1245/1303 1246/1305 1266/1327
f 1245/1303 1266/1327 1265/1325
f 1246/1305 1247/1306 1267/1328
f 1246/1305 1267/1328 1266/1327
f 1247/1306 1248/1307 1268/1329
f 1247/1306 1268/1329 1267/1328
f 1248/1307 1249/1308 1269/1330
f 1248/1307 1269/1330 1268/1329
f 1249/1308 1250/1309 1270/1331
f 1249/1308 1270/1331 1269/1330
f 1250/1309 1251/1310 1271/1332
f 1250/1309 1271/1332 1270/1331
f 1251/1310 1252/1311 1272/1333
f 1251/1310 1272/1333 1271/1332
f 1252/1311 1253/1312 1273/1334
f 1252/1311 1273/1334 1272/1333
f 1253/1312 1254/1313 1274/1335
f 1253/1312 1274/1335 1273/1334
f 1254/1314 1235/1294 1255/1316
f 1254/1314 1255/1316 1274/1336
f 1255/1316 1256/1315 1276/1337
f 1255/1316 1276/1337 1275/1338
f 1256/1315 1257/1317 1277/1339
f 1256/1315 1277/1339 1276/1337
f 1257/1317 1258/1318 1278/1340
f 1257/1317 1278/1340 1277/1339
f 1258/1318 1259/1319 1279/1341
f 1258/1318 1279/1341 1278/1340
f 1259/1319 1260/1320 1280/1342
f 1259/1319 1280/1342 1279/1341
f 1260/1320 1261/1321 1281/1343
f 1260/1320 1281/1343 1280/1342
f 1261/1321 1262/1322 1282/1344
f 1261/1321 1282/1344 1281/1343
f 1262/1322 1263/1323 1283/1345
f 1262/1322 1283/1345 1282/1344
f 1263/1323 1264/1324 1284/1346
f 1263/1323 1284/1346 1283/1345
f 1264/1326 1265/1325 1285/1347
f 1264/1326 1285/1347 1284/1348
f 1265/1325 1266/1327 1286/1349
f 1265/1325 1286/1349 1285/1347
f 1266/1327 1267/1328 1287/1350
f 1266/1327 1287/1350 1286/1349
f 1267/1328 1268/1329 1288/1351
f 1267/1328 1288/1351 1287/1350
f 1268/1329 1269/1330 1289/1352
f 1268/1329 1289/1352 1288/1351
f 1269/1330 1270/1331 1290/1353
f 1269/1330 1290/1353 1289/1352
f 1270/1331 1271/1332 1291/1354
f 1270/1331 1291/1354 1290/1353
f 1271/1332 1272/1333 1292/1355
f 1271/1332 1292/1355 1291/1354
f 1272/1333 1273/1334 1293/1356
f 1272/1333 1293/1356 1292/1355
f 1273/1334 1274/1335 1294/1357
f 1273/1334 1294/1357 1293/1356
f 1274/1336 1255/1316 1275/1338
f 1274/1336 1275/1338 1294/1358
f 1076/1118 1075/1117 1295/1359
f 1077/1121 1076/1118 1295/1359
f 1078/1123 1077/1121 1295/1359
f 1079/1125 1078/1123 1295/1359
f 1080/1127 1079/1125 1295/1359
f 1081/1129 1080/1127 1295/1359
f 1082/1131 1081/1129 1295/1359
f 1083/1133 1082/1131 1295/1359
f 1084/1135 1083/1133 1295/1359
f 1085/1138 1084/1137 1295/1360
f 1086/1141 1085/1138 1295/1360
f 1087/1143 1086/1141 1295/1360
f 1088/1145 1087/1143 1295/1360
f 1089/1147 1088/1145 1295/1360
f 1090/1149 1089/1147 1295/1360
f 1091/1151 1090/1149 1295/1360
f 1092/1153 1091/1151 1295/1360
f 1093/1155 1092/1153 1295/1360
f 1094/1157 1093/1155 1295/1360
f 1075/1117 1094/1159 1295/1359
f 1275/1338 1276/1337 1296/1361
f 1276/1337 1277/1339 1296/1361
f 1277/1339 1278/1340 1296/1361
f 1278/1340 1279/1341 1296/1361
f 1279/1341 1280/1342 1296/1361
f 1280/1342 1281/1343 1296/1361
f 1281/1343 1282/1344 1296/1361
f 1282/1344 1283/1345 1296/1361
f 1283/1345 1284/1346 1296/1361
f 1284/1348 1285/1347 1296/1362
f 1285/1347 1286/1349 1296/1362
f 1286/1349 1287/1350 1296/1362
f 1287/1350 1288/1351 1296/1362
f 1288/1351 1289/1352 1296/1362
f 1289/1352 1290/1353 1296/1362
f 1290/1353 1291/1354 1296/1362
f 1291/1354 1292/1355 1296/1362
f 1292/1355 1293/1356 1296/1362
f 1293/1356 1294/1357 1296/1362
f 1294/1358 1275/1338 1296/1361
o Aleta_brazo
v -0.34741 0.21705 0.01327
v -0.66225 0.08019 0.02090
v -0.61012 0.13533 0.01327
v -0.48531 0.19604 0.01327
v -0.54832 0.17624 0.01327
v -0.34741 0.20253 0.00345
v -0.48082 0.17128 0.00345
v -0.54473 0.14403 0.00345
v -0.60748 0.09440 0.00345
v -0.66120 0.02831 0.01327
v -0.34741 0.16310 0.00345
v -0.45556 0.11506 0.00345
v -0.51527 0.06624 0.00345
v -0.57124 -0.00060 0.00345
v -0.61992 -0.08412 0.01327
v -0.47696 -0.08522 0.01327
v -0.52173 -0.18191 0.02090
v -0.43104 -0.00502 0.01327
v -0.39067 0.04746 0.01327
v -0.34741 0.09733 0.01327
v -0.34741 0.11688 0.00345
v -0.41255 0.06568 0.00345
v -0.46057 0.01405 0.00345
v -0.51079 -0.06146 0.00345
v -0.55612 -0.16970 0.01327
v -0.34741 0.20253 0.08198
v -0.48082 0.17128 0.08198
v -0.66120 0.02831 0.07216
v -0.60748 0.09440 0.08198
v -0.54473 0.14403 0.08198
v -0.34741 0.21705 0.07216
v -0.48531 0.19604 0.07216
v -0.54832 0.17624 0.07216
v -0.61012 0.13533 0.07216
v -0.66225 0.08019 0.06453
v -0.61992 -0.08412 0.07216
v -0.57124 -0.00060 0.08198
v -0.51527 0.06624 0.08198
v -0.45556 0.11506 0.08198
v -0.34741 0.16310 0.08198
v -0.52173 -0.18191 0.06453
v -0.47696 -0.08522 0.07216
v -0.51079 -0.06146 0.08198
v -0.55612 -0.16970 0.07216
v -0.43104 -0.00502 0.07216
v -0.46057 0.01405 0.08198
v -0.39067 0.04746 0.07216
v -0.41255 0.06568 0.08198
v -0.34741 0.09733 0.07216
v -0.34741 0.11688 0.08198
v -0.64493 -0.01964 0.01621
v -0.63952 -0.03450 0.01621
v -0.59718 0.05109 0.00738
v -0.59204 0.03854 0.00738
v -0.54079 0.10789 0.00738
v -0.53663 0.09750 0.00738
v -0.34741 0.18345 0.00738
v -0.34741 0.18891 0.00738
v -0.47717 0.14896 0.00738
v -0.47366 0.14141 0.00738
v -0.55097 -0.03076 0.00738
v -0.54301 -0.03845 0.00738
v -0.59264 -0.12052 0.01621
v -0.58423 -0.13159 0.01621
v -0.49795 0.04026 0.00738
v -0.49078 0.03348 0.00738
v -0.44130 0.09265 0.00738
v -0.43564 0.08608 0.00738
v -0.34741 0.13694 0.00738
v -0.34741 0.14323 0.00738
v -0.47717 0.14896 0.07805
v -0.47366 0.14141 0.07805
v -0.34741 0.18891 0.07805
v -0.34741 0.18345 0.07805
v -0.64493 -0.01964 0.06922
v -0.63952 -0.03450 0.06922
v -0.59718 0.05109 0.07805
v -0.59204 0.03854 0.07805
v -0.54079 0.10789 0.07805
v -0.53663 0.09750 0.07805
v -0.59264 -0.12052 0.06922
v -0.58423 -0.13159 0.06922
v -0.55097 -0.03076 0.07805
v -0.54301 -0.03845 0.07805
v -0.49795 0.04026 0.07805
v -0.49078 0.03348 0.07805
v -0.44130 0.09265 0.07805
v -0.43564 0.08608 0.07805
v -0.34741 0.14323 0.07805
v -0.34741 0.13694 0.07805
v -0.60518 -0.10621 0.07216
v -0.57517 -0.07991 0.07805
v -0.55964 -0.01863 0.08198
v -0.59906 -0.04640 0.08198
v -0.52498 0.00839 0.07805
v -0.50502 0.05094 0.08198
v -0.54338 0.03621 0.08198
v -0.47064 0.06755 0.07805
v -0.44708 0.10192 0.08198
v -0.48670 0.09167 0.08198
v -0.40816 0.11790 0.07805
v -0.34741 0.15171 0.08198
v -0.41973 0.13896 0.08198
v -0.34741 0.17469 0.08198
v -0.43304 0.16243 0.07805
v -0.46557 0.12978 0.08198
v -0.50724 0.12039 0.07805
v -0.52713 0.08365 0.08198
v -0.56471 0.07089 0.07805
v -0.58311 0.02099 0.08198
v -0.61921 -0.00154 0.07805
v -0.63201 -0.05697 0.07216
v -0.34741 0.12830 0.08198
v -0.40374 0.11146 0.07805
v -0.42564 0.07715 0.08198
v -0.46409 0.06089 0.07805
v -0.47777 0.02513 0.08198
v -0.51735 0.00143 0.07805
v -0.52937 -0.04827 0.08198
v -0.56694 -0.08932 0.07805
v -0.57283 -0.14891 0.07216
v -0.47866 0.15832 0.00345
v -0.34741 0.19467 0.00345
v -0.43576 0.16886 0.00738
v -0.60229 0.06985 0.00345
v -0.62456 0.01229 0.00738
v -0.65282 0.00052 0.01327
v -0.54251 0.12371 0.00345
v -0.56937 0.08238 0.00738
v -0.51111 0.12936 0.00738
v -0.59906 -0.04640 0.00345
v -0.55964 -0.01863 0.00345
v -0.57517 -0.07991 0.00738
v -0.60518 -0.10621 0.01327
v -0.54338 0.03621 0.00345
v -0.50502 0.05094 0.00345
v -0.52498 0.00839 0.00738
v -0.48670 0.09167 0.00345
v -0.44708 0.10192 0.00345
v -0.47064 0.06755 0.00738
v -0.41973 0.13896 0.00345
v -0.34741 0.15171 0.00345
v -0.40816 0.11790 0.00738
v -0.46557 0.12978 0.00345
v -0.43304 0.16243 0.00738
v -0.34741 0.17469 0.00345
v -0.52713 0.08365 0.00345
v -0.50724 0.12039 0.00738
v -0.58311 0.02099 0.00345
v -0.56471 0.07089 0.00738
v -0.63201 -0.05697 0.01327
v -0.61921 -0.00154 0.00738
v -0.42564 0.07715 0.00345
v -0.40374 0.11146 0.00738
v -0.34741 0.12830 0.00345
v -0.47777 0.02513 0.00345
v -0.46409 0.06089 0.00738
v -0.52937 -0.04827 0.00345
v -0.51735 0.00143 0.00738
v -0.57283 -0.14891 0.01327
v -0.56694 -0.08932 0.00738
v -0.64048 -0.02647 0.06038
v -0.64048 -0.02647 0.02505
v -0.64076 -0.02581 0.02505
v -0.64076 -0.02581 0.06038
v -0.59526 0.04492 0.01916
v -0.59480 0.04447 0.01916
v -0.54021 0.10261 0.01916
v -0.53980 0.10212 0.01916
v -0.47667 0.14585 0.01916
v -0.47636 0.14529 0.01916
v -0.34741 0.18637 0.01916
v -0.34741 0.18699 0.01916
v -0.34741 0.18637 0.06627
v -0.47636 0.14529 0.06627
v -0.47667 0.14585 0.06627
v -0.34741 0.18699 0.06627
v -0.54021 0.10261 0.06627
v -0.53980 0.10212 0.06627
v -0.59480 0.04447 0.06627
v -0.59526 0.04492 0.06627
v -0.58672 -0.12486 0.02505
v -0.54737 -0.03504 0.01916
v -0.54790 -0.03467 0.01916
v -0.58715 -0.12433 0.02505
v -0.49559 0.03670 0.01916
v -0.49511 0.03627 0.01916
v -0.58672 -0.12486 0.06038
v -0.58715 -0.12433 0.06038
v -0.43937 0.08955 0.01916
v -0.43897 0.08905 0.01916
v -0.34741 0.14041 0.01916
v -0.34741 0.13982 0.01916
v -0.54737 -0.03504 0.06627
v -0.54790 -0.03467 0.06627
v -0.49511 0.03627 0.06627
v -0.49559 0.03670 0.06627
v -0.43897 0.08905 0.06627
v -0.43937 0.08955 0.06627
v -0.34741 0.13982 0.06627
v -0.34741 0.14041 0.06627
v -0.43959 0.18630 0.08198
v -0.34741 0.21075 0.08198
v -0.44434 0.20619 0.07216
v -0.48332 0.18522 0.08198
v -0.51443 0.15869 0.08198
v -0.51861 0.18732 0.07216
v -0.54681 0.16277 0.08198
v -0.57601 0.12279 0.08198
v -0.57855 0.15901 0.07216
v -0.60963 0.11800 0.08198
v -0.63831 0.05829 0.08198
v -0.64385 0.10492 0.07216
v -0.66680 0.05734 0.07216
v -0.50297 -0.14653 0.07216
v -0.49159 -0.07497 0.08198
v -0.53661 -0.11999 0.08198
v -0.53772 -0.18686 0.07216
v -0.45308 -0.03955 0.07216
v -0.44364 0.00312 0.08198
v -0.48534 -0.01845 0.08198
v -0.39995 0.05508 0.08198
v -0.43676 0.04105 0.08198
v -0.41057 0.02283 0.07216
v -0.37035 0.07233 0.07216
v -0.34741 0.10566 0.08198
v -0.38663 0.09108 0.08198
v -0.48332 0.18522 0.00345
v -0.44434 0.20619 0.01327
v -0.34741 0.21075 0.00345
v -0.43959 0.18630 0.00345
v -0.54681 0.16277 0.00345
v -0.51861 0.18732 0.01327
v -0.51443 0.15869 0.00345
v -0.60963 0.11800 0.00345
v -0.57855 0.15901 0.01327
v -0.57601 0.12279 0.00345
v -0.66680 0.05734 0.01327
v -0.64385 0.10492 0.01327
v -0.63831 0.05829 0.00345
v -0.53772 -0.18686 0.01327
v -0.53661 -0.11999 0.00345
v -0.49159 -0.07497 0.00345
v -0.50297 -0.14653 0.01327
v -0.48534 -0.01845 0.00345
v -0.44364 0.00312 0.00345
v -0.45308 -0.03955 0.01327
v -0.41057 0.02283 0.01327
v -0.43676 0.04105 0.00345
v -0.39995 0.05508 0.00345
v -0.38663 0.09108 0.00345
v -0.34741 0.10566 0.00345
v -0.37035 0.07233 0.01327
v -0.63831 -0.02531 0.03683
v -0.63831 -0.02531 0.04860
v -0.59470 0.04482 0.03486
v -0.54001 0.10237 0.03486
v -0.47651 0.14557 0.03486
v -0.34741 0.18668 0.03486
v -0.54735 -0.03464 0.03486
v -0.58496 -0.12314 0.03683
v -0.49535 0.03649 0.03486
v -0.58496 -0.12314 0.04860
v -0.43917 0.08930 0.03486
v -0.34741 0.14011 0.03486
v -0.47651 0.14557 0.05057
v -0.34741 0.18668 0.05057
v -0.54001 0.10237 0.05057
v -0.59470 0.04482 0.05057
v -0.54735 -0.03464 0.05057
v -0.49535 0.03649 0.05057
v -0.43917 0.08930 0.05057
v -0.34741 0.14011 0.05057
v -0.43576 0.16886 0.07805
v -0.34741 0.19467 0.08198
v -0.47866 0.15832 0.08198
v -0.65282 0.00052 0.07216
v -0.62456 0.01229 0.07805
v -0.60229 0.06985 0.08198
v -0.56937 0.08238 0.07805
v -0.54251 0.12371 0.08198
v -0.51111 0.12936 0.07805
v -0.44223 0.19746 0.08198
v -0.51674 0.17511 0.08198
v -0.57781 0.14384 0.08198
v -0.64215 0.08489 0.08198
v -0.51765 -0.13549 0.08198
v -0.46693 -0.03040 0.08198
v -0.42169 0.03049 0.08198
v -0.37725 0.08023 0.08198
v -0.44223 0.19746 0.00345
v -0.51674 0.17511 0.00345
v -0.57781 0.14384 0.00345
v -0.64215 0.08489 0.00345
v -0.51765 -0.13549 0.00345
v -0.46693 -0.03040 0.00345
v -0.42169 0.03049 0.00345
v -0.37725 0.08023 0.00345
v -0.61992 0.00626 0.03486
v -0.56807 0.07626 0.03486
v -0.51048 0.12489 0.03486
v -0.43511 0.16615 0.03486
v -0.56949 -0.08319 0.03486
v -0.52217 0.00442 0.03486
v -0.46825 0.06401 0.03486
v -0.40638 0.11469 0.03486
v -0.43511 0.16615 0.05057
v -0.51048 0.12489 0.05057
v -0.61992 0.00626 0.05057
v -0.56807 0.07626 0.05057
v -0.56949 -0.08319 0.05057
v -0.52217 0.00442 0.05057
v -0.46825 0.06401 0.05057
v -0.40638 0.11469 0.05057
v -0.43732 0.17613 0.08198
v -0.63131 0.03189 0.08198
v -0.57257 0.10006 0.08198
v -0.51246 0.14199 0.08198
v -0.58584 -0.06661 0.08198
v -0.53261 0.01973 0.08198
v -0.47714 0.07750 0.08198
v -0.41297 0.12672 0.08198
v -0.42718 0.15216 0.08198
v -0.49805 0.10769 0.08198
v -0.55531 0.05544 0.08198
v -0.61103 -0.02178 0.08198
v -0.39633 0.10259 0.08198
v -0.45228 0.05225 0.08198
v -0.50366 -0.00699 0.08198
v -0.55436 -0.10292 0.08198
v -0.43732 0.17613 0.00345
v -0.63131 0.03189 0.00345
v -0.57257 0.10006 0.00345
v -0.51246 0.14199 0.00345
v -0.58584 -0.06661 0.00345
v -0.53261 0.01973 0.00345
v -0.47714 0.07750 0.00345
v -0.41297 0.12672 0.00345
v -0.42718 0.15216 0.00345
v -0.49805 0.10769 0.00345
v -0.55531 0.05544 0.00345
v -0.61103 -0.02178 0.00345
v -0.39633 0.10259 0.00345
v -0.45228 0.05225 0.00345
v -0.50366 -0.00699 0.00345
v -0.55436 -0.10292 0.00345
v -0.62143 0.00606 0.01916
v -0.62105 0.00552 0.01916
v -0.56830 0.07649 0.01916
v -0.56784 0.07604 0.01916
v -0.51066 0.12515 0.01916
v -0.51030 0.12462 0.01916
v -0.43499 0.16585 0.01916
v -0.43524 0.16644 0.01916
v -0.43499 0.16585 0.06627
v -0.43524 0.16644 0.06627
v -0.51066 0.12515 0.06627
v -0.51030 0.12462 0.06627
v -0.62105 0.00552 0.06627
v -0.62143 0.00606 0.06627
v -0.56784 0.07604 0.06627
v -0.56830 0.07649 0.06627
v -0.57038 -0.08423 0.01916
v -0.57086 -0.08379 0.01916
v -0.52243 0.00461 0.01916
v -0.52192 0.00423 0.01916
v -0.46848 0.06424 0.01916
v -0.46803 0.06378 0.01916
v -0.40656 0.11496 0.01916
v -0.40621 0.11441 0.01916
v -0.57038 -0.08424 0.06627
v -0.57086 -0.08379 0.06627
v -0.52192 0.00423 0.06627
v -0.52243 0.00461 0.06627
v -0.46803 0.06378 0.06627
v -0.46848 0.06424 0.06627
v -0.40621 0.11441 0.06627
v -0.40656 0.11496 0.06627
v -0.34741 0.24595 -0.00621
v -0.50952 0.21975 0.00051
v -0.51026 0.21956 0.00049
v -0.56006 0.20350 -0.00621
v -0.62888 0.15884 -0.00621
v -0.62888 0.15884 0.09303
v -0.56006 0.20350 0.09303
v -0.51026 0.21956 0.08633
v -0.50952 0.21975 0.08631
v -0.34741 0.24595 0.09303
v -0.34741 0.20873 0.09303
v -0.50642 0.18501 0.08634
v -0.50716 0.18483 0.08633
v -0.55320 0.16772 0.09303
v -0.61808 0.12420 0.09303
v -0.61808 0.12420 -0.00621
v -0.55320 0.16772 -0.00621
v -0.50716 0.18483 0.00049
v -0.50642 0.18501 0.00047
v -0.34741 0.20873 -0.00621
v -0.66702 0.07290 0.09303
v -0.67951 0.10856 0.09303
v -0.67951 0.10856 -0.00621
v -0.66702 0.07290 -0.00621
v -0.51270 0.18207 -0.00602
v -0.50714 0.18394 -0.00415
v -0.49621 0.22420 -0.00600
v -0.50955 0.22063 -0.00403
v -0.49251 0.18706 0.09285
v -0.50602 0.18419 0.09105
v -0.51673 0.21905 0.09284
v -0.51066 0.22038 0.09096
v -0.50602 0.18419 -0.00424
v -0.49251 0.18706 -0.00604
v -0.51673 0.21905 -0.00602
v -0.51066 0.22038 -0.00415
v -0.50714 0.18394 0.09097
v -0.51270 0.18207 0.09284
v -0.49621 0.22420 0.09282
v -0.50955 0.22063 0.09084
v -0.50515 0.19309 0.04341
v -0.49178 0.17963 0.09285
v -0.50579 0.18400 0.09233
v -0.50532 0.17691 0.09103
v -0.50626 0.19284 0.04341
v -0.51165 0.19082 0.04341
v -0.51188 0.17469 -0.00602
v -0.50727 0.18365 -0.00546
v -0.50643 0.17666 -0.00410
v -0.50643 0.17666 0.09092
v -0.50727 0.18365 0.09227
v -0.51188 0.17469 0.09283
v -0.51089 0.22058 -0.00545
v -0.51037 0.24704 0.04341
v -0.49708 0.25077 0.04341
v -0.49693 0.23135 -0.00600
v -0.50944 0.22093 -0.00538
v -0.51023 0.22765 -0.00400
v -0.51134 0.22740 -0.00413
v -0.51750 0.22616 -0.00602
v -0.51767 0.24557 0.04341
v -0.51148 0.24678 0.04341
v -0.51750 0.22616 0.09284
v -0.51089 0.22058 0.09227
v -0.51134 0.22740 0.09094
v -0.51023 0.22765 0.09081
v -0.50944 0.22093 0.09219
v -0.49693 0.23135 0.09281
v -0.53373 0.21427 0.09303
v -0.45691 0.23355 0.09303
v -0.34741 0.25311 0.09303
v -0.53373 0.21427 -0.00621
v -0.34741 0.25311 -0.00621
v -0.45691 0.23355 -0.00621
v -0.34741 0.21740 0.04341
v -0.34741 0.27253 0.04341
v -0.45319 0.19634 -0.00621
v -0.34741 0.20129 -0.00621
v -0.52856 0.17776 -0.00621
v -0.52856 0.17776 0.09303
v -0.45319 0.19634 0.09303
v -0.34741 0.20129 0.09303
v -0.68827 0.09921 0.09303
v -0.68199 0.11556 0.09303
v -0.63097 0.16553 0.09303
v -0.59391 0.18401 0.09303
v -0.56139 0.21039 0.09303
v -0.68199 0.11556 -0.00621
v -0.68827 0.09921 -0.00621
v -0.56139 0.21039 -0.00621
v -0.59391 0.18401 -0.00621
v -0.63097 0.16553 -0.00621
v -0.70919 0.07927 0.04341
v -0.66367 0.08153 0.04341
v -0.68259 0.12639 0.04341
v -0.55148 0.17675 0.04341
v -0.61535 0.13345 0.04341
v -0.63141 0.18488 0.04341
v -0.56166 0.22975 0.04341
v -0.50565 0.19431 0.04341
v -0.50639 0.19412 0.04341
v -0.51085 0.22625 0.00049
v -0.51011 0.22644 0.00051
v -0.51097 0.24557 0.04341
v -0.51023 0.24576 0.04341
v -0.51011 0.22644 0.08630
v -0.51085 0.22625 0.08632
v -0.50654 0.17788 0.00050
v -0.50580 0.17806 0.00048
v -0.58498 0.14897 -0.00621
v -0.55183 0.16056 -0.00621
v -0.61590 0.11724 -0.00621
v -0.67542 0.06307 -0.00621
v -0.66443 0.06559 -0.00621
v -0.69608 0.04273 0.04341
v -0.66443 0.06559 0.09303
v -0.67542 0.06307 0.09303
v -0.58498 0.14897 0.09303
v -0.61590 0.11724 0.09303
v -0.55183 0.16056 0.09303
v -0.50580 0.17806 0.08634
v -0.50654 0.17788 0.08632
v -0.64667 0.09606 0.09303
v -0.65856 0.13106 0.09303
v -0.65856 0.13106 -0.00621
v -0.64667 0.09606 -0.00621
v -0.50532 0.17691 -0.00421
v -0.50579 0.18400 -0.00552
v -0.49178 0.17963 -0.00603
v -0.49161 0.19574 0.04341
v -0.69083 0.10632 0.09303
v -0.59563 0.19075 0.09303
v -0.69083 0.10632 -0.00621
v -0.59563 0.19075 -0.00621
v -0.71179 0.08646 0.04341
v -0.69335 0.03523 0.04341
v -0.58276 0.15819 0.04341
v -0.59599 0.21008 0.04341
v -0.58320 0.14197 -0.00621
v -0.67274 0.05564 -0.00621
v -0.67274 0.05564 0.09303
v -0.58320 0.14197 0.09303
v -0.64356 0.10503 0.04341
v -0.64423 0.08895 0.09303
v -0.66089 0.13788 0.09303
v -0.66143 0.15213 0.04341
v -0.66089 0.13788 -0.00621
v -0.64423 0.08895 -0.00621
v -0.50507 0.17662 -0.00550
v -0.50490 0.19276 0.04341
v -0.50507 0.17662 0.09231
v -0.50634 0.19242 0.04341
v -0.50653 0.17627 -0.00543
v -0.50653 0.17627 0.09224
v -0.51030 0.24745 0.04341
v -0.51015 0.22804 -0.00536
v -0.51159 0.22769 -0.00544
v -0.51173 0.24710 0.04341
v -0.51159 0.22769 0.09226
v -0.51015 0.22804 0.09217
v -0.53472 0.22129 0.09303
v -0.45763 0.24072 0.09303
v -0.53472 0.22129 -0.00621
v -0.45763 0.24072 -0.00621
v -0.52724 0.18661 0.04341
v -0.53493 0.24068 0.04341
v -0.45227 0.20500 0.04341
v -0.45778 0.26013 0.04341
v -0.45245 0.18889 -0.00621
v -0.52752 0.17046 -0.00621
v -0.52752 0.17046 0.09303
v -0.45245 0.18889 0.09303
v -0.33535 0.10353 0.04878
v -0.36002 0.07665 0.04878
v -0.38188 0.04990 0.04878
v -0.40328 0.02341 0.04878
v -0.42530 -0.00654 0.04878
v -0.44900 -0.04367 0.04878
v -0.47469 -0.09280 0.04878
v -0.50266 -0.15873 0.04878
v -0.52284 -0.19678 0.04714
v -0.54003 -0.20211 0.04878
v -0.55982 -0.18365 0.04878
v -0.57779 -0.16129 0.04878
v -0.59006 -0.14267 0.04815
v -0.59273 -0.13542 0.04625
v -0.59083 -0.13358 0.04371
v -0.59319 -0.13485 0.04625
v -0.59910 -0.13076 0.04815
v -0.61259 -0.11537 0.04878
v -0.62844 -0.09161 0.04878
v -0.64144 -0.06241 0.04878
v -0.64951 -0.03825 0.04815
v -0.65055 -0.02960 0.04625
v -0.64822 -0.02837 0.04371
v -0.65085 -0.02890 0.04625
v -0.65533 -0.02227 0.04815
v -0.66382 -0.00058 0.04878
v -0.67283 0.02931 0.04878
v -0.67886 0.06053 0.04878
v -0.67396 0.08510 0.04714
v -0.65418 0.11170 0.04878
v -0.61789 0.14441 0.04878
v -0.58394 0.16987 0.04878
v -0.55143 0.18840 0.04878
v -0.51947 0.20032 0.04878
v -0.48367 0.20970 0.04878
v -0.43960 0.22062 0.04878
v -0.33535 0.23230 0.04878
v 0.34741 0.21705 0.01327
v 0.66225 0.08019 0.02090
v 0.61012 0.13533 0.01327
v 0.48531 0.19604 0.01327
v 0.54832 0.17624 0.01327
v 0.34741 0.20253 0.00345
v 0.48082 0.17128 0.00345
v 0.54473 0.14403 0.00345
v 0.60748 0.09440 0.00345
v 0.66120 0.02831 0.01327
v 0.34741 0.16310 0.00345
v 0.45556 0.11506 0.00345
v 0.51527 0.06624 0.00345
v 0.57124 -0.00060 0.00345
v 0.61992 -0.08412 0.01327
v 0.47696 -0.08522 0.01327
v 0.52173 -0.18191 0.02090
v 0.43104 -0.00502 0.01327
v 0.39067 0.04746 0.01327
v 0.34741 0.09733 0.01327
v 0.34741 0.11688 0.00345
v 0.41255 0.06568 0.00345
v 0.46057 0.01405 0.00345
v 0.51079 -0.06146 0.00345
v 0.55612 -0.16970 0.01327
v 0.34741 0.20253 0.08198
v 0.48082 0.17128 0.08198
v 0.66120 0.02831 0.07216
v 0.60748 0.09440 0.08198
v 0.54473 0.14403 0.08198
v 0.34741 0.21705 0.07216
v 0.48531 0.19604 0.07216
v 0.54832 0.17624 0.07216
v 0.61012 0.13533 0.07216
v 0.66225 0.08019 0.06453
v 0.61992 -0.08412 0.07216
v 0.57124 -0.00060 0.08198
v 0.51527 0.06624 0.08198
v 0.45556 0.11506 0.08198
v 0.34741 0.16310 0.08198
v 0.52173 -0.18191 0.06453
v 0.47696 -0.08522 0.07216
v 0.51079 -0.06146 0.08198
v 0.55612 -0.16970 0.07216
v 0.43104 -0.00502 0.07216
v 0.46057 0.01405 0.08198
v 0.39067 0.04746 0.07216
v 0.41255 0.06568 0.08198
v 0.34741 0.09733 0.07216
v 0.34741 0.11688 0.08198
v 0.64493 -0.01964 0.01621
v 0.63952 -0.03450 0.01621
v 0.59718 0.05109 0.00738
v 0.59204 0.03854 0.00738
v 0.54079 0.10789 0.00738
v 0.53663 0.09750 0.00738
v 0.34741 0.18345 0.00738
v 0.34741 0.18891 0.00738
v 0.47717 0.14896 0.00738
v 0.47366 0.14141 0.00738
v 0.55097 -0.03076 0.00738
v 0.54301 -0.03845 0.00738
v 0.59264 -0.12052 0.01621
v 0.58423 -0.13159 0.01621
v 0.49795 0.04026 0.00738
v 0.49078 0.03348 0.00738
v 0.44130 0.09265 0.00738
v 0.43564 0.08608 0.00738
v 0.34741 0.13694 0.00738
v 0.34741 0.14323 0.00738
v 0.47717 0.14896 0.07805
v 0.47366 0.14141 0.07805
v 0.34741 0.18891 0.07805
v 0.34741 0.18345 0.07805
v 0.64493 -0.01964 0.06922
v 0.63952 -0.03450 0.06922
v 0.59718 0.05109 0.07805
v 0.59204 0.03854 0.07805
v 0.54079 0.10789 0.07805
v 0.53663 0.09750 0.07805
v 0.59264 -0.12052 0.06922
v 0.58423 -0.13159 0.06922
v 0.55097 -0.03076 0.07805
v 0.54301 -0.03845 0.07805
v 0.49795 0.04026 0.07805
v 0.49078 0.03348 0.07805
v 0.44130 0.09265 0.07805
v 0.43564 0.08608 0.07805
v 0.34741 0.14323 0.07805
v 0.34741 0.13694 0.07805
v 0.60518 -0.10621 0.07216
v 0.57517 -0.07991 0.07805
v 0.55964 -0.01863 0.08198
v 0.59906 -0.04640 0.08198
v 0.52498 0.00839 0.07805
v 0.50502 0.05094 0.08198
v 0.54338 0.03621 0.08198
v 0.47064 0.06755 0.07805
v 0.44708 0.10192 0.08198
v 0.48670 0.09167 0.08198
v 0.40816 0.11790 0.07805
v 0.34741 0.15171 0.08198
v 0.41973 0.13896 0.08198
v 0.34741 0.17469 0.08198
v 0.43304 0.16243 0.07805
v 0.46557 0.12978 0.08198
v 0.50724 0.12039 0.07805
v 0.52713 0.08365 0.08198
v 0.56471 0.07089 0.07805
v 0.58311 0.02099 0.08198
v 0.61921 -0.00154 0.07805
v 0.63201 -0.05697 0.07216
v 0.34741 0.12830 0.08198
v 0.40374 0.11146 0.07805
v 0.42564 0.07715 0.08198
v 0.46409 0.06089 0.07805
v 0.47777 0.02513 0.08198
v 0.51735 0.00143 0.07805
v 0.52937 -0.04827 0.08198
v 0.56694 -0.08932 0.07805
v 0.57283 -0.14891 0.07216
v 0.47866 0.15832 0.00345
v 0.34741 0.19467 0.00345
v 0.43576 0.16886 0.00738
v 0.60229 0.06985 0.00345
v 0.62456 0.01229 0.00738
v 0.65282 0.00052 0.01327
v 0.54251 0.12371 0.00345
v 0.56937 0.08238 0.00738
v 0.51111 0.12936 0.00738
v 0.59906 -0.04640 0.00345
v 0.55964 -0.01863 0.00345
v 0.57517 -0.07991 0.00738
v 0.60518 -0.10621 0.01327
v 0.54338 0.03621 0.00345
v 0.50502 0.05094 0.00345
v 0.52498 0.00839 0.00738
v 0.48670 0.09167 0.00345
v 0.44708 0.10192 0.00345
v 0.47064 0.06755 0.00738
v 0.41973 0.13896 0.00345
v 0.34741 0.15171 0.00345
v 0.40816 0.11790 0.00738
v 0.46557 0.12978 0.00345
v 0.43304 0.16243 0.00738
v 0.34741 0.17469 0.00345
v 0.52713 0.08365 0.00345
v 0.50724 0.12039 0.00738
v 0.58311 0.02099 0.00345
v 0.56471 0.07089 0.00738
v 0.63201 -0.05697 0.01327
v 0.61921 -0.00154 0.00738
v 0.42564 0.07715 0.00345
v 0.40374 0.11146 0.00738
v 0.34741 0.12830 0.00345
v 0.47777 0.02513 0.00345
v 0.46409 0.06089 0.00738
v 0.52937 -0.04827 0.00345
v 0.51735 0.00143 0.00738
v 0.57283 -0.14891 0.01327
v 0.56694 -0.08932 0.00738
v 0.64048 -0.02647 0.06038
v 0.64048 -0.02647 0.02505
v 0.64076 -0.02581 0.02505
v 0.64076 -0.02581 0.06038
v 0.59526 0.04492 0.01916
v 0.59480 0.04447 0.01916
v 0.54021 0.10261 0.01916
v 0.53980 0.10212 0.01916
v 0.47667 0.14585 0.01916
v 0.47636 0.14529 0.01916
v 0.34741 0.18637 0.01916
v 0.34741 0.18699 0.01916
v 0.34741 0.18637 0.06627
v 0.47636 0.14529 0.06627
v 0.47667 0.14585 0.06627
v 0.34741 0.18699 0.06627
v 0.54021 0.10261 0.06627
v 0.53980 0.10212 0.06627
v 0.59480 0.04447 0.06627
v 0.59526 0.04492 0.06627
v 0.58672 -0.12486 0.02505
v 0.54737 -0.03504 0.01916
v 0.54790 -0.03467 0.01916
v 0.58715 -0.12433 0.02505
v 0.49559 0.03670 0.01916
v 0.49511 0.03627 0.01916
v 0.58672 -0.12486 0.06038
v 0.58715 -0.12433 0.06038
v 0.43937 0.08955 0.01916
v 0.43897 0.08905 0.01916
v 0.34741 0.14041 0.01916
v 0.34741 0.13982 0.01916
v 0.54737 -0.03504 0.06627
v 0.54790 -0.03467 0.06627
v 0.49511 0.03627 0.06627
v 0.49559 0.03670 0.06627
v 0.43897 0.08905 0.06627
v 0.43937 0.08955 0.06627
v 0.34741 0.13982 0.06627
v 0.34741 0.14041 0.06627
v 0.43959 0.18630 0.08198
v 0.34741 0.21075 0.08198
v 0.44434 0.20619 0.07216
v 0.48332 0.18522 0.08198
v 0.51443 0.15869 0.08198
v 0.51861 0.18732 0.07216
v 0.54681 0.16277 0.08198
v 0.57601 0.12279 0.08198
v 0.57855 0.15901 0.07216
v 0.60963 0.11800 0.08198
v 0.63831 0.05829 0.08198
v 0.64385 0.10492 0.07216
v 0.66680 0.05734 0.07216
v 0.50297 -0.14653 0.07216
v 0.49159 -0.07497 0.08198
v 0.53661 -0.11999 0.08198
v 0.53772 -0.18686 0.07216
v 0.45308 -0.03955 0.07216
v 0.44364 0.00312 0.08198
v 0.48534 -0.01845 0.08198
v 0.39995 0.05508 0.08198
v 0.43676 0.04105 0.08198
v 0.41057 0.02283 0.07216
v 0.37035 0.07233 0.07216
v 0.34741 0.10566 0.08198
v 0.38663 0.09108 0.08198
v 0.48332 0.18522 0.00345
v 0.44434 0.20619 0.01327
v 0.34741 0.21075 0.00345
v 0.43959 0.18630 0.00345
v 0.54681 0.16277 0.00345
v 0.51861 0.18732 0.01327
v 0.51443 0.15869 0.00345
v 0.60963 0.11800 0.00345
v 0.57855 0.15901 0.01327
v 0.57601 0.12279 0.00345
v 0.66680 0.05734 0.01327
v 0.64385 0.10492 0.01327
v 0.63831 0.05829 0.00345
v 0.53772 -0.18686 0.01327
v 0.53661 -0.11999 0.00345
v 0.49159 -0.07497 0.00345
v 0.50297 -0.14653 0.01327
v 0.48534 -0.01845 0.00345
v 0.44364 0.00312 0.00345
v 0.45308 -0.03955 0.01327
v 0.41057 0.02283 0.01327
v 0.43676 0.04105 0.00345
v 0.39995 0.05508 0.00345
v 0.38663 0.09108 0.00345
v 0.34741 0.10566 0.00345
v 0.37035 0.07233 0.01327
v 0.63831 -0.02531 0.03683
v 0.63831 -0.02531 0.04860
v 0.59470 0.04482 0.03486
v 0.54001 0.10237 0.03486
v 0.47651 0.14557 0.03486
v 0.34741 0.18668 0.03486
v 0.54735 -0.03464 0.03486
v 0.58496 -0.12314 0.03683
v 0.49535 0.03649 0.03486
v 0.58496 -0.12314 0.04860
v 0.43917 0.08930 0.03486
v 0.34741 0.14011 0.03486
v 0.47651 0.14557 0.05057
v 0.34741 0.18668 0.05057
v 0.54001 0.10237 0.05057
v 0.59470 0.04482 0.05057
v 0.54735 -0.03464 0.05057
v 0.49535 0.03649 0.05057
v 0.43917 0.08930 0.05057
v 0.34741 0.14011 0.05057
v 0.43576 0.16886 0.07805
v 0.34741 0.19467 0.08198
v 0.47866 0.15832 0.08198
v 0.65282 0.00052 0.07216
v 0.62456 0.01229 0.07805
v 0.60229 0.06985 0.08198
v 0.56937 0.08238 0.07805
v 0.54251 0.12371 0.08198
v 0.51111 0.12936 0.07805
v 0.44223 0.19746 0.08198
v 0.51674 0.17511 0.08198
v 0.57781 0.14384 0.08198
v 0.64215 0.08489 0.08198
v 0.51765 -0.13549 0.08198
v 0.46693 -0.03040 0.08198
v 0.42169 0.03049 0.08198
v 0.37725 0.08023 0.08198
v 0.44223 0.19746 0.00345
v 0.51674 0.17511 0.00345
v 0.57781 0.14384 0.00345
v 0.64215 0.08489 0.00345
v 0.51765 -0.13549 0.00345
v 0.46693 -0.03040 0.00345
v 0.42169 0.03049 0.00345
v 0.37725 0.08023 0.00345
v 0.61992 0.00626 0.03486
v 0.56807 0.07626 0.03486
v 0.51048 0.12489 0.03486
v 0.43511 0.16615 0.03486
v 0.56949 -0.08319 0.03486
v 0.52217 0.00442 0.03486
v 0.46825 0.06401 0.03486
v 0.40638 0.11469 0.03486
v 0.43511 0.16615 0.05057
v 0.51048 0.12489 0.05057
v 0.61992 0.00626 0.05057
v 0.56807 0.07626 0.05057
v 0.56949 -0.08319 0.05057
v 0.52217 0.00442 0.05057
v 0.46825 0.06401 0.05057
v 0.40638 0.11469 0.05057
v 0.43732 0.17613 0.08198
v 0.63131 0.03189 0.08198
v 0.57257 0.10006 0.08198
v 0.51246 0.14199 0.08198
v 0.58584 -0.06661 0.08198
v 0.53261 0.01973 0.08198
v 0.47714 0.07750 0.08198
v 0.41297 0.12672 0.08198
v 0.42718 0.15216 0.08198
v 0.49805 0.10769 0.08198
v 0.55531 0.05544 0.08198
v 0.61103 -0.02178 0.08198
v 0.39633 0.10259 0.08198
v 0.45228 0.05225 0.08198
v 0.50366 -0.00699 0.08198
v 0.55436 -0.10292 0.08198
v 0.43732 0.17613 0.00345
v 0.63131 0.03189 0.00345
v 0.57257 0.10006 0.00345
v 0.51246 0.14199 0.00345
v 0.58584 -0.06661 0.00345
v 0.53261 0.01973 0.00345
v 0.47714 0.07750 0.00345
v 0.41297 0.12672 0.00345
v 0.42718 0.15216 0.00345
v 0.49805 0.10769 0.00345
v 0.55531 0.05544 0.00345
v 0.61103 -0.02178 0.00345
v 0.39633 0.10259 0.00345
v 0.45228 0.05225 0.00345
v 0.50366 -0.00699 0.00345
v 0.55436 -0.10292 0.00345
v 0.62143 0.00606 0.01916
v 0.62105 0.00552 0.01916
v 0.56830 0.07649 0.01916
v 0.56784 0.07604 0.01916
v 0.51066 0.12515 0.01916
v 0.51030 0.12462 0.01916
v 0.43499 0.16585 0.01916
v 0.43524 0.16644 0.01916
v 0.43499 0.16585 0.06627
v 0.43524 0.16644 0.06627
v 0.51066 0.12515 0.06627
v 0.51030 0.12462 0.06627
v 0.62105 0.00552 0.06627
v 0.62143 0.00606 0.06627
v 0.56784 0.07604 0.06627
v 0.56830 0.07649 0.06627
v 0.57038 -0.08423 0.01916
v 0.57086 -0.08379 0.01916
v 0.52243 0.00461 0.01916
v 0.52192 0.00423 0.01916
v 0.46848 0.06424 0.01916
v 0.46803 0.06378 0.01916
v 0.40656 0.11496 0.01916
v 0.40621 0.11441 0.01916
v 0.57038 -0.08424 0.06627
v 0.57086 -0.08379 0.06627
v 0.52192 0.00423 0.06627
v 0.52243 0.00461 0.06627
v 0.46803 0.06378 0.06627
v 0.46848 0.06424 0.06627
v 0.40621 0.11441 0.06627
v 0.40656 0.11496 0.06627
v 0.34741 0.24595 -0.00621
v 0.50952 0.21975 0.00051
v 0.51026 0.21956 0.00049
v 0.56006 0.20350 -0.00621
v 0.62888 0.15884 -0.00621
v 0.62888 0.15884 0.09303
v 0.56006 0.20350 0.09303
v 0.51026 0.21956 0.08633
v 0.50952 0.21975 0.08631
v 0.34741 0.24595 0.09303
v 0.34741 0.20873 0.09303
v 0.50642 0.18501 0.08634
v 0.50716 0.18483 0.08633
v 0.55320 0.16772 0.09303
v 0.61808 0.12420 0.09303
v 0.61808 0.12420 -0.00621
v 0.55320 0.16772 -0.00621
v 0.50716 0.18483 0.00049
v 0.50642 0.18501 0.00047
v 0.34741 0.20873 -0.00621
v 0.66702 0.07290 0.09303
v 0.67951 0.10856 0.09303
v 0.67951 0.10856 -0.00621
v 0.66702 0.07290 -0.00621
v 0.51270 0.18207 -0.00602
v 0.50714 0.18394 -0.00415
v 0.49621 0.22420 -0.00600
v 0.50955 0.22063 -0.00403
v 0.49251 0.18706 0.09285
v 0.50602 0.18419 0.09105
v 0.51673 0.21905 0.09284
v 0.51066 0.22038 0.09096
v 0.50602 0.18419 -0.00424
v 0.49251 0.18706 -0.00604
v 0.51673 0.21905 -0.00602
v 0.51066 0.22038 -0.00415
v 0.50714 0.18394 0.09097
v 0.51270 0.18207 0.09284
v 0.49621 0.22420 0.09282
v 0.50955 0.22063 0.09084
v 0.50515 0.19309 0.04341
v 0.49178 0.17963 0.09285
v 0.50579 0.18400 0.09233
v 0.50532 0.17691 0.09103
v 0.50626 0.19284 0.04341
v 0.51165 0.19082 0.04341
v 0.51188 0.17469 -0.00602
v 0.50727 0.18365 -0.00546
v 0.50643 0.17666 -0.00410
v 0.50643 0.17666 0.09092
v 0.50727 0.18365 0.09227
v 0.51188 0.17469 0.09283
v 0.51089 0.22058 -0.00545
v 0.51037 0.24704 0.04341
v 0.49708 0.25077 0.04341
v 0.49693 0.23135 -0.00600
v 0.50944 0.22093 -0.00538
v 0.51023 0.22765 -0.00400
v 0.51134 0.22740 -0.00413
v 0.51750 0.22616 -0.00602
v 0.51767 0.24557 0.04341
v 0.51148 0.24678 0.04341
v 0.51750 0.22616 0.09284
v 0.51089 0.22058 0.09227
v 0.51134 0.22740 0.09094
v 0.51023 0.22765 0.09081
v 0.50944 0.22093 0.09219
v 0.49693 0.23135 0.09281
v 0.53373 0.21427 0.09303
v 0.45691 0.23355 0.09303
v 0.34741 0.25311 0.09303
v 0.53373 0.21427 -0.00621
v 0.34741 0.25311 -0.00621
v 0.45691 0.23355 -0.00621
v 0.34741 0.21740 0.04341
v 0.34741 0.27253 0.04341
v 0.45319 0.19634 -0.00621
v 0.34741 0.20129 -0.00621
v 0.52856 0.17776 -0.00621
v 0.52856 0.17776 0.09303
v 0.45319 0.19634 0.09303
v 0.34741 0.20129 0.09303
v 0.68827 0.09921 0.09303
v 0.68199 0.11556 0.09303
v 0.63097 0.16553 0.09303
v 0.59391 0.18401 0.09303
v 0.56139 0.21039 0.09303
v 0.68199 0.11556 -0.00621
v 0.68827 0.09921 -0.00621
v 0.56139 0.21039 -0.00621
v 0.59391 0.18401 -0.00621
v 0.63097 0.16553 -0.00621
v 0.70919 0.07927 0.04341
v 0.66367 0.08153 0.04341
v 0.68259 0.12639 0.04341
v 0.55148 0.17675 0.04341
v 0.61535 0.13345 0.04341
v 0.63141 0.18488 0.04341
v 0.56166 0.22975 0.04341
v 0.50565 0.19431 0.04341
v 0.50639 0.19412 0.04341
v 0.51085 0.22625 0.00049
v 0.51011 0.22644 0.00051
v 0.51097 0.24557 0.04341
v 0.51023 0.24576 0.04341
v 0.51011 0.22644 0.08630
v 0.51085 0.22625 0.08632
v 0.50654 0.17788 0.00050
v 0.50580 0.17806 0.00048
v 0.58498 0.14897 -0.00621
v 0.55183 0.16056 -0.00621
v 0.61590 0.11724 -0.00621
v 0.67542 0.06307 -0.00621
v 0.66443 0.06559 -0.00621
v 0.69608 0.04273 0.04341
v 0.66443 0.06559 0.09303
v 0.67542 0.06307 0.09303
v 0.58498 0.14897 0.09303
v 0.61590 0.11724 0.09303
v 0.55183 0.16056 0.09303
v 0.50580 0.17806 0.08634
v 0.50654 0.17788 0.08632
v 0.64667 0.09606 0.09303
v 0.65856 0.13106 0.09303
v 0.65856 0.13106 -0.00621
v 0.64667 0.09606 -0.00621
v 0.50532 0.17691 -0.00421
v 0.50579 0.18400 -0.00552
v 0.49178 0.17963 -0.00603
v 0.49161 0.19574 0.04341
v 0.69083 0.10632 0.09303
v 0.59563 0.19075 0.09303
v 0.69083 0.10632 -0.00621
v 0.59563 0.19075 -0.00621
v 0.71179 0.08646 0.04341
v 0.69335 0.03523 0.04341
v 0.58276 0.15819 0.04341
v 0.59599 0.21008 0.04341
v 0.58320 0.14197 -0.00621
v 0.67274 0.05564 -0.00621
v 0.67274 0.05564 0.09303
v 0.58320 0.14197 0.09303
v 0.64356 0.10503 0.04341
v 0.64423 0.08895 0.09303
v 0.66089 0.13788 0.09303
v 0.66143 0.15213 0.04341
v 0.66089 0.13788 -0.00621
v 0.64423 0.08895 -0.00621
v 0.50507 0.17662 -0.00550
v 0.50490 0.19276 0.04341
v 0.50507 0.17662 0.09231
v 0.50634 0.19242 0.04341
v 0.50653 0.17627 -0.00543
v 0.50653 0.17627 0.09224
v 0.51030 0.24745 0.04341
v 0.51015 0.22804 -0.00536
v 0.51159 0.22769 -0.00544
v 0.51173 0.24710 0.04341
v 0.51159 0.22769 0.09226
v 0.51015 0.22804 0.09217
v 0.53472 0.22129 0.09303
v 0.45763 0.24072 0.09303
v 0.53472 0.22129 -0.00621
v 0.45763 0.24072 -0.00621
v 0.52724 0.18661 0.04341
v 0.53493 0.24068 0.04341
v 0.45227 0.20500 0.04341
v 0.45778 0.26013 0.04341
v 0.45245 0.18889 -0.00621
v 0.52752 0.17046 -0.00621
v 0.52752 0.17046 0.09303
v 0.45245 0.18889 0.09303
v 0.33535 0.10353 0.04878
v 0.36002 0.07665 0.04878
v 0.38188 0.04990 0.04878
v 0.40328 0.02341 0.04878
v 0.42530 -0.00654 0.04878
v 0.44900 -0.04367 0.04878
v 0.47469 -0.09280 0.04878
v 0.50266 -0.15873 0.04878
v 0.52284 -0.19678 0.04714
v 0.54003 -0.20211 0.04878
v 0.55982 -0.18365 0.04878
v 0.57779 -0.16129 0.04878
v 0.59006 -0.14267 0.04815
v 0.59273 -0.13542 0.04625
v 0.59083 -0.13358 0.04371
v 0.59319 -0.13485 0.04625
v 0.59910 -0.13076 0.04815
v 0.61259 -0.11537 0.04878
v 0.62844 -0.09161 0.04878
v 0.64144 -0.06241 0.04878
v 0.64951 -0.03825 0.04815
v 0.65055 -0.02960 0.04625
v 0.64822 -0.02837 0.04371
v 0.65085 -0.02890 0.04625
v 0.65533 -0.02227 0.04815
v 0.66382 -0.00058 0.04878
v 0.67283 0.02931 0.04878
v 0.67886 0.06053 0.04878
v 0.67396 0.08510 0.04714
v 0.65418 0.11170 0.04878
v 0.61789 0.14441 0.04878
v 0.58394 0.16987 0.04878
v 0.55143 0.18840 0.04878
v 0.51947 0.20032 0.04878
v 0.48367 0.20970 0.04878
v 0.43960 0.22062 0.04878
v 0.33535 0.23230 0.04878
vt 0.969206 0.088372
vt 0.968570 0.065493
vt 0.974432 0.065019
vt 0.976322 0.087095
vt 0.962614 0.017728
vt 0.966635 0.016545
vt 0.972432 0.015226
vt 0.981212 0.064416
vt 0.983783 0.086040
vt 0.969248 0.124574
vt 0.969846 0.107098
vt 0.978010 0.105135
vt 0.978338 0.121898
vt 0.985873 0.103758
vt 0.986557 0.120147
vt 0.960101 0.164566
vt 0.966203 0.143825
vt 0.976241 0.140429
vt 0.971260 0.160797
vt 0.985004 0.138072
vt 0.980848 0.158105
vt 0.942087 0.204687
vt 0.950690 0.186631
vt 0.963053 0.182787
vt 0.956124 0.200740
vt 0.973563 0.180476
vt 0.967390 0.195944
vt 0.784525 0.193464
vt 0.790680 0.173873
vt 0.800804 0.175107
vt 0.790427 0.200085
vt 0.804056 0.141451
vt 0.814122 0.144090
vt 0.825557 0.147191
vt 0.812566 0.176641
vt 0.802310 0.201653
vt 0.815858 0.116413
vt 0.825111 0.119868
vt 0.825222 0.096573
vt 0.833579 0.100293
vt 0.842932 0.104575
vt 0.835556 0.123945
vt 0.839698 0.064633
vt 0.846975 0.067648
vt 0.840586 0.083419
vt 0.832858 0.079855
vt 0.854723 0.070842
vt 0.849089 0.087393
vt 0.846775 0.049369
vt 0.853846 0.051502
vt 0.853836 0.033301
vt 0.860593 0.032451
vt 0.866139 0.030270
vt 0.860929 0.053533
vt 0.606313 0.080496
vt 0.600187 0.078420
vt 0.604154 0.059295
vt 0.609251 0.060468
vt 0.593715 0.076519
vt 0.598221 0.057985
vt 0.610959 0.015500
vt 0.615930 0.017339
vt 0.619340 0.018860
vt 0.602405 0.112196
vt 0.594713 0.108520
vt 0.596831 0.093969
vt 0.603787 0.096832
vt 0.587682 0.105791
vt 0.590060 0.091684
vt 0.605541 0.148381
vt 0.596200 0.143170
vt 0.594373 0.124856
vt 0.602834 0.129396
vt 0.588042 0.139243
vt 0.586896 0.121462
vt 0.614948 0.186248
vt 0.603158 0.180053
vt 0.600157 0.163483
vt 0.610481 0.169104
vt 0.594029 0.173853
vt 0.591259 0.159470
vt 0.758495 0.188745
vt 0.753052 0.194072
vt 0.745393 0.172472
vt 0.754527 0.171701
vt 0.742719 0.195598
vt 0.734857 0.173725
vt 0.725838 0.147245
vt 0.736242 0.144888
vt 0.745431 0.142892
vt 0.728662 0.122961
vt 0.737127 0.120365
vt 0.719112 0.126023
vt 0.714607 0.108175
vt 0.723174 0.104980
vt 0.730825 0.102202
vt 0.721524 0.072711
vt 0.725852 0.086795
vt 0.718732 0.089370
vt 0.714812 0.074743
vt 0.710942 0.092283
vt 0.707710 0.076933
vt 0.710474 0.059734
vt 0.716908 0.058502
vt 0.704067 0.060886
vt 0.701651 0.039711
vt 0.706347 0.042114
vt 0.712253 0.043477
vt 0.994261 0.058922
vt 0.984825 0.006008
vt 0.997015 0.082257
vt 0.999209 0.101521
vt 0.999948 0.119652
vt 0.998258 0.139714
vt 0.993712 0.162336
vt 0.984646 0.187808
vt 0.974763 0.203746
vt 0.962993 0.211736
vt 0.945591 0.217306
vt 0.777376 0.176806
vt 0.775637 0.201370
vt 0.791383 0.139778
vt 0.781870 0.209929
vt 0.797188 0.214698
vt 0.804230 0.112339
vt 0.814391 0.090842
vt 0.822662 0.072756
vt 0.830130 0.056286
vt 0.837694 0.039854
vt 0.726538 0.033450
vt 0.907019 0.211447
vt 0.909018 0.212669
vt 0.641727 0.193159
vt 0.646359 0.193832
vt 0.651898 0.192632
vt 0.904968 0.211821
vt 0.642469 0.175586
vt 0.648865 0.174507
vt 0.636004 0.177222
vt 0.636688 0.154979
vt 0.630149 0.156868
vt 0.643348 0.153757
vt 0.632669 0.136803
vt 0.639503 0.135627
vt 0.625836 0.138225
vt 0.630187 0.119702
vt 0.623205 0.120646
vt 0.637223 0.118911
vt 0.628936 0.102975
vt 0.635978 0.102701
vt 0.621869 0.103440
vt 0.628883 0.084996
vt 0.621788 0.084934
vt 0.636055 0.085255
vt 0.630736 0.022615
vt 0.637680 0.023884
vt 0.630214 0.064173
vt 0.623068 0.063372
vt 0.644709 0.025148
vt 0.637261 0.065009
vt 0.696289 0.155318
vt 0.704616 0.177850
vt 0.698653 0.180888
vt 0.689901 0.158111
vt 0.702908 0.153153
vt 0.710929 0.175706
vt 0.712540 0.197411
vt 0.717350 0.194957
vt 0.707419 0.198675
vt 0.690569 0.135411
vt 0.697306 0.133528
vt 0.683883 0.137578
vt 0.686637 0.117079
vt 0.679802 0.118802
vt 0.693606 0.115648
vt 0.833659 0.209633
vt 0.835387 0.211028
vt 0.831475 0.209676
vt 0.683655 0.099992
vt 0.690659 0.098915
vt 0.676712 0.101326
vt 0.681334 0.082809
vt 0.674265 0.083677
vt 0.688433 0.082031
vt 0.679401 0.064142
vt 0.686486 0.063864
vt 0.672269 0.064411
vt 0.673065 0.034749
vt 0.680144 0.034921
vt 0.687291 0.035063
vt 0.943255 0.089597
vt 0.944511 0.066237
vt 0.952642 0.066410
vt 0.951272 0.090510
vt 0.935166 0.088717
vt 0.936442 0.066090
vt 0.933014 0.021074
vt 0.941199 0.020640
vt 0.949262 0.020239
vt 0.940763 0.109539
vt 0.932879 0.108104
vt 0.948691 0.111029
vt 0.937123 0.127843
vt 0.944870 0.129882
vt 0.929317 0.125885
vt 0.912885 0.205542
vt 0.907416 0.204896
vt 0.914723 0.186624
vt 0.921582 0.189624
vt 0.901419 0.203056
vt 0.907842 0.184191
vt 0.924537 0.165496
vt 0.917316 0.162806
vt 0.931639 0.168513
vt 0.931801 0.146286
vt 0.939370 0.148823
vt 0.924343 0.143830
vt 0.841986 0.204929
vt 0.836263 0.202822
vt 0.846269 0.182364
vt 0.852768 0.185981
vt 0.830750 0.200014
vt 0.839432 0.179380
vt 0.857909 0.158171
vt 0.850767 0.155152
vt 0.864892 0.161514
vt 0.866727 0.136724
vt 0.874126 0.139514
vt 0.859341 0.133994
vt 0.873588 0.116988
vt 0.865939 0.114633
vt 0.881172 0.119393
vt 0.879169 0.098521
vt 0.886980 0.100589
vt 0.871365 0.096496
vt 0.884099 0.079861
vt 0.876148 0.078166
vt 0.892012 0.081590
vt 0.888606 0.059503
vt 0.896726 0.060717
vt 0.880563 0.058372
vt 0.883026 0.026566
vt 0.891262 0.027254
vt 0.899439 0.027974
vt 0.957510 0.090684
vt 0.958889 0.066360
vt 0.963220 0.065981
vt 0.962637 0.089687
vt 0.955329 0.019704
vt 0.958772 0.018848
vt 0.928131 0.205868
vt 0.937998 0.189196
vt 0.918171 0.205199
vt 0.928120 0.190547
vt 0.938305 0.169362
vt 0.947988 0.167456
vt 0.946047 0.149280
vt 0.955053 0.146951
vt 0.951444 0.130075
vt 0.959391 0.127620
vt 0.955094 0.111194
vt 0.961617 0.109373
vt 0.869038 0.208391
vt 0.856076 0.207518
vt 0.867152 0.188425
vt 0.878562 0.188167
vt 0.847177 0.205695
vt 0.858835 0.187870
vt 0.870961 0.163323
vt 0.878535 0.163544
vt 0.888988 0.163364
vt 0.880264 0.141055
vt 0.887381 0.141391
vt 0.887376 0.120815
vt 0.894167 0.121373
vt 0.903487 0.122209
vt 0.897230 0.141747
vt 0.893208 0.101918
vt 0.899585 0.102632
vt 0.898241 0.082777
vt 0.904163 0.083510
vt 0.912133 0.084684
vt 0.908281 0.103756
vt 0.903118 0.061634
vt 0.908739 0.062399
vt 0.905745 0.027966
vt 0.910429 0.026674
vt 0.916098 0.024897
vt 0.915970 0.063449
vt 0.923710 0.064658
vt 0.921213 0.086347
vt 0.921879 0.023116
vt 0.926697 0.021769
vt 0.930042 0.065683
vt 0.928681 0.087785
vt 0.918219 0.105389
vt 0.914124 0.123411
vt 0.926390 0.106906
vt 0.922814 0.124576
vt 0.908553 0.142114
vt 0.900968 0.162538
vt 0.917815 0.142555
vt 0.910775 0.161832
vt 0.891311 0.186003
vt 0.883713 0.205705
vt 0.901453 0.183730
vt 0.895386 0.202697
vt 0.868310 0.055594
vt 0.863076 0.074043
vt 0.871808 0.028148
vt 0.876607 0.026660
vt 0.874288 0.057241
vt 0.869854 0.076490
vt 0.858027 0.091388
vt 0.852406 0.108952
vt 0.865141 0.094473
vt 0.859780 0.112365
vt 0.845665 0.128209
vt 0.836503 0.150408
vt 0.853312 0.131577
vt 0.844713 0.152930
vt 0.824340 0.177367
vt 0.815207 0.200585
vt 0.833344 0.177778
vt 0.825279 0.198931
vt 0.616323 0.084162
vt 0.611939 0.082556
vt 0.613889 0.061587
vt 0.617637 0.062480
vt 0.622590 0.020301
vt 0.625508 0.021451
vt 0.621352 0.173722
vt 0.627494 0.189923
vt 0.615832 0.153020
vt 0.624123 0.156395
vt 0.629989 0.176782
vt 0.636984 0.191307
vt 0.612273 0.133932
vt 0.619906 0.137471
vt 0.610721 0.116351
vt 0.617417 0.119746
vt 0.610751 0.100014
vt 0.616259 0.102588
vt 0.681818 0.199123
vt 0.674870 0.180588
vt 0.685309 0.181771
vt 0.693970 0.199326
vt 0.668163 0.157570
vt 0.677480 0.158689
vt 0.684284 0.159164
vt 0.692964 0.182003
vt 0.702556 0.198536
vt 0.672014 0.137919
vt 0.678308 0.138331
vt 0.663351 0.137201
vt 0.660066 0.118856
vt 0.668257 0.119154
vt 0.674232 0.119394
vt 0.665537 0.101691
vt 0.671155 0.101781
vt 0.657868 0.101683
vt 0.656520 0.084085
vt 0.663545 0.084015
vt 0.668752 0.084041
vt 0.661729 0.064564
vt 0.666662 0.064523
vt 0.655365 0.064616
vt 0.659007 0.030280
vt 0.663746 0.032452
vt 0.667655 0.034086
vt 0.648457 0.084531
vt 0.648512 0.064885
vt 0.641815 0.085093
vt 0.642883 0.065240
vt 0.650111 0.026421
vt 0.654165 0.028100
vt 0.650709 0.118676
vt 0.649085 0.101947
vt 0.643045 0.118636
vt 0.641798 0.102410
vt 0.657671 0.155623
vt 0.653442 0.136244
vt 0.649183 0.153827
vt 0.645339 0.135463
vt 0.668388 0.195642
vt 0.663414 0.177745
vt 0.657564 0.192485
vt 0.654598 0.174878
vt 0.700159 0.079211
vt 0.697417 0.062184
vt 0.694046 0.080941
vt 0.692050 0.063258
vt 0.692827 0.035682
vt 0.696872 0.037378
vt 0.705932 0.111444
vt 0.702774 0.095224
vt 0.699183 0.114007
vt 0.696277 0.097507
vt 0.715894 0.149681
vt 0.709856 0.129242
vt 0.708447 0.151538
vt 0.702838 0.131779
vt 0.731290 0.194913
vt 0.724378 0.174283
vt 0.722227 0.193588
vt 0.716412 0.174526
vt 0.927443 0.218509
vt 0.913708 0.215486
vt 0.850664 0.219325
vt 0.867686 0.221568
vt 0.839266 0.213574
vt 0.886275 0.218817
vt 0.900113 0.213412
vt 0.814095 0.214163
vt 0.826916 0.211096
vt 0.055039 0.702728
vt 0.032928 0.702728
vt 0.033283 0.696622
vt 0.055039 0.696622
vt 0.030526 0.689095
vt 0.033283 0.689095
vt 0.055039 0.689095
vt 0.055039 0.659058
vt 0.033283 0.659058
vt 0.033283 0.641411
vt 0.055039 0.641411
vt 0.030526 0.659058
vt 0.030526 0.641411
vt 0.030526 0.625347
vt 0.033283 0.625347
vt 0.055039 0.625347
vt 0.077037 0.696622
vt 0.077037 0.689095
vt 0.079905 0.689095
vt 0.079905 0.696622
vt 0.077037 0.641411
vt 0.077037 0.625347
vt 0.079905 0.625347
vt 0.079905 0.641411
vt 0.077037 0.659058
vt 0.079905 0.659058
vt 0.054258 0.729050
vt 0.054470 0.717741
vt 0.076623 0.717741
vt 0.097224 0.689095
vt 0.053724 0.775062
vt 0.053924 0.758268
vt 0.076623 0.758268
vt 0.076623 0.775062
vt 0.053546 0.789977
vt 0.097224 0.625347
vt 0.053299 0.811407
vt 0.053303 0.811107
vt 0.076623 0.809656
vt 0.097224 0.604209
vt 0.032927 0.809529
vt 0.012995 0.605894
vt 0.077037 0.604209
vt 0.079905 0.604209
vt 0.079905 0.605894
vt 0.077037 0.605894
vt 0.055039 0.605894
vt 0.055039 0.604209
vt 0.033283 0.605894
vt 0.033283 0.604209
vt 0.030526 0.605894
vt 0.030526 0.604209
vt 0.094361 0.605894
vt 0.094361 0.604209
vt 0.094361 0.659058
vt 0.094361 0.641411
vt 0.094361 0.625347
vt 0.076623 0.714559
vt 0.094361 0.689095
vt 0.054500 0.714559
vt 0.032927 0.729050
vt 0.012995 0.696622
vt 0.015885 0.689095
vt 0.015885 0.696622
vt 0.015885 0.625347
vt 0.015885 0.641411
vt 0.032928 0.775062
vt 0.032928 0.789977
vt 0.015885 0.659058
vt 0.012995 0.659058
vt 0.015885 0.604209
vt 0.015885 0.605894
vt 0.054116 0.741805
vt 0.097224 0.676384
vt 0.015885 0.676384
vt 0.032928 0.741805
vt 0.030526 0.676384
vt 0.033283 0.676384
vt 0.055039 0.676384
vt 0.077037 0.676384
vt 0.079905 0.676384
vt 0.094361 0.676384
vt 0.076623 0.810157
vt 0.097224 0.594878
vt 0.053224 0.816419
vt 0.053291 0.812032
vt 0.076623 0.810084
vt 0.053294 0.811879
vt 0.094361 0.603634
vt 0.094361 0.602183
vt 0.094361 0.594878
vt 0.032928 0.816419
vt 0.012995 0.602183
vt 0.012995 0.603634
vt 0.015885 0.594878
vt 0.015885 0.602183
vt 0.015885 0.603634
vt 0.053311 0.810464
vt 0.053338 0.807354
vt 0.076623 0.807354
vt 0.097224 0.608309
vt 0.053309 0.810624
vt 0.097224 0.606803
vt 0.032928 0.808891
vt 0.012995 0.608309
vt 0.012995 0.609640
vt 0.094361 0.609640
vt 0.094361 0.608309
vt 0.094361 0.606803
vt 0.015885 0.606803
vt 0.015885 0.608309
vt 0.015885 0.609640
vt 0.079905 0.608309
vt 0.079905 0.606803
vt 0.079905 0.609640
vt 0.055039 0.602183
vt 0.055039 0.594878
vt 0.077037 0.594878
vt 0.077037 0.602183
vt 0.055039 0.603634
vt 0.077037 0.603634
vt 0.033283 0.603634
vt 0.033283 0.602183
vt 0.033283 0.594878
vt 0.079905 0.594878
vt 0.079905 0.602183
vt 0.079905 0.603634
vt 0.077037 0.608309
vt 0.077037 0.609640
vt 0.055039 0.609640
vt 0.055039 0.608309
vt 0.077037 0.606803
vt 0.055039 0.606803
vt 0.033283 0.609640
vt 0.033283 0.608309
vt 0.033283 0.606803
vt 0.030526 0.609640
vt 0.030526 0.608309
vt 0.030526 0.606803
vt 0.030526 0.603634
vt 0.030526 0.602183
vt 0.030526 0.594878
vt 0.033283 0.614559
vt 0.055039 0.614559
vt 0.030526 0.614559
vt 0.033283 0.578990
vt 0.055039 0.578990
vt 0.030526 0.578990
vt 0.030526 0.533565
vt 0.033283 0.533565
vt 0.055039 0.533565
vt 0.077037 0.614559
vt 0.079905 0.614559
vt 0.077037 0.578990
vt 0.077037 0.533565
vt 0.079905 0.533565
vt 0.079905 0.578990
vt 0.053417 0.800290
vt 0.076623 0.800290
vt 0.032928 0.800290
vt 0.053022 0.832973
vt 0.076623 0.832973
vt 0.097224 0.533565
vt 0.052490 0.876280
vt 0.032927 0.876280
vt 0.032928 0.832973
vt 0.094361 0.578990
vt 0.094361 0.533565
vt 0.094361 0.614559
vt 0.015885 0.614559
vt 0.015885 0.533565
vt 0.015885 0.578990
vt 0.591969 0.191715
vt 0.607388 0.200815
vt 0.624971 0.205628
vt 0.639410 0.205176
vt 0.644631 0.202638
vt 0.645258 0.201009
vt 0.645258 0.202724
vt 0.649921 0.205858
vt 0.663850 0.212351
vt 0.682474 0.215705
vt 0.699440 0.214363
vt 0.711145 0.209538
vt 0.714872 0.206556
vt 0.714868 0.204911
vt 0.715487 0.206581
vt 0.719595 0.209061
vt 0.732342 0.211828
vt 0.748470 0.211411
vt 0.762504 0.206189
vt 0.583500 0.180860
vt 0.768112 0.198022
vt 0.582448 0.050226
vt 0.596117 0.004553
vt 0.577437 0.070422
vt 0.573550 0.087095
vt 0.570902 0.102938
vt 0.569877 0.120816
vt 0.570827 0.141447
vt 0.575665 0.165370
vt 0.771436 0.175049
vt 0.762193 0.140434
vt 0.752897 0.115526
vt 0.746074 0.096145
vt 0.740796 0.079734
vt 0.736043 0.064599
vt 0.731143 0.049412
vt 0.845150 0.022655
vt 0.012995 0.594878
vt 0.012995 0.578990
vt 0.012995 0.533565
vt 0.012995 0.604209
vt 0.032928 0.809582
vt 0.032927 0.809203
vt 0.012995 0.606803
vt 0.012995 0.625347
vt 0.012994 0.614559
vt 0.032928 0.807354
vt 0.097224 0.609640
vt 0.097224 0.614559
vt 0.076623 0.789977
vt 0.076623 0.809392
vt 0.097224 0.605894
vt 0.097224 0.603634
vt 0.076623 0.809982
vt 0.076623 0.876280
vt 0.097224 0.578990
vt 0.076623 0.816419
vt 0.032927 0.808802
vt 0.076623 0.809316
vt 0.032927 0.809641
vt 0.097224 0.602183
vt 0.097224 0.659058
vt 0.076623 0.741805
vt 0.076623 0.729050
vt 0.012994 0.689095
vt 0.012994 0.676384
vt 0.032927 0.758268
vt 0.012995 0.641411
vt 0.097224 0.641411
vt 0.094361 0.696622
vt 0.076623 0.702728
vt 0.030526 0.696622
vt 0.032927 0.714559
vt 0.032928 0.717741
vt 0.097224 0.696622
vt 0.969206 0.088372
vt 0.968570 0.065493
vt 0.974432 0.065019
vt 0.976322 0.087095
vt 0.962614 0.017728
vt 0.966635 0.016545
vt 0.972432 0.015226
vt 0.981212 0.064416
vt 0.983783 0.086040
vt 0.969248 0.124574
vt 0.969846 0.107098
vt 0.978010 0.105135
vt 0.978338 0.121898
vt 0.985873 0.103758
vt 0.986557 0.120147
vt 0.960101 0.164566
vt 0.966203 0.143825
vt 0.976241 0.140429
vt 0.971260 0.160797
vt 0.985004 0.138072
vt 0.980848 0.158105
vt 0.942087 0.204687
vt 0.950690 0.186631
vt 0.963053 0.182787
vt 0.956124 0.200740
vt 0.973563 0.180476
vt 0.967390 0.195944
vt 0.784525 0.193464
vt 0.790680 0.173873
vt 0.800804 0.175107
vt 0.790427 0.200085
vt 0.804056 0.141451
vt 0.814122 0.144090
vt 0.825557 0.147191
vt 0.812566 0.176641
vt 0.802310 0.201653
vt 0.815858 0.116413
vt 0.825111 0.119868
vt 0.825222 0.096573
vt 0.833579 0.100293
vt 0.842932 0.104575
vt 0.835556 0.123945
vt 0.839698 0.064633
vt 0.846975 0.067648
vt 0.840586 0.083419
vt 0.832858 0.079855
vt 0.854723 0.070842
vt 0.849089 0.087393
vt 0.846775 0.049369
vt 0.853846 0.051502
vt 0.853836 0.033301
vt 0.860593 0.032451
vt 0.866139 0.030270
vt 0.860929 0.053533
vt 0.606313 0.080496
vt 0.600187 0.078420
vt 0.604154 0.059295
vt 0.609251 0.060468
vt 0.593715 0.076519
vt 0.598221 0.057985
vt 0.610959 0.015500
vt 0.615930 0.017339
vt 0.619340 0.018860
vt 0.602405 0.112196
vt 0.594713 0.108520
vt 0.596831 0.093969
vt 0.603787 0.096832
vt 0.587682 0.105791
vt 0.590060 0.091684
vt 0.605541 0.148381
vt 0.596200 0.143170
vt 0.594373 0.124856
vt 0.602834 0.129396
vt 0.588042 0.139243
vt 0.586896 0.121462
vt 0.614948 0.186248
vt 0.603158 0.180053
vt 0.600157 0.163483
vt 0.610481 0.169104
vt 0.594029 0.173853
vt 0.591259 0.159470
vt 0.758495 0.188745
vt 0.753052 0.194072
vt 0.745393 0.172472
vt 0.754527 0.171701
vt 0.742719 0.195598
vt 0.734857 0.173725
vt 0.725838 0.147245
vt 0.736242 0.144888
vt 0.745431 0.142892
vt 0.728662 0.122961
vt 0.737127 0.120365
vt 0.719112 0.126023
vt 0.714607 0.108175
vt 0.723174 0.104980
vt 0.730825 0.102202
vt 0.721524 0.072711
vt 0.725852 0.086795
vt 0.718732 0.089370
vt 0.714812 0.074743
vt 0.710942 0.092283
vt 0.707710 0.076933
vt 0.710474 0.059734
vt 0.716908 0.058502
vt 0.704067 0.060886
vt 0.701651 0.039711
vt 0.706347 0.042114
vt 0.712253 0.043477
vt 0.582448 0.050226
vt 0.596117 0.004553
vt 0.577437 0.070422
vt 0.573550 0.087095
vt 0.570902 0.102938
vt 0.569877 0.120816
vt 0.570827 0.141447
vt 0.575665 0.165370
vt 0.583500 0.180860
vt 0.591969 0.191715
vt 0.607388 0.200815
vt 0.771436 0.175049
vt 0.768112 0.198022
vt 0.762193 0.140434
vt 0.762504 0.206189
vt 0.748470 0.211411
vt 0.752897 0.115526
vt 0.746074 0.096145
vt 0.740796 0.079734
vt 0.736043 0.064599
vt 0.731143 0.049412
vt 0.726538 0.033450
vt 0.645258 0.201009
vt 0.644631 0.202638
vt 0.641727 0.193159
vt 0.646359 0.193832
vt 0.651898 0.192632
vt 0.645258 0.202724
vt 0.642469 0.175586
vt 0.648865 0.174507
vt 0.636004 0.177222
vt 0.636688 0.154979
vt 0.630149 0.156868
vt 0.643348 0.153757
vt 0.632669 0.136803
vt 0.639503 0.135627
vt 0.625836 0.138225
vt 0.630187 0.119702
vt 0.623205 0.120646
vt 0.637223 0.118911
vt 0.628936 0.102975
vt 0.635978 0.102701
vt 0.621869 0.103440
vt 0.628883 0.084996
vt 0.621788 0.084934
vt 0.636055 0.085255
vt 0.630736 0.022615
vt 0.637680 0.023884
vt 0.630214 0.064173
vt 0.623068 0.063372
vt 0.644709 0.025148
vt 0.637261 0.065009
vt 0.696289 0.155318
vt 0.704616 0.177850
vt 0.698653 0.180888
vt 0.689901 0.158111
vt 0.702908 0.153153
vt 0.710929 0.175706
vt 0.712540 0.197411
vt 0.717350 0.194957
vt 0.707419 0.198675
vt 0.690569 0.135411
vt 0.697306 0.133528
vt 0.683883 0.137578
vt 0.686637 0.117079
vt 0.679802 0.118802
vt 0.693606 0.115648
vt 0.714868 0.204911
vt 0.714872 0.206556
vt 0.715487 0.206581
vt 0.683655 0.099992
vt 0.690659 0.098915
vt 0.676712 0.101326
vt 0.681334 0.082809
vt 0.674265 0.083677
vt 0.688433 0.082031
vt 0.679401 0.064142
vt 0.686486 0.063864
vt 0.672269 0.064411
vt 0.673065 0.034749
vt 0.680144 0.034921
vt 0.687291 0.035063
vt 0.943255 0.089597
vt 0.944511 0.066237
vt 0.952642 0.066410
vt 0.951272 0.090510
vt 0.935166 0.088717
vt 0.936442 0.066090
vt 0.933014 0.021074
vt 0.941199 0.020640
vt 0.949262 0.020239
vt 0.940763 0.109539
vt 0.932879 0.108104
vt 0.948691 0.111029
vt 0.937123 0.127843
vt 0.944870 0.129882
vt 0.929317 0.125885
vt 0.912885 0.205542
vt 0.907416 0.204896
vt 0.914723 0.186624
vt 0.921582 0.189624
vt 0.901419 0.203056
vt 0.907842 0.184191
vt 0.924537 0.165496
vt 0.917316 0.162806
vt 0.931639 0.168513
vt 0.931801 0.146286
vt 0.939370 0.148823
vt 0.924343 0.143830
vt 0.841986 0.204929
vt 0.836263 0.202822
vt 0.846269 0.182364
vt 0.852768 0.185981
vt 0.830750 0.200014
vt 0.839432 0.179380
vt 0.857909 0.158171
vt 0.850767 0.155152
vt 0.864892 0.161514
vt 0.866727 0.136724
vt 0.874126 0.139514
vt 0.859341 0.133994
vt 0.873588 0.116988
vt 0.865939 0.114633
vt 0.881172 0.119393
vt 0.879169 0.098521
vt 0.886980 0.100589
vt 0.871365 0.096496
vt 0.884099 0.079861
vt 0.876148 0.078166
vt 0.892012 0.081590
vt 0.888606 0.059503
vt 0.896726 0.060717
vt 0.880563 0.058372
vt 0.883026 0.026566
vt 0.891262 0.027254
vt 0.899439 0.027974
vt 0.957510 0.090684
vt 0.958889 0.066360
vt 0.963220 0.065981
vt 0.962637 0.089687
vt 0.955329 0.019704
vt 0.958772 0.018848
vt 0.928131 0.205868
vt 0.937998 0.189196
vt 0.918171 0.205199
vt 0.928120 0.190547
vt 0.938305 0.169362
vt 0.947988 0.167456
vt 0.946047 0.149280
vt 0.955053 0.146951
vt 0.951444 0.130075
vt 0.959391 0.127620
vt 0.955094 0.111194
vt 0.961617 0.109373
vt 0.869038 0.208391
vt 0.856076 0.207518
vt 0.867152 0.188425
vt 0.878562 0.188167
vt 0.847177 0.205695
vt 0.858835 0.187870
vt 0.870961 0.163323
vt 0.878535 0.163544
vt 0.888988 0.163364
vt 0.880264 0.141055
vt 0.887381 0.141391
vt 0.887376 0.120815
vt 0.894167 0.121373
vt 0.903487 0.122209
vt 0.897230 0.141747
vt 0.893208 0.101918
vt 0.899585 0.102632
vt 0.898241 0.082777
vt 0.904163 0.083510
vt 0.912133 0.084684
vt 0.908281 0.103756
vt 0.903118 0.061634
vt 0.908739 0.062399
vt 0.905745 0.027966
vt 0.910429 0.026674
vt 0.916098 0.024897
vt 0.915970 0.063449
vt 0.923710 0.064658
vt 0.921213 0.086347
vt 0.921879 0.023116
vt 0.926697 0.021769
vt 0.930042 0.065683
vt 0.928681 0.087785
vt 0.918219 0.105389
vt 0.914124 0.123411
vt 0.926390 0.106906
vt 0.922814 0.124576
vt 0.908553 0.142114
vt 0.900968 0.162538
vt 0.917815 0.142555
vt 0.910775 0.161832
vt 0.891311 0.186003
vt 0.883713 0.205705
vt 0.901453 0.183730
vt 0.895386 0.202697
vt 0.868310 0.055594
vt 0.863076 0.074043
vt 0.871808 0.028148
vt 0.876607 0.026660
vt 0.874288 0.057241
vt 0.869854 0.076490
vt 0.858027 0.091388
vt 0.852406 0.108952
vt 0.865141 0.094473
vt 0.859780 0.112365
vt 0.845665 0.128209
vt 0.836503 0.150408
vt 0.853312 0.131577
vt 0.844713 0.152930
vt 0.824340 0.177367
vt 0.815207 0.200585
vt 0.833344 0.177778
vt 0.825279 0.198931
vt 0.616323 0.084162
vt 0.611939 0.082556
vt 0.613889 0.061587
vt 0.617637 0.062480
vt 0.622590 0.020301
vt 0.625508 0.021451
vt 0.621352 0.173722
vt 0.627494 0.189923
vt 0.615832 0.153020
vt 0.624123 0.156395
vt 0.629989 0.176782
vt 0.636984 0.191307
vt 0.612273 0.133932
vt 0.619906 0.137471
vt 0.610721 0.116351
vt 0.617417 0.119746
vt 0.610751 0.100014
vt 0.616259 0.102588
vt 0.681818 0.199123
vt 0.674870 0.180588
vt 0.685309 0.181771
vt 0.693970 0.199326
vt 0.668163 0.157570
vt 0.677480 0.158689
vt 0.684284 0.159164
vt 0.692964 0.182003
vt 0.702556 0.198536
vt 0.672014 0.137919
vt 0.678308 0.138331
vt 0.663351 0.137201
vt 0.660066 0.118856
vt 0.668257 0.119154
vt 0.674232 0.119394
vt 0.665537 0.101691
vt 0.671155 0.101781
vt 0.657868 0.101683
vt 0.656520 0.084085
vt 0.663545 0.084015
vt 0.668752 0.084041
vt 0.661729 0.064564
vt 0.666662 0.064523
vt 0.655365 0.064616
vt 0.659007 0.030280
vt 0.663746 0.032452
vt 0.667655 0.034086
vt 0.648457 0.084531
vt 0.648512 0.064885
vt 0.641815 0.085093
vt 0.642883 0.065240
vt 0.650111 0.026421
vt 0.654165 0.028100
vt 0.650709 0.118676
vt 0.649085 0.101947
vt 0.643045 0.118636
vt 0.641798 0.102410
vt 0.657671 0.155623
vt 0.653442 0.136244
vt 0.649183 0.153827
vt 0.645339 0.135463
vt 0.668388 0.195642
vt 0.663414 0.177745
vt 0.657564 0.192485
vt 0.654598 0.174878
vt 0.700159 0.079211
vt 0.697417 0.062184
vt 0.694046 0.080941
vt 0.692050 0.063258
vt 0.692827 0.035682
vt 0.696872 0.037378
vt 0.705932 0.111444
vt 0.702774 0.095224
vt 0.699183 0.114007
vt 0.696277 0.097507
vt 0.715894 0.149681
vt 0.709856 0.129242
vt 0.708447 0.151538
vt 0.702838 0.131779
vt 0.731290 0.194913
vt 0.724378 0.174283
vt 0.722227 0.193588
vt 0.716412 0.174526
vt 0.624971 0.205628
vt 0.639410 0.205176
vt 0.699440 0.214363
vt 0.682474 0.215705
vt 0.711145 0.209538
vt 0.663850 0.212351
vt 0.649921 0.205858
vt 0.732342 0.211828
vt 0.719595 0.209061
vt 0.055039 0.702728
vt 0.032928 0.702728
vt 0.033283 0.696622
vt 0.055039 0.696622
vt 0.030526 0.696622
vt 0.030526 0.689095
vt 0.033283 0.689095
vt 0.055039 0.689095
vt 0.055039 0.659058
vt 0.033283 0.659058
vt 0.033283 0.641411
vt 0.055039 0.641411
vt 0.030526 0.659058
vt 0.030526 0.641411
vt 0.030526 0.625347
vt 0.033283 0.625347
vt 0.055039 0.625347
vt 0.077037 0.696622
vt 0.077037 0.689095
vt 0.079905 0.689095
vt 0.079905 0.696622
vt 0.077037 0.641411
vt 0.077037 0.625347
vt 0.079905 0.625347
vt 0.079905 0.641411
vt 0.077037 0.659058
vt 0.079905 0.659058
vt 0.076623 0.702728
vt 0.054258 0.729050
vt 0.054470 0.717741
vt 0.076623 0.717741
vt 0.076623 0.729050
vt 0.053724 0.775062
vt 0.053924 0.758268
vt 0.076623 0.758268
vt 0.076623 0.775062
vt 0.053546 0.789977
vt 0.076623 0.789977
vt 0.053299 0.811407
vt 0.053303 0.811107
vt 0.076623 0.809656
vt 0.076623 0.809982
vt 0.032927 0.809529
vt 0.032927 0.809203
vt 0.077037 0.604209
vt 0.079905 0.604209
vt 0.079905 0.605894
vt 0.077037 0.605894
vt 0.055039 0.605894
vt 0.055039 0.604209
vt 0.033283 0.605894
vt 0.033283 0.604209
vt 0.030526 0.605894
vt 0.030526 0.604209
vt 0.097224 0.604209
vt 0.097224 0.605894
vt 0.094361 0.605894
vt 0.094361 0.604209
vt 0.094361 0.659058
vt 0.094361 0.641411
vt 0.097224 0.641411
vt 0.097224 0.659058
vt 0.094361 0.625347
vt 0.097224 0.625347
vt 0.094361 0.696622
vt 0.094361 0.689095
vt 0.097224 0.689095
vt 0.097224 0.696622
vt 0.054500 0.714559
vt 0.076623 0.714559
vt 0.032927 0.729050
vt 0.032928 0.717741
vt 0.012994 0.689095
vt 0.015885 0.689095
vt 0.015885 0.696622
vt 0.012995 0.696622
vt 0.032927 0.714559
vt 0.015885 0.625347
vt 0.015885 0.641411
vt 0.012995 0.641411
vt 0.012995 0.625347
vt 0.015885 0.659058
vt 0.012995 0.659058
vt 0.032928 0.775062
vt 0.032927 0.758268
vt 0.032928 0.789977
vt 0.012995 0.605894
vt 0.012995 0.604209
vt 0.015885 0.604209
vt 0.015885 0.605894
vt 0.054116 0.741805
vt 0.076623 0.741805
vt 0.015885 0.676384
vt 0.012994 0.676384
vt 0.032928 0.741805
vt 0.030526 0.676384
vt 0.033283 0.676384
vt 0.055039 0.676384
vt 0.077037 0.676384
vt 0.079905 0.676384
vt 0.094361 0.676384
vt 0.097224 0.676384
vt 0.076623 0.810157
vt 0.076623 0.816419
vt 0.053224 0.816419
vt 0.053291 0.812032
vt 0.076623 0.810084
vt 0.053294 0.811879
vt 0.097224 0.602183
vt 0.097224 0.603634
vt 0.094361 0.603634
vt 0.094361 0.602183
vt 0.097224 0.594878
vt 0.094361 0.594878
vt 0.032928 0.816419
vt 0.032927 0.809641
vt 0.032928 0.809582
vt 0.012995 0.602183
vt 0.012995 0.594878
vt 0.015885 0.594878
vt 0.015885 0.602183
vt 0.012995 0.603634
vt 0.015885 0.603634
vt 0.053311 0.810464
vt 0.053338 0.807354
vt 0.076623 0.807354
vt 0.076623 0.809316
vt 0.053309 0.810624
vt 0.076623 0.809392
vt 0.032928 0.808891
vt 0.032927 0.808802
vt 0.032928 0.807354
vt 0.097224 0.608309
vt 0.097224 0.609640
vt 0.094361 0.609640
vt 0.094361 0.608309
vt 0.097224 0.606803
vt 0.094361 0.606803
vt 0.012995 0.608309
vt 0.012995 0.606803
vt 0.015885 0.606803
vt 0.015885 0.608309
vt 0.012995 0.609640
vt 0.015885 0.609640
vt 0.079905 0.608309
vt 0.079905 0.606803
vt 0.079905 0.609640
vt 0.055039 0.602183
vt 0.055039 0.594878
vt 0.077037 0.594878
vt 0.077037 0.602183
vt 0.055039 0.603634
vt 0.077037 0.603634
vt 0.033283 0.603634
vt 0.033283 0.602183
vt 0.033283 0.594878
vt 0.079905 0.594878
vt 0.079905 0.602183
vt 0.079905 0.603634
vt 0.077037 0.608309
vt 0.077037 0.609640
vt 0.055039 0.609640
vt 0.055039 0.608309
vt 0.077037 0.606803
vt 0.055039 0.606803
vt 0.033283 0.609640
vt 0.033283 0.608309
vt 0.033283 0.606803
vt 0.030526 0.609640
vt 0.030526 0.608309
vt 0.030526 0.606803
vt 0.030526 0.603634
vt 0.030526 0.602183
vt 0.030526 0.594878
vt 0.033283 0.614559
vt 0.055039 0.614559
vt 0.030526 0.614559
vt 0.033283 0.578990
vt 0.055039 0.578990
vt 0.030526 0.578990
vt 0.030526 0.533565
vt 0.033283 0.533565
vt 0.055039 0.533565
vt 0.077037 0.614559
vt 0.079905 0.614559
vt 0.077037 0.578990
vt 0.077037 0.533565
vt 0.079905 0.533565
vt 0.079905 0.578990
vt 0.053417 0.800290
vt 0.076623 0.800290
vt 0.032928 0.800290
vt 0.053022 0.832973
vt 0.076623 0.832973
vt 0.076623 0.876280
vt 0.052490 0.876280
vt 0.032927 0.876280
vt 0.032928 0.832973
vt 0.094361 0.578990
vt 0.097224 0.578990
vt 0.094361 0.533565
vt 0.097224 0.533565
vt 0.094361 0.614559
vt 0.097224 0.614559
vt 0.015885 0.614559
vt 0.012994 0.614559
vt 0.015885 0.533565
vt 0.015885 0.578990
vt 0.012995 0.578990
vt 0.012995 0.533565
vt 0.837694 0.039854
vt 0.845150 0.022655
vt 0.830130 0.056286
vt 0.822662 0.072756
vt 0.814391 0.090842
vt 0.804230 0.112339
vt 0.791383 0.139778
vt 0.777376 0.176806
vt 0.775637 0.201370
vt 0.781870 0.209929
vt 0.797188 0.214698
vt 0.814095 0.214163
vt 0.826916 0.211096
vt 0.831475 0.209676
vt 0.833659 0.209633
vt 0.835387 0.211028
vt 0.839266 0.213574
vt 0.850664 0.219325
vt 0.867686 0.221568
vt 0.886275 0.218817
vt 0.900113 0.213412
vt 0.904968 0.211821
vt 0.907019 0.211447
vt 0.909018 0.212669
vt 0.913708 0.215486
vt 0.927443 0.218509
vt 0.945591 0.217306
vt 0.962993 0.211736
vt 0.974763 0.203746
vt 0.984646 0.187808
vt 0.993712 0.162336
vt 0.998258 0.139714
vt 0.999948 0.119652
vt 0.999209 0.101521
vt 0.997015 0.082257
vt 0.994261 0.058922
vt 0.984825 0.006008
usemtl PezNormal
s 1
f 1323/1363 1498/1364 1579/1365
f 1323/1363 1579/1365 1501/1366
f 1498/1364 1322/1367 1499/1368
f 1498/1364 1499/1368 1579/1365
f 1579/1365 1499/1368 1327/1369
f 1579/1365 1327/1369 1500/1370
f 1501/1366 1579/1365 1500/1370
f 1501/1366 1500/1370 1328/1371
f 1326/1372 1502/1373 1580/1374
f 1326/1372 1580/1374 1504/1375
f 1502/1373 1323/1363 1501/1366
f 1502/1373 1501/1366 1580/1374
f 1580/1374 1501/1366 1328/1371
f 1580/1374 1328/1371 1503/1376
f 1504/1375 1580/1374 1503/1376
f 1504/1375 1503/1376 1329/1377
f 1325/1378 1505/1379 1581/1380
f 1325/1378 1581/1380 1507/1381
f 1505/1379 1326/1372 1504/1375
f 1505/1379 1504/1375 1581/1380
f 1581/1380 1504/1375 1329/1377
f 1581/1380 1329/1377 1506/1382
f 1507/1381 1581/1380 1506/1382
f 1507/1381 1506/1382 1330/1383
f 1324/1384 1508/1385 1582/1386
f 1324/1384 1582/1386 1510/1387
f 1508/1385 1325/1378 1507/1381
f 1508/1385 1507/1381 1582/1386
f 1582/1386 1507/1381 1330/1383
f 1582/1386 1330/1383 1509/1388
f 1510/1387 1582/1386 1509/1388
f 1510/1387 1509/1388 1331/1389
f 1337/1390 1511/1391 1583/1392
f 1337/1390 1583/1392 1514/1393
f 1511/1391 1338/1394 1512/1395
f 1511/1391 1512/1395 1583/1392
f 1583/1392 1512/1395 1339/1396
f 1583/1392 1339/1396 1513/1397
f 1514/1393 1583/1392 1513/1397
f 1514/1393 1513/1397 1340/1398
f 1338/1394 1515/1399 1584/1400
f 1338/1394 1584/1400 1512/1395
f 1515/1399 1341/1401 1516/1402
f 1515/1399 1516/1402 1584/1400
f 1584/1400 1516/1402 1342/1403
f 1584/1400 1342/1403 1517/1404
f 1512/1395 1584/1400 1517/1404
f 1512/1395 1517/1404 1339/1396
f 1343/1405 1518/1406 1585/1407
f 1343/1405 1585/1407 1520/1408
f 1518/1406 1344/1409 1519/1410
f 1518/1406 1519/1410 1585/1407
f 1585/1407 1519/1410 1342/1403
f 1585/1407 1342/1403 1516/1402
f 1520/1408 1585/1407 1516/1402
f 1520/1408 1516/1402 1341/1401
f 1343/1405 1521/1411 1586/1412
f 1343/1405 1586/1412 1518/1406
f 1521/1411 1345/1413 1522/1414
f 1521/1411 1522/1414 1586/1412
f 1586/1412 1522/1414 1346/1415
f 1586/1412 1346/1415 1523/1416
f 1518/1406 1586/1412 1523/1416
f 1518/1406 1523/1416 1344/1409
f 1303/1417 1524/1418 1587/1419
f 1303/1417 1587/1419 1527/1420
f 1524/1418 1300/1421 1525/1422
f 1524/1418 1525/1422 1587/1419
f 1587/1419 1525/1422 1297/1423
f 1587/1419 1297/1423 1526/1424
f 1527/1420 1587/1419 1526/1424
f 1527/1420 1526/1424 1302/1425
f 1304/1426 1528/1427 1588/1428
f 1304/1426 1588/1428 1530/1429
f 1528/1427 1301/1430 1529/1431
f 1528/1427 1529/1431 1588/1428
f 1588/1428 1529/1431 1300/1421
f 1588/1428 1300/1421 1524/1418
f 1530/1429 1588/1428 1524/1418
f 1530/1429 1524/1418 1303/1417
f 1305/1432 1531/1433 1589/1434
f 1305/1432 1589/1434 1533/1435
f 1531/1433 1299/1436 1532/1437
f 1531/1433 1532/1437 1589/1434
f 1589/1434 1532/1437 1301/1430
f 1589/1434 1301/1430 1528/1427
f 1533/1435 1589/1434 1528/1427
f 1533/1435 1528/1427 1304/1426
f 1306/1438 1534/1439 1590/1440
f 1306/1438 1590/1440 1536/1441
f 1534/1439 1298/1442 1535/1443
f 1534/1439 1535/1443 1590/1440
f 1590/1440 1535/1443 1299/1436
f 1590/1440 1299/1436 1531/1433
f 1536/1441 1590/1440 1531/1433
f 1536/1441 1531/1433 1305/1432
f 1313/1444 1537/1445 1591/1446
f 1313/1444 1591/1446 1540/1447
f 1537/1445 1321/1448 1538/1449
f 1537/1445 1538/1449 1591/1446
f 1591/1446 1538/1449 1320/1450
f 1591/1446 1320/1450 1539/1451
f 1540/1447 1591/1446 1539/1451
f 1540/1447 1539/1451 1312/1452
f 1312/1452 1539/1451 1592/1453
f 1312/1452 1592/1453 1543/1454
f 1539/1451 1320/1450 1541/1455
f 1539/1451 1541/1455 1592/1453
f 1592/1453 1541/1455 1319/1456
f 1592/1453 1319/1456 1542/1457
f 1543/1454 1592/1453 1542/1457
f 1543/1454 1542/1457 1314/1458
f 1315/1459 1544/1460 1593/1461
f 1315/1459 1593/1461 1546/1462
f 1544/1460 1314/1458 1542/1457
f 1544/1460 1542/1457 1593/1461
f 1593/1461 1542/1457 1319/1456
f 1593/1461 1319/1456 1545/1463
f 1546/1462 1593/1461 1545/1463
f 1546/1462 1545/1463 1318/1464
f 1315/1459 1546/1462 1594/1465
f 1315/1459 1594/1465 1549/1466
f 1546/1462 1318/1464 1547/1467
f 1546/1462 1547/1467 1594/1465
f 1594/1465 1547/1467 1317/1468
f 1594/1465 1317/1468 1548/1469
f 1549/1466 1594/1465 1548/1469
f 1549/1466 1548/1469 1316/1470
f 1882/1971 1883/1972 1297/1423
f 1882/1971 1297/1423 1525/1422
f 1525/1422 1300/1421 1881/1973
f 1525/1422 1881/1973 1882/1971
f 1880/1974 1881/1973 1300/1421
f 1880/1974 1300/1421 1529/1431
f 1529/1431 1301/1430 1879/1975
f 1529/1431 1879/1975 1880/1974
f 1878/1976 1879/1975 1301/1430
f 1878/1976 1301/1430 1532/1437
f 1532/1437 1299/1436 1877/1977
f 1532/1437 1877/1977 1878/1976
f 1876/1978 1877/1977 1299/1436
f 1876/1978 1299/1436 1535/1443
f 1535/1443 1298/1442 1875/1969
f 1535/1443 1875/1969 1876/1978
f 1874/1950 1875/1969 1298/1442
f 1874/1950 1298/1442 1534/1439
f 1534/1439 1306/1438 1873/1951
f 1534/1439 1873/1951 1874/1950
f 1313/1444 1540/1447 1854/1979
f 1313/1444 1854/1979 1855/1970
f 1540/1447 1312/1452 1853/1980
f 1540/1447 1853/1980 1854/1979
f 1321/1448 1537/1445 1856/1968
f 1321/1448 1856/1968 1857/1967
f 1537/1445 1313/1444 1855/1970
f 1537/1445 1855/1970 1856/1968
f 1852/1981 1853/1980 1312/1452
f 1852/1981 1312/1452 1543/1454
f 1543/1454 1314/1458 1851/1982
f 1543/1454 1851/1982 1852/1981
f 1850/1983 1851/1982 1314/1458
f 1850/1983 1314/1458 1544/1460
f 1544/1460 1315/1459 1849/1984
f 1544/1460 1849/1984 1850/1983
f 1848/1985 1849/1984 1315/1459
f 1848/1985 1315/1459 1549/1466
f 1549/1466 1316/1470 1847/1492
f 1549/1466 1847/1492 1848/1985
f 1869/1955 1870/1954 1460/1495
f 1869/1955 1460/1495 1550/1496
f 1459/1497 1868/1956 1869/1955
f 1459/1497 1869/1955 1550/1496
f 1459/1497 1550/1496 1595/1499
f 1459/1497 1595/1499 1644/1500
f 1595/1499 1550/1496 1460/1495
f 1595/1499 1460/1495 1643/1501
f 1552/1502 1595/1499 1643/1501
f 1552/1502 1643/1501 1462/1503
f 1595/1499 1552/1502 1463/1504
f 1595/1499 1463/1504 1644/1500
f 1463/1504 1552/1502 1596/1505
f 1463/1504 1596/1505 1646/1506
f 1596/1505 1552/1502 1462/1503
f 1596/1505 1462/1503 1645/1507
f 1553/1508 1596/1505 1645/1507
f 1553/1508 1645/1507 1464/1509
f 1596/1505 1553/1508 1465/1510
f 1596/1505 1465/1510 1646/1506
f 1465/1510 1553/1508 1597/1511
f 1465/1510 1597/1511 1648/1512
f 1597/1511 1553/1508 1464/1509
f 1597/1511 1464/1509 1647/1513
f 1554/1514 1597/1511 1647/1513
f 1554/1514 1647/1513 1466/1515
f 1597/1511 1554/1514 1467/1516
f 1597/1511 1467/1516 1648/1512
f 1469/1517 1555/1518 1598/1519
f 1469/1517 1598/1519 1650/1520
f 1598/1519 1555/1518 1468/1521
f 1598/1519 1468/1521 1649/1522
f 1467/1516 1554/1514 1598/1519
f 1467/1516 1598/1519 1649/1522
f 1598/1519 1554/1514 1466/1515
f 1598/1519 1466/1515 1650/1520
f 1556/1523 1599/1524 1660/1525
f 1556/1523 1660/1525 1480/1526
f 1599/1524 1556/1523 1479/1527
f 1599/1524 1479/1527 1659/1528
f 1557/1529 1599/1524 1659/1528
f 1557/1529 1659/1528 1478/1530
f 1599/1524 1557/1529 1481/1531
f 1599/1524 1481/1531 1660/1525
f 1479/1527 1556/1523 1600/1532
f 1479/1527 1600/1532 1662/1533
f 1600/1532 1556/1523 1480/1526
f 1600/1532 1480/1526 1661/1534
f 1558/1535 1600/1532 1661/1534
f 1558/1535 1661/1534 1482/1536
f 1600/1532 1558/1535 1483/1537
f 1600/1532 1483/1537 1662/1533
f 1861/1963 1862/1962 1481/1531
f 1861/1963 1481/1531 1557/1529
f 1478/1530 1860/1964 1861/1963
f 1478/1530 1861/1963 1557/1529
f 1483/1537 1558/1535 1601/1541
f 1483/1537 1601/1541 1664/1542
f 1601/1541 1558/1535 1482/1536
f 1601/1541 1482/1536 1663/1543
f 1560/1544 1601/1541 1663/1543
f 1560/1544 1663/1543 1486/1545
f 1601/1541 1560/1544 1487/1546
f 1601/1541 1487/1546 1664/1542
f 1487/1546 1560/1544 1602/1547
f 1487/1546 1602/1547 1666/1548
f 1602/1547 1560/1544 1486/1545
f 1602/1547 1486/1545 1665/1549
f 1488/1550 1561/1551 1602/1547
f 1488/1550 1602/1547 1665/1549
f 1602/1547 1561/1551 1489/1552
f 1602/1547 1489/1552 1666/1548
f 1562/1553 1603/1554 1652/1555
f 1562/1553 1652/1555 1472/1556
f 1603/1554 1562/1553 1471/1557
f 1603/1554 1471/1557 1651/1558
f 1470/1559 1563/1560 1603/1554
f 1470/1559 1603/1554 1651/1558
f 1603/1554 1563/1560 1473/1561
f 1603/1554 1473/1561 1652/1555
f 1471/1557 1562/1553 1604/1562
f 1471/1557 1604/1562 1654/1563
f 1604/1562 1562/1553 1472/1556
f 1604/1562 1472/1556 1653/1564
f 1564/1565 1604/1562 1653/1564
f 1564/1565 1653/1564 1474/1566
f 1604/1562 1564/1565 1475/1567
f 1604/1562 1475/1567 1654/1563
f 1461/1568 1551/1569 1605/1570
f 1461/1568 1605/1570 1656/1571
f 1605/1570 1551/1569 1458/1572
f 1605/1570 1458/1572 1655/1573
f 1565/1574 1605/1570 1655/1573
f 1565/1574 1655/1573 1476/1575
f 1605/1570 1565/1574 1477/1576
f 1605/1570 1477/1576 1656/1571
f 1477/1576 1565/1574 1606/1577
f 1477/1576 1606/1577 1658/1578
f 1606/1577 1565/1574 1476/1575
f 1606/1577 1476/1575 1657/1579
f 1475/1567 1564/1565 1606/1577
f 1475/1567 1606/1577 1657/1579
f 1606/1577 1564/1565 1474/1566
f 1606/1577 1474/1566 1658/1578
f 1485/1580 1559/1581 1607/1582
f 1485/1580 1607/1582 1668/1583
f 1607/1582 1559/1581 1484/1584
f 1607/1582 1484/1584 1667/1585
f 1566/1586 1607/1582 1667/1585
f 1566/1586 1667/1585 1490/1587
f 1607/1582 1566/1586 1491/1588
f 1607/1582 1491/1588 1668/1583
f 1491/1588 1566/1586 1608/1589
f 1491/1588 1608/1589 1670/1590
f 1608/1589 1566/1586 1490/1587
f 1608/1589 1490/1587 1669/1591
f 1567/1592 1608/1589 1669/1591
f 1567/1592 1669/1591 1492/1593
f 1608/1589 1567/1592 1493/1594
f 1608/1589 1493/1594 1670/1590
f 1493/1594 1567/1592 1609/1595
f 1493/1594 1609/1595 1672/1596
f 1609/1595 1567/1592 1492/1593
f 1609/1595 1492/1593 1671/1597
f 1568/1598 1609/1595 1671/1597
f 1568/1598 1671/1597 1494/1599
f 1609/1595 1568/1598 1495/1600
f 1609/1595 1495/1600 1672/1596
f 1495/1600 1568/1598 1610/1601
f 1495/1600 1610/1601 1674/1602
f 1610/1601 1568/1598 1494/1599
f 1610/1601 1494/1599 1673/1603
f 1496/1604 1569/1605 1610/1601
f 1496/1604 1610/1601 1673/1603
f 1610/1601 1569/1605 1497/1606
f 1610/1601 1497/1606 1674/1602
f 1367/1607 1570/1608 1611/1609
f 1367/1607 1611/1609 1572/1610
f 1570/1608 1369/1611 1571/1612
f 1570/1608 1571/1612 1611/1609
f 1611/1609 1571/1612 1322/1367
f 1611/1609 1322/1367 1498/1364
f 1572/1610 1611/1609 1498/1364
f 1572/1610 1498/1364 1323/1363
f 1324/1384 1573/1613 1612/1614
f 1324/1384 1612/1614 1508/1385
f 1573/1613 1371/1615 1574/1616
f 1573/1613 1574/1616 1612/1614
f 1612/1614 1574/1616 1373/1617
f 1612/1614 1373/1617 1575/1618
f 1508/1385 1612/1614 1575/1618
f 1508/1385 1575/1618 1325/1378
f 1373/1617 1576/1619 1613/1620
f 1373/1617 1613/1620 1575/1618
f 1576/1619 1375/1621 1577/1622
f 1576/1619 1577/1622 1613/1620
f 1613/1620 1577/1622 1326/1372
f 1613/1620 1326/1372 1505/1379
f 1575/1618 1613/1620 1505/1379
f 1575/1618 1505/1379 1325/1378
f 1375/1621 1578/1623 1614/1624
f 1375/1621 1614/1624 1577/1622
f 1578/1623 1367/1607 1572/1610
f 1578/1623 1572/1610 1614/1624
f 1614/1624 1572/1610 1323/1363
f 1614/1624 1323/1363 1502/1373
f 1577/1622 1614/1624 1502/1373
f 1577/1622 1502/1373 1326/1372
f 1332/1625 1387/1626 1615/1627
f 1332/1625 1615/1627 1390/1628
f 1387/1626 1377/1629 1388/1630
f 1387/1626 1388/1630 1615/1627
f 1615/1627 1388/1630 1379/1631
f 1615/1627 1379/1631 1389/1632
f 1390/1628 1615/1627 1389/1632
f 1390/1628 1389/1632 1333/1633
f 1379/1631 1391/1634 1616/1635
f 1379/1631 1616/1635 1389/1632
f 1391/1634 1381/1636 1392/1637
f 1391/1634 1392/1637 1616/1635
f 1616/1635 1392/1637 1334/1638
f 1616/1635 1334/1638 1393/1639
f 1389/1632 1616/1635 1393/1639
f 1389/1632 1393/1639 1333/1633
f 1381/1636 1394/1640 1617/1641
f 1381/1636 1617/1641 1392/1637
f 1394/1640 1383/1642 1395/1643
f 1394/1640 1395/1643 1617/1641
f 1617/1641 1395/1643 1335/1644
f 1617/1641 1335/1644 1396/1645
f 1392/1637 1617/1641 1396/1645
f 1392/1637 1396/1645 1334/1638
f 1383/1642 1397/1646 1618/1647
f 1383/1642 1618/1647 1395/1643
f 1397/1646 1385/1648 1398/1649
f 1397/1646 1398/1649 1618/1647
f 1618/1647 1398/1649 1336/1650
f 1618/1647 1336/1650 1399/1651
f 1395/1643 1618/1647 1399/1651
f 1395/1643 1399/1651 1335/1644
f 1335/1644 1399/1651 1619/1652
f 1335/1644 1619/1652 1402/1653
f 1399/1651 1336/1650 1400/1654
f 1399/1651 1400/1654 1619/1652
f 1619/1652 1400/1654 1370/1655
f 1619/1652 1370/1655 1401/1656
f 1402/1653 1619/1652 1401/1656
f 1402/1653 1401/1656 1368/1657
f 1334/1638 1396/1645 1620/1658
f 1334/1638 1620/1658 1404/1659
f 1396/1645 1335/1644 1402/1653
f 1396/1645 1402/1653 1620/1658
f 1620/1658 1402/1653 1368/1657
f 1620/1658 1368/1657 1403/1660
f 1404/1659 1620/1658 1403/1660
f 1404/1659 1403/1660 1376/1661
f 1333/1633 1393/1639 1621/1662
f 1333/1633 1621/1662 1406/1663
f 1393/1639 1334/1638 1404/1659
f 1393/1639 1404/1659 1621/1662
f 1621/1662 1404/1659 1376/1661
f 1621/1662 1376/1661 1405/1664
f 1406/1663 1621/1662 1405/1664
f 1406/1663 1405/1664 1374/1665
f 1332/1625 1390/1628 1622/1666
f 1332/1625 1622/1666 1408/1667
f 1390/1628 1333/1633 1406/1663
f 1390/1628 1406/1663 1622/1666
f 1622/1666 1406/1663 1374/1665
f 1622/1666 1374/1665 1407/1668
f 1408/1667 1622/1666 1407/1668
f 1408/1667 1407/1668 1372/1669
f 1344/1409 1523/1416 1623/1670
f 1344/1409 1623/1670 1411/1671
f 1523/1416 1346/1415 1409/1672
f 1523/1416 1409/1672 1623/1670
f 1623/1670 1409/1672 1386/1673
f 1623/1670 1386/1673 1410/1674
f 1411/1671 1623/1670 1410/1674
f 1411/1671 1410/1674 1384/1675
f 1342/1403 1519/1410 1624/1676
f 1342/1403 1624/1676 1413/1677
f 1519/1410 1344/1409 1411/1671
f 1519/1410 1411/1671 1624/1676
f 1624/1676 1411/1671 1384/1675
f 1624/1676 1384/1675 1412/1678
f 1413/1677 1624/1676 1412/1678
f 1413/1677 1412/1678 1382/1679
f 1339/1396 1517/1404 1625/1680
f 1339/1396 1625/1680 1415/1681
f 1517/1404 1342/1403 1413/1677
f 1517/1404 1413/1677 1625/1680
f 1625/1680 1413/1677 1382/1679
f 1625/1680 1382/1679 1414/1682
f 1415/1681 1625/1680 1414/1682
f 1415/1681 1414/1682 1380/1683
f 1340/1398 1513/1397 1626/1684
f 1340/1398 1626/1684 1417/1685
f 1513/1397 1339/1396 1415/1681
f 1513/1397 1415/1681 1626/1684
f 1626/1684 1415/1681 1380/1683
f 1626/1684 1380/1683 1416/1686
f 1417/1685 1626/1684 1416/1686
f 1417/1685 1416/1686 1378/1687
f 1355/1688 1418/1689 1627/1690
f 1355/1688 1627/1690 1420/1691
f 1418/1689 1303/1417 1527/1420
f 1418/1689 1527/1420 1627/1690
f 1627/1690 1527/1420 1302/1425
f 1627/1690 1302/1425 1419/1692
f 1420/1691 1627/1690 1419/1692
f 1420/1691 1419/1692 1354/1693
f 1306/1438 1536/1441 1628/1694
f 1306/1438 1628/1694 1423/1695
f 1536/1441 1305/1432 1421/1696
f 1536/1441 1421/1696 1628/1694
f 1628/1694 1421/1696 1349/1697
f 1628/1694 1349/1697 1422/1698
f 1423/1695 1628/1694 1422/1698
f 1423/1695 1422/1698 1347/1699
f 1349/1697 1421/1696 1629/1700
f 1349/1697 1629/1700 1425/1701
f 1421/1696 1305/1432 1533/1435
f 1421/1696 1533/1435 1629/1700
f 1629/1700 1533/1435 1304/1426
f 1629/1700 1304/1426 1424/1702
f 1425/1701 1629/1700 1424/1702
f 1425/1701 1424/1702 1351/1703
f 1351/1703 1424/1702 1630/1704
f 1351/1703 1630/1704 1426/1705
f 1424/1702 1304/1426 1530/1429
f 1424/1702 1530/1429 1630/1704
f 1630/1704 1530/1429 1303/1417
f 1630/1704 1303/1417 1418/1689
f 1426/1705 1630/1704 1418/1689
f 1426/1705 1418/1689 1355/1688
f 1311/1706 1427/1707 1631/1708
f 1311/1706 1631/1708 1430/1709
f 1427/1707 1310/1710 1428/1711
f 1427/1707 1428/1711 1631/1708
f 1631/1708 1428/1711 1357/1712
f 1631/1708 1357/1712 1429/1713
f 1430/1709 1631/1708 1429/1713
f 1430/1709 1429/1713 1359/1714
f 1357/1712 1428/1711 1632/1715
f 1357/1712 1632/1715 1433/1716
f 1428/1711 1310/1710 1431/1717
f 1428/1711 1431/1717 1632/1715
f 1632/1715 1431/1717 1309/1718
f 1632/1715 1309/1718 1432/1719
f 1433/1716 1632/1715 1432/1719
f 1433/1716 1432/1719 1361/1720
f 1361/1720 1432/1719 1633/1721
f 1361/1720 1633/1721 1436/1722
f 1432/1719 1309/1718 1434/1723
f 1432/1719 1434/1723 1633/1721
f 1633/1721 1434/1723 1308/1724
f 1633/1721 1308/1724 1435/1725
f 1436/1722 1633/1721 1435/1725
f 1436/1722 1435/1725 1363/1726
f 1363/1726 1435/1725 1634/1727
f 1363/1726 1634/1727 1439/1728
f 1435/1725 1308/1724 1437/1729
f 1435/1725 1437/1729 1634/1727
f 1634/1727 1437/1729 1307/1730
f 1634/1727 1307/1730 1438/1731
f 1439/1728 1634/1727 1438/1731
f 1439/1728 1438/1731 1366/1732
f 1308/1724 1440/1733 1635/1734
f 1308/1724 1635/1734 1437/1729
f 1440/1733 1356/1735 1441/1736
f 1440/1733 1441/1736 1635/1734
f 1635/1734 1441/1736 1353/1737
f 1635/1734 1353/1737 1442/1738
f 1437/1729 1635/1734 1442/1738
f 1437/1729 1442/1738 1307/1730
f 1309/1718 1443/1739 1636/1740
f 1309/1718 1636/1740 1434/1723
f 1443/1739 1352/1741 1444/1742
f 1443/1739 1444/1742 1636/1740
f 1636/1740 1444/1742 1356/1735
f 1636/1740 1356/1735 1440/1733
f 1434/1723 1636/1740 1440/1733
f 1434/1723 1440/1733 1308/1724
f 1310/1710 1445/1743 1637/1744
f 1310/1710 1637/1744 1431/1717
f 1445/1743 1350/1745 1446/1746
f 1445/1743 1446/1746 1637/1744
f 1637/1744 1446/1746 1352/1741
f 1637/1744 1352/1741 1443/1739
f 1431/1717 1637/1744 1443/1739
f 1431/1717 1443/1739 1309/1718
f 1311/1706 1447/1747 1638/1748
f 1311/1706 1638/1748 1427/1707
f 1447/1747 1348/1749 1448/1750
f 1447/1747 1448/1750 1638/1748
f 1638/1748 1448/1750 1350/1745
f 1638/1748 1350/1745 1445/1743
f 1427/1707 1638/1748 1445/1743
f 1427/1707 1445/1743 1310/1710
f 1318/1464 1449/1751 1639/1752
f 1318/1464 1639/1752 1547/1467
f 1449/1751 1364/1753 1450/1754
f 1449/1751 1450/1754 1639/1752
f 1639/1752 1450/1754 1365/1755
f 1639/1752 1365/1755 1451/1756
f 1547/1467 1639/1752 1451/1756
f 1547/1467 1451/1756 1317/1468
f 1319/1456 1452/1757 1640/1758
f 1319/1456 1640/1758 1545/1463
f 1452/1757 1362/1759 1453/1760
f 1452/1757 1453/1760 1640/1758
f 1640/1758 1453/1760 1364/1753
f 1640/1758 1364/1753 1449/1751
f 1545/1463 1640/1758 1449/1751
f 1545/1463 1449/1751 1318/1464
f 1320/1450 1454/1761 1641/1762
f 1320/1450 1641/1762 1541/1455
f 1454/1761 1358/1763 1455/1764
f 1454/1761 1455/1764 1641/1762
f 1641/1762 1455/1764 1362/1759
f 1641/1762 1362/1759 1452/1757
f 1541/1455 1641/1762 1452/1757
f 1541/1455 1452/1757 1319/1456
f 1321/1448 1456/1765 1642/1766
f 1321/1448 1642/1766 1538/1449
f 1456/1765 1360/1767 1457/1768
f 1456/1765 1457/1768 1642/1766
f 1642/1766 1457/1768 1358/1763
f 1642/1766 1358/1763 1454/1761
f 1538/1449 1642/1766 1454/1761
f 1538/1449 1454/1761 1320/1450
f 1872/1952 1873/1951 1306/1438
f 1872/1952 1306/1438 1423/1695
f 1423/1695 1347/1699 1871/1953
f 1423/1695 1871/1953 1872/1952
f 1311/1706 1430/1709 1864/1960
f 1311/1706 1864/1960 1865/1959
f 1430/1709 1359/1714 1863/1961
f 1430/1709 1863/1961 1864/1960
f 1348/1749 1447/1747 1866/1958
f 1348/1749 1866/1958 1867/1957
f 1447/1747 1311/1706 1865/1959
f 1447/1747 1865/1959 1866/1958
f 1360/1767 1456/1765 1858/1966
f 1360/1767 1858/1966 1859/1965
f 1456/1765 1321/1448 1857/1967
f 1456/1765 1857/1967 1858/1966
f 1459/1497 1348/1749 1867/1957
f 1459/1497 1867/1957 1868/1956
f 1870/1954 1871/1953 1347/1699
f 1870/1954 1347/1699 1460/1495
f 1347/1699 1422/1698 1643/1501
f 1347/1699 1643/1501 1460/1495
f 1422/1698 1349/1697 1462/1503
f 1422/1698 1462/1503 1643/1501
f 1350/1745 1448/1750 1644/1500
f 1350/1745 1644/1500 1463/1504
f 1448/1750 1348/1749 1459/1497
f 1448/1750 1459/1497 1644/1500
f 1349/1697 1425/1701 1645/1507
f 1349/1697 1645/1507 1462/1503
f 1425/1701 1351/1703 1464/1509
f 1425/1701 1464/1509 1645/1507
f 1352/1741 1446/1746 1646/1506
f 1352/1741 1646/1506 1465/1510
f 1446/1746 1350/1745 1463/1504
f 1446/1746 1463/1504 1646/1506
f 1351/1703 1426/1705 1647/1513
f 1351/1703 1647/1513 1464/1509
f 1426/1705 1355/1688 1466/1515
f 1426/1705 1466/1515 1647/1513
f 1356/1735 1444/1742 1648/1512
f 1356/1735 1648/1512 1467/1516
f 1444/1742 1352/1741 1465/1510
f 1444/1742 1465/1510 1648/1512
f 1353/1737 1441/1736 1649/1522
f 1353/1737 1649/1522 1468/1521
f 1441/1736 1356/1735 1467/1516
f 1441/1736 1467/1516 1649/1522
f 1355/1688 1420/1691 1650/1520
f 1355/1688 1650/1520 1466/1515
f 1420/1691 1354/1693 1469/1517
f 1420/1691 1469/1517 1650/1520
f 1368/1657 1401/1656 1651/1558
f 1368/1657 1651/1558 1471/1557
f 1401/1656 1370/1655 1470/1559
f 1401/1656 1470/1559 1651/1558
f 1369/1611 1570/1608 1652/1555
f 1369/1611 1652/1555 1473/1561
f 1570/1608 1367/1607 1472/1556
f 1570/1608 1472/1556 1652/1555
f 1367/1607 1578/1623 1653/1564
f 1367/1607 1653/1564 1472/1556
f 1578/1623 1375/1621 1474/1566
f 1578/1623 1474/1566 1653/1564
f 1376/1661 1403/1660 1654/1563
f 1376/1661 1654/1563 1475/1567
f 1403/1660 1368/1657 1471/1557
f 1403/1660 1471/1557 1654/1563
f 1372/1669 1407/1668 1655/1573
f 1372/1669 1655/1573 1458/1572
f 1407/1668 1374/1665 1476/1575
f 1407/1668 1476/1575 1655/1573
f 1373/1617 1574/1616 1656/1571
f 1373/1617 1656/1571 1477/1576
f 1574/1616 1371/1615 1461/1568
f 1574/1616 1461/1568 1656/1571
f 1374/1665 1405/1664 1657/1579
f 1374/1665 1657/1579 1476/1575
f 1405/1664 1376/1661 1475/1567
f 1405/1664 1475/1567 1657/1579
f 1375/1621 1576/1619 1658/1578
f 1375/1621 1658/1578 1474/1566
f 1576/1619 1373/1617 1477/1576
f 1576/1619 1477/1576 1658/1578
f 1358/1763 1457/1768 1659/1528
f 1358/1763 1659/1528 1479/1527
f 1457/1768 1360/1767 1478/1530
f 1457/1768 1478/1530 1659/1528
f 1359/1714 1429/1713 1660/1525
f 1359/1714 1660/1525 1481/1531
f 1429/1713 1357/1712 1480/1526
f 1429/1713 1480/1526 1660/1525
f 1357/1712 1433/1716 1661/1534
f 1357/1712 1661/1534 1480/1526
f 1433/1716 1361/1720 1482/1536
f 1433/1716 1482/1536 1661/1534
f 1362/1759 1455/1764 1662/1533
f 1362/1759 1662/1533 1483/1537
f 1455/1764 1358/1763 1479/1527
f 1455/1764 1479/1527 1662/1533
f 1478/1530 1360/1767 1859/1965
f 1478/1530 1859/1965 1860/1964
f 1862/1962 1863/1961 1359/1714
f 1862/1962 1359/1714 1481/1531
f 1361/1720 1436/1722 1663/1543
f 1361/1720 1663/1543 1482/1536
f 1436/1722 1363/1726 1486/1545
f 1436/1722 1486/1545 1663/1543
f 1364/1753 1453/1760 1664/1542
f 1364/1753 1664/1542 1487/1546
f 1453/1760 1362/1759 1483/1537
f 1453/1760 1483/1537 1664/1542
f 1363/1726 1439/1728 1665/1549
f 1363/1726 1665/1549 1486/1545
f 1439/1728 1366/1732 1488/1550
f 1439/1728 1488/1550 1665/1549
f 1365/1755 1450/1754 1666/1548
f 1365/1755 1666/1548 1489/1552
f 1450/1754 1364/1753 1487/1546
f 1450/1754 1487/1546 1666/1548
f 1378/1687 1416/1686 1667/1585
f 1378/1687 1667/1585 1484/1584
f 1416/1686 1380/1683 1490/1587
f 1416/1686 1490/1587 1667/1585
f 1379/1631 1388/1630 1668/1583
f 1379/1631 1668/1583 1491/1588
f 1388/1630 1377/1629 1485/1580
f 1388/1630 1485/1580 1668/1583
f 1380/1683 1414/1682 1669/1591
f 1380/1683 1669/1591 1490/1587
f 1414/1682 1382/1679 1492/1593
f 1414/1682 1492/1593 1669/1591
f 1381/1636 1391/1634 1670/1590
f 1381/1636 1670/1590 1493/1594
f 1391/1634 1379/1631 1491/1588
f 1391/1634 1491/1588 1670/1590
f 1382/1679 1412/1678 1671/1597
f 1382/1679 1671/1597 1492/1593
f 1412/1678 1384/1675 1494/1599
f 1412/1678 1494/1599 1671/1597
f 1383/1642 1394/1640 1672/1596
f 1383/1642 1672/1596 1495/1600
f 1394/1640 1381/1636 1493/1594
f 1394/1640 1493/1594 1672/1596
f 1384/1675 1410/1674 1673/1603
f 1384/1675 1673/1603 1494/1599
f 1410/1674 1386/1673 1496/1604
f 1410/1674 1496/1604 1673/1603
f 1385/1648 1397/1646 1674/1602
f 1385/1648 1674/1602 1497/1606
f 1397/1646 1383/1642 1495/1600
f 1397/1646 1495/1600 1674/1602
f 1767/1778 1757/1779 1805/1780
f 1767/1778 1805/1780 1809/1781
f 1805/1780 1757/2021 1696/1782
f 1805/1780 1696/1782 1758/1783
f 1805/1780 1758/1783 1769/1784
f 1805/1780 1769/1784 1809/1781
f 1772/1785 1759/1786 1806/1787
f 1772/1785 1806/1787 1812/1788
f 1759/1786 1680/1789 1760/1790
f 1759/1786 1760/1790 1806/1787
f 1806/1787 1760/1790 1681/1791
f 1806/1787 1681/1791 1761/1792
f 1806/1787 1761/1792 1773/1793
f 1806/1787 1773/1793 1812/1788
f 1807/1794 1762/1795 1697/1796
f 1807/1794 1697/1796 1763/1797
f 1808/1798 1764/1799 1678/1800
f 1808/1798 1678/1800 1765/1801
f 1766/1802 1808/1798 1765/1801
f 1766/1802 1765/1801 1679/1803
f 1767/1778 1809/1781 1807/1794
f 1767/1778 1807/1794 1763/2020
f 1768/1804 1810/1805 1814/1806
f 1768/1804 1814/1806 1788/2013
f 1807/1794 1809/1781 1769/1784
f 1807/1794 1769/1784 1762/1795
f 1811/1808 1771/1809 1786/1810
f 1811/1808 1786/1810 1813/1811
f 1770/1812 1811/1808 1813/1811
f 1770/1812 1813/1811 1785/1999
f 1808/1798 1812/1788 1773/1793
f 1808/1798 1773/1793 1764/1799
f 1772/1785 1812/1788 1808/1798
f 1772/1785 1808/1798 1766/1802
f 1774/1814 1775/1815 1782/1816
f 1774/1814 1782/1816 1783/2003
f 1775/1815 1774/1814 1795/1818
f 1775/1815 1795/1818 1796/1992
f 1777/1820 1676/1821 1677/1822
f 1777/1820 1677/1822 1776/1823
f 1777/1820 1776/1823 1778/1824
f 1777/1820 1778/1824 1779/1825
f 1779/1825 1778/1824 1781/1826
f 1779/1825 1781/1826 1780/1827
f 1781/1826 1682/1828 1683/1829
f 1781/1826 1683/1829 1780/1827
f 1783/1817 1782/2001 1692/1830
f 1783/1817 1692/1830 1693/1831
f 1690/1832 1784/1833 1813/2018
f 1690/1832 1813/2018 1786/2011
f 1784/1833 1691/1834 1785/1813
f 1784/1833 1785/1813 1813/2018
f 1787/2019 1698/1836 1788/1807
f 1787/2019 1788/1807 1814/2024
f 1810/1805 1789/1837 1787/1835
f 1810/1805 1787/1835 1814/1806
f 1768/1804 1790/1838 1815/2023
f 1768/1804 1815/2023 1810/1805
f 1790/2014 1695/1840 1791/1841
f 1790/2014 1791/1841 1815/1839
f 1810/1805 1815/2023 1791/2022
f 1810/1805 1791/2022 1789/1837
f 1688/1842 1792/1843 1816/2017
f 1688/1842 1816/2017 1794/1994
f 1792/1843 1689/1846 1793/1847
f 1792/1843 1793/1847 1816/2017
f 1811/1808 1816/1844 1793/2016
f 1811/1808 1793/2016 1771/1809
f 1794/1845 1816/1844 1811/1808
f 1794/1845 1811/1808 1770/1812
f 1796/1819 1795/1990 1686/1848
f 1796/1819 1686/1848 1687/1849
f 1687/1849 1686/1848 1683/1829
f 1687/1849 1683/1829 1682/1828
f 1681/1791 1760/1790 1792/1843
f 1681/1791 1792/1843 1688/1842
f 1760/1790 1680/1789 1689/1846
f 1760/1790 1689/1846 1792/1843
f 1791/1841 1695/1840 1696/1782
f 1791/1841 1696/1782 1757/2021
f 1789/1837 1791/2022 1757/1779
f 1789/1837 1757/1779 1767/1778
f 1789/1837 1767/1778 1763/2020
f 1789/1837 1763/2020 1787/1835
f 1763/1797 1697/1796 1698/1836
f 1763/1797 1698/1836 1787/2019
f 1679/1803 1765/1801 1784/1833
f 1679/1803 1784/1833 1690/1832
f 1765/1801 1678/1800 1691/1834
f 1765/1801 1691/1834 1784/1833
f 1693/1831 1692/1830 1677/1822
f 1693/1831 1677/1822 1676/1821
f 1817/1850 1768/1804 1788/2013
f 1817/1850 1788/2013 1822/2012
f 1786/1810 1771/1809 1817/1850
f 1786/1810 1817/1850 1822/2012
f 1689/1846 1797/1852 1818/2015
f 1689/1846 1818/2015 1793/1847
f 1797/1852 1695/1840 1790/2014
f 1797/1852 1790/2014 1818/2015
f 1817/1850 1818/1853 1790/1838
f 1817/1850 1790/1838 1768/1804
f 1771/1809 1793/2016 1818/1853
f 1771/1809 1818/1853 1817/1850
f 1689/1846 1680/1789 1798/1854
f 1689/1846 1798/1854 1797/1852
f 1798/1854 1696/1782 1695/1840
f 1798/1854 1695/1840 1797/1852
f 1758/1783 1819/1855 1820/1856
f 1758/1783 1820/1856 1769/1784
f 1758/1783 1696/1782 1798/1854
f 1758/1783 1798/1854 1819/1855
f 1819/1855 1798/1854 1680/1789
f 1819/1855 1680/1789 1759/1786
f 1819/1855 1759/1786 1772/1785
f 1819/1855 1772/1785 1820/1856
f 1820/1856 1772/1785 1766/1802
f 1820/1856 1766/1802 1821/1857
f 1769/1784 1820/1856 1821/1857
f 1769/1784 1821/1857 1762/1795
f 1697/1796 1762/1795 1821/1857
f 1697/1796 1821/1857 1799/1858
f 1799/1858 1821/1857 1766/1802
f 1799/1858 1766/1802 1679/1803
f 1800/1859 1698/1836 1697/1796
f 1800/1859 1697/1796 1799/1858
f 1800/1859 1799/1858 1679/1803
f 1800/1859 1679/1803 1690/1832
f 1788/1807 1698/1836 1800/1859
f 1788/1807 1800/1859 1822/1851
f 1822/1851 1800/1859 1690/1832
f 1822/1851 1690/1832 1786/2011
f 1823/1860 1803/2006 1804/1862
f 1823/1860 1804/1862 1824/1863
f 1801/1864 1823/1860 1824/1863
f 1801/1864 1824/1863 1715/1865
f 1823/2010 1801/2002 1707/1866
f 1823/2010 1707/1866 1802/1867
f 1803/1861 1823/2010 1802/1867
f 1803/1861 1802/1867 1708/1868
f 1824/1863 1804/1862 1716/1869
f 1824/1863 1716/1869 1825/2009
f 1715/1865 1824/1863 1825/2009
f 1715/1865 1825/2009 1718/1991
f 1825/1870 1716/1987 1703/1872
f 1825/1870 1703/1872 1717/1873
f 1718/1871 1825/1870 1717/1873
f 1718/1871 1717/1873 1704/1874
f 1826/1875 1720/1876 1721/1877
f 1826/1875 1721/1877 1827/2008
f 1719/1879 1826/1875 1827/2008
f 1719/1879 1827/2008 1723/2000
f 1826/1875 1719/1879 1724/1881
f 1826/1875 1724/1881 1828/2007
f 1720/1876 1826/1875 1828/2007
f 1720/1876 1828/2007 1726/1996
f 1827/1878 1721/1997 1699/1884
f 1827/1878 1699/1884 1722/1885
f 1723/1880 1827/1878 1722/1885
f 1723/1880 1722/1885 1700/1886
f 1828/1882 1724/1993 1711/1887
f 1828/1882 1711/1887 1725/1888
f 1726/1883 1828/1882 1725/1888
f 1726/1883 1725/1888 1712/1889
f 1700/1886 1722/1885 1727/1890
f 1700/1886 1727/1890 1710/1891
f 1722/1885 1699/1884 1709/1892
f 1722/1885 1709/1892 1727/1890
f 1829/1893 1729/1894 1730/1895
f 1829/1893 1730/1895 1830/1896
f 1728/1897 1829/1893 1830/1896
f 1728/1897 1830/1896 1732/1898
f 1829/1893 1728/1897 1740/1899
f 1829/1893 1740/1899 1834/1900
f 1729/1894 1829/1893 1834/1900
f 1729/1894 1834/1900 1742/1901
f 1830/1896 1730/1895 1701/1902
f 1830/1896 1701/1902 1731/1903
f 1732/1898 1830/1896 1731/1903
f 1732/1898 1731/1903 1702/1904
f 1702/1904 1731/1903 1802/1867
f 1702/1904 1802/1867 1707/1866
f 1731/1903 1701/1902 1708/1868
f 1731/1903 1708/1868 1802/1867
f 1831/1905 1734/1906 1735/1907
f 1831/1905 1735/1907 1832/1908
f 1733/1909 1831/1905 1832/1908
f 1733/1909 1832/1908 1736/1910
f 1831/1905 1733/1909 1710/1891
f 1831/1905 1710/1891 1727/1890
f 1734/1906 1831/1905 1727/1890
f 1734/1906 1727/1890 1709/1892
f 1832/1908 1735/1907 1737/1911
f 1832/1908 1737/1911 1833/1912
f 1736/1910 1832/1908 1833/1912
f 1736/1910 1833/1912 1739/1913
f 1833/1912 1737/1911 1705/1914
f 1833/1912 1705/1914 1738/1915
f 1739/1913 1833/1912 1738/1915
f 1739/1913 1738/1915 1706/1916
f 1834/1900 1740/1899 1714/1917
f 1834/1900 1714/1917 1741/1918
f 1742/1901 1834/1900 1741/1918
f 1742/1901 1741/1918 1713/1919
f 1704/1874 1717/1873 1741/1918
f 1704/1874 1741/1918 1714/1917
f 1717/1873 1703/1872 1713/1919
f 1717/1873 1713/1919 1741/1918
f 1706/1916 1738/1915 1725/1888
f 1706/1916 1725/1888 1711/1887
f 1738/1915 1705/1914 1712/1889
f 1738/1915 1712/1889 1725/1888
f 1773/1793 1761/1792 1835/1920
f 1773/1793 1835/1920 1840/1921
f 1761/1792 1681/1791 1743/1922
f 1761/1792 1743/1922 1835/1920
f 1835/1920 1743/1922 1705/1914
f 1835/1920 1705/1914 1737/1911
f 1835/1920 1737/1911 1735/1907
f 1835/1920 1735/1907 1840/1921
f 1729/1894 1742/1901 1836/1923
f 1729/1894 1836/1923 1842/1924
f 1742/1901 1713/1919 1744/1925
f 1742/1901 1744/1925 1836/1923
f 1836/1923 1744/1925 1684/1926
f 1836/1923 1684/1926 1745/1927
f 1836/1923 1745/1927 1750/1928
f 1836/1923 1750/1928 1842/1924
f 1837/1929 1764/1799 1773/1793
f 1837/1929 1773/1793 1840/1921
f 1735/1907 1734/1906 1837/1929
f 1735/1907 1837/1929 1840/1921
f 1837/1929 1734/1906 1709/1892
f 1837/1929 1709/1892 1746/1930
f 1764/1799 1837/1929 1746/1930
f 1764/1799 1746/1930 1678/1800
f 1838/1931 1730/1895 1729/1894
f 1838/1931 1729/1894 1842/1924
f 1750/1928 1747/1932 1838/1931
f 1750/1928 1838/1931 1842/1924
f 1838/1931 1747/1932 1675/1933
f 1838/1931 1675/1933 1748/1934
f 1730/1895 1838/1931 1748/1934
f 1730/1895 1748/1934 1701/1902
f 1839/1935 1770/1812 1785/1999
f 1839/1935 1785/1999 1844/1936
f 1721/1877 1720/1876 1839/1935
f 1721/1877 1839/1935 1844/1936
f 1839/1935 1720/1876 1726/1996
f 1839/1935 1726/1996 1845/1937
f 1794/1845 1770/1812 1839/1935
f 1794/1845 1839/1935 1845/1937
f 1841/1938 1804/1862 1803/2006
f 1841/1938 1803/2006 1843/1939
f 1752/2004 1749/1941 1841/1938
f 1752/2004 1841/1938 1843/1939
f 1841/1938 1749/1941 1756/1942
f 1841/1938 1756/1942 1846/1943
f 1716/1869 1804/1862 1841/1938
f 1716/1869 1841/1938 1846/1943
f 1801/1864 1715/1865 1774/1814
f 1801/1864 1774/1814 1783/2003
f 1795/1818 1774/1814 1715/1865
f 1795/1818 1715/1865 1718/1991
f 1724/1881 1719/1879 1775/1815
f 1724/1881 1775/1815 1796/1992
f 1782/1816 1775/1815 1719/1879
f 1782/1816 1719/1879 1723/2000
f 1710/1891 1733/1909 1776/1823
f 1710/1891 1776/1823 1677/1822
f 1778/1824 1776/1823 1733/1909
f 1778/1824 1733/1909 1736/1910
f 1728/1897 1732/1898 1777/1820
f 1728/1897 1777/1820 1779/1825
f 1732/1898 1702/1904 1676/1821
f 1732/1898 1676/1821 1777/1820
f 1781/1826 1778/1824 1736/1910
f 1781/1826 1736/1910 1739/1913
f 1740/1899 1728/1897 1779/1825
f 1740/1899 1779/1825 1780/1827
f 1780/1827 1683/1829 1714/1917
f 1780/1827 1714/1917 1740/1899
f 1739/1913 1706/1916 1682/1828
f 1739/1913 1682/1828 1781/1826
f 1708/1868 1751/1944 1843/2005
f 1708/1868 1843/2005 1803/1861
f 1751/1944 1694/1945 1752/1940
f 1751/1944 1752/1940 1843/2005
f 1783/1817 1693/1831 1707/1866
f 1783/1817 1707/1866 1801/2002
f 1782/2001 1723/1880 1700/1886
f 1782/2001 1700/1886 1692/1830
f 1691/1834 1753/1946 1844/1998
f 1691/1834 1844/1998 1785/1813
f 1753/1946 1699/1884 1721/1997
f 1753/1946 1721/1997 1844/1998
f 1712/1889 1754/1947 1845/1995
f 1712/1889 1845/1995 1726/1883
f 1754/1947 1688/1842 1794/1994
f 1754/1947 1794/1994 1845/1995
f 1711/1887 1724/1993 1796/1819
f 1711/1887 1796/1819 1687/1849
f 1718/1871 1704/1874 1686/1848
f 1718/1871 1686/1848 1795/1990
f 1685/1948 1755/1949 1846/1988
f 1685/1948 1846/1988 1756/1989
f 1755/1949 1703/1872 1716/1987
f 1755/1949 1716/1987 1846/1988
f 1685/1948 1684/1926 1744/1925
f 1685/1948 1744/1925 1755/1949
f 1744/1925 1713/1919 1703/1872
f 1744/1925 1703/1872 1755/1949
f 1683/1829 1686/1848 1704/1874
f 1683/1829 1704/1874 1714/1917
f 1706/1916 1711/1887 1687/1849
f 1706/1916 1687/1849 1682/1828
f 1712/1889 1705/1914 1743/1922
f 1712/1889 1743/1922 1754/1947
f 1743/1922 1681/1791 1688/1842
f 1743/1922 1688/1842 1754/1947
f 1691/1834 1678/1800 1746/1930
f 1691/1834 1746/1930 1753/1946
f 1746/1930 1709/1892 1699/1884
f 1746/1930 1699/1884 1753/1946
f 1700/1886 1710/1891 1677/1822
f 1700/1886 1677/1822 1692/1830
f 1693/1831 1676/1821 1702/1904
f 1693/1831 1702/1904 1707/1866
f 1708/1868 1701/1902 1748/1934
f 1708/1868 1748/1934 1751/1944
f 1748/1934 1675/1933 1694/1945
f 1748/1934 1694/1945 1751/1944
f 1848/1491 1847/1986 1345/1413
f 1848/1491 1345/1413 1521/1411
f 1343/1405 1849/1490 1848/1491
f 1343/1405 1848/1491 1521/1411
f 1850/1489 1849/1490 1343/1405
f 1850/1489 1343/1405 1520/1408
f 1341/1401 1851/1488 1850/1489
f 1341/1401 1850/1489 1520/1408
f 1852/1487 1851/1488 1341/1401
f 1852/1487 1341/1401 1515/1399
f 1338/1394 1853/1484 1852/1487
f 1338/1394 1852/1487 1515/1399
f 1854/1482 1853/1484 1338/1394
f 1854/1482 1338/1394 1511/1391
f 1855/1483 1854/1482 1511/1391
f 1855/1483 1511/1391 1337/1390
f 1856/1485 1855/1483 1337/1390
f 1856/1485 1337/1390 1514/1393
f 1857/1486 1856/1485 1514/1393
f 1857/1486 1514/1393 1340/1398
f 1858/1776 1857/1486 1340/1398
f 1858/1776 1340/1398 1417/1685
f 1859/1777 1858/1776 1417/1685
f 1859/1777 1417/1685 1378/1687
f 1860/1540 1859/1777 1378/1687
f 1860/1540 1378/1687 1484/1584
f 1861/1538 1860/1540 1484/1584
f 1861/1538 1484/1584 1559/1581
f 1485/1580 1862/1539 1861/1538
f 1485/1580 1861/1538 1559/1581
f 1485/1580 1377/1629 1863/1773
f 1485/1580 1863/1773 1862/1539
f 1864/1771 1863/1773 1377/1629
f 1864/1771 1377/1629 1387/1626
f 1865/1772 1864/1771 1387/1626
f 1865/1772 1387/1626 1332/1625
f 1866/1774 1865/1772 1332/1625
f 1866/1774 1332/1625 1408/1667
f 1867/1775 1866/1774 1408/1667
f 1867/1775 1408/1667 1372/1669
f 1868/1498 1867/1775 1372/1669
f 1868/1498 1372/1669 1458/1572
f 1869/1493 1868/1498 1458/1572
f 1869/1493 1458/1572 1551/1569
f 1461/1568 1870/1494 1869/1493
f 1461/1568 1869/1493 1551/1569
f 1461/1568 1371/1615 1871/1770
f 1461/1568 1871/1770 1870/1494
f 1872/1769 1871/1770 1371/1615
f 1872/1769 1371/1615 1573/1613
f 1324/1384 1873/1481 1872/1769
f 1324/1384 1872/1769 1573/1613
f 1874/1480 1873/1481 1324/1384
f 1874/1480 1324/1384 1510/1387
f 1331/1389 1875/1479 1874/1480
f 1331/1389 1874/1480 1510/1387
f 1876/1478 1875/1479 1331/1389
f 1876/1478 1331/1389 1509/1388
f 1330/1383 1877/1477 1876/1478
f 1330/1383 1876/1478 1509/1388
f 1878/1476 1877/1477 1330/1383
f 1878/1476 1330/1383 1506/1382
f 1329/1377 1879/1475 1878/1476
f 1329/1377 1878/1476 1506/1382
f 1880/1474 1879/1475 1329/1377
f 1880/1474 1329/1377 1503/1376
f 1328/1371 1881/1473 1880/1474
f 1328/1371 1880/1474 1503/1376
f 1882/1471 1881/1473 1328/1371
f 1882/1471 1328/1371 1500/1370
f 1327/1369 1883/1472 1882/1471
f 1327/1369 1882/1471 1500/1370
f 1910/2025 2088/2028 2166/2027
f 1910/2025 2166/2027 2085/2026
f 2085/2026 2166/2027 2086/2030
f 2085/2026 2086/2030 1909/2029
f 2166/2027 2087/2032 1914/2031
f 2166/2027 1914/2031 2086/2030
f 2088/2028 1915/2033 2087/2032
f 2088/2028 2087/2032 2166/2027
f 1913/2034 2091/2037 2167/2036
f 1913/2034 2167/2036 2089/2035
f 2089/2035 2167/2036 2088/2028
f 2089/2035 2088/2028 1910/2025
f 2167/2036 2090/2038 1915/2033
f 2167/2036 1915/2033 2088/2028
f 2091/2037 1916/2039 2090/2038
f 2091/2037 2090/2038 2167/2036
f 1912/2040 2094/2043 2168/2042
f 1912/2040 2168/2042 2092/2041
f 2092/2041 2168/2042 2091/2037
f 2092/2041 2091/2037 1913/2034
f 2168/2042 2093/2044 1916/2039
f 2168/2042 1916/2039 2091/2037
f 2094/2043 1917/2045 2093/2044
f 2094/2043 2093/2044 2168/2042
f 1911/2046 2097/2049 2169/2048
f 1911/2046 2169/2048 2095/2047
f 2095/2047 2169/2048 2094/2043
f 2095/2047 2094/2043 1912/2040
f 2169/2048 2096/2050 1917/2045
f 2169/2048 1917/2045 2094/2043
f 2097/2049 1918/2051 2096/2050
f 2097/2049 2096/2050 2169/2048
f 1924/2052 2101/2055 2170/2054
f 1924/2052 2170/2054 2098/2053
f 2098/2053 2170/2054 2099/2057
f 2098/2053 2099/2057 1925/2056
f 2170/2054 2100/2059 1926/2058
f 2170/2054 1926/2058 2099/2057
f 2101/2055 1927/2060 2100/2059
f 2101/2055 2100/2059 2170/2054
f 1925/2056 2099/2057 2171/2062
f 1925/2056 2171/2062 2102/2061
f 2102/2061 2171/2062 2103/2064
f 2102/2061 2103/2064 1928/2063
f 2171/2062 2104/2066 1929/2065
f 2171/2062 1929/2065 2103/2064
f 2099/2057 1926/2058 2104/2066
f 2099/2057 2104/2066 2171/2062
f 1930/2067 2107/2070 2172/2069
f 1930/2067 2172/2069 2105/2068
f 2105/2068 2172/2069 2106/2072
f 2105/2068 2106/2072 1931/2071
f 2172/2069 2103/2064 1929/2065
f 2172/2069 1929/2065 2106/2072
f 2107/2070 1928/2063 2103/2064
f 2107/2070 2103/2064 2172/2069
f 1930/2067 2105/2068 2173/2074
f 1930/2067 2173/2074 2108/2073
f 2108/2073 2173/2074 2109/2076
f 2108/2073 2109/2076 1932/2075
f 2173/2074 2110/2078 1933/2077
f 2173/2074 1933/2077 2109/2076
f 2105/2068 1931/2071 2110/2078
f 2105/2068 2110/2078 2173/2074
f 1890/2079 2114/2082 2174/2081
f 1890/2079 2174/2081 2111/2080
f 2111/2080 2174/2081 2112/2084
f 2111/2080 2112/2084 1887/2083
f 2174/2081 2113/2086 1884/2085
f 2174/2081 1884/2085 2112/2084
f 2114/2082 1889/2087 2113/2086
f 2114/2082 2113/2086 2174/2081
f 1891/2088 2117/2091 2175/2090
f 1891/2088 2175/2090 2115/2089
f 2115/2089 2175/2090 2116/2093
f 2115/2089 2116/2093 1888/2092
f 2175/2090 2111/2080 1887/2083
f 2175/2090 1887/2083 2116/2093
f 2117/2091 1890/2079 2111/2080
f 2117/2091 2111/2080 2175/2090
f 1892/2094 2120/2097 2176/2096
f 1892/2094 2176/2096 2118/2095
f 2118/2095 2176/2096 2119/2099
f 2118/2095 2119/2099 1886/2098
f 2176/2096 2115/2089 1888/2092
f 2176/2096 1888/2092 2119/2099
f 2120/2097 1891/2088 2115/2089
f 2120/2097 2115/2089 2176/2096
f 1893/2100 2123/2103 2177/2102
f 1893/2100 2177/2102 2121/2101
f 2121/2101 2177/2102 2122/2105
f 2121/2101 2122/2105 1885/2104
f 2177/2102 2118/2095 1886/2098
f 2177/2102 1886/2098 2122/2105
f 2123/2103 1892/2094 2118/2095
f 2123/2103 2118/2095 2177/2102
f 1900/2106 2127/2109 2178/2108
f 1900/2106 2178/2108 2124/2107
f 2124/2107 2178/2108 2125/2111
f 2124/2107 2125/2111 1908/2110
f 2178/2108 2126/2113 1907/2112
f 2178/2108 1907/2112 2125/2111
f 2127/2109 1899/2114 2126/2113
f 2127/2109 2126/2113 2178/2108
f 1899/2114 2130/2116 2179/2115
f 1899/2114 2179/2115 2126/2113
f 2126/2113 2179/2115 2128/2117
f 2126/2113 2128/2117 1907/2112
f 2179/2115 2129/2119 1906/2118
f 2179/2115 1906/2118 2128/2117
f 2130/2116 1901/2120 2129/2119
f 2130/2116 2129/2119 2179/2115
f 1902/2121 2133/2124 2180/2123
f 1902/2121 2180/2123 2131/2122
f 2131/2122 2180/2123 2129/2119
f 2131/2122 2129/2119 1901/2120
f 2180/2123 2132/2125 1906/2118
f 2180/2123 1906/2118 2129/2119
f 2133/2124 1905/2126 2132/2125
f 2133/2124 2132/2125 2180/2123
f 1902/2121 2136/2128 2181/2127
f 1902/2121 2181/2127 2133/2124
f 2133/2124 2181/2127 2134/2129
f 2133/2124 2134/2129 1905/2126
f 2181/2127 2135/2131 1904/2130
f 2181/2127 1904/2130 2134/2129
f 2136/2128 1903/2132 2135/2131
f 2136/2128 2135/2131 2181/2127
f 2469/2133 2112/2084 1884/2085
f 2469/2133 1884/2085 2470/2134
f 2112/2084 2469/2133 2468/2135
f 2112/2084 2468/2135 1887/2083
f 2467/2136 2116/2093 1887/2083
f 2467/2136 1887/2083 2468/2135
f 2116/2093 2467/2136 2466/2137
f 2116/2093 2466/2137 1888/2092
f 2465/2138 2119/2099 1888/2092
f 2465/2138 1888/2092 2466/2137
f 2119/2099 2465/2138 2464/2139
f 2119/2099 2464/2139 1886/2098
f 2463/2140 2122/2105 1886/2098
f 2463/2140 1886/2098 2464/2139
f 2122/2105 2463/2140 2462/2141
f 2122/2105 2462/2141 1885/2104
f 2461/2142 2121/2101 1885/2104
f 2461/2142 1885/2104 2462/2141
f 2121/2101 2461/2142 2460/2143
f 2121/2101 2460/2143 1893/2100
f 1900/2106 2442/2145 2441/2144
f 1900/2106 2441/2144 2127/2109
f 2127/2109 2441/2144 2440/2146
f 2127/2109 2440/2146 1899/2114
f 1908/2110 2444/2148 2443/2147
f 1908/2110 2443/2147 2124/2107
f 2124/2107 2443/2147 2442/2145
f 2124/2107 2442/2145 1900/2106
f 2439/2149 2130/2116 1899/2114
f 2439/2149 1899/2114 2440/2146
f 2130/2116 2439/2149 2438/2150
f 2130/2116 2438/2150 1901/2120
f 2437/2151 2131/2122 1901/2120
f 2437/2151 1901/2120 2438/2150
f 2131/2122 2437/2151 2436/2152
f 2131/2122 2436/2152 1902/2121
f 2435/2153 2136/2128 1902/2121
f 2435/2153 1902/2121 2436/2152
f 2136/2128 2435/2153 2434/2154
f 2136/2128 2434/2154 1903/2132
f 2456/2155 2137/2158 2047/2157
f 2456/2155 2047/2157 2457/2156
f 2046/2159 2137/2158 2456/2155
f 2046/2159 2456/2155 2455/2160
f 2046/2159 2231/2162 2182/2161
f 2046/2159 2182/2161 2137/2158
f 2182/2161 2230/2163 2047/2157
f 2182/2161 2047/2157 2137/2158
f 2139/2164 2049/2165 2230/2163
f 2139/2164 2230/2163 2182/2161
f 2182/2161 2231/2162 2050/2166
f 2182/2161 2050/2166 2139/2164
f 2050/2166 2233/2168 2183/2167
f 2050/2166 2183/2167 2139/2164
f 2183/2167 2232/2169 2049/2165
f 2183/2167 2049/2165 2139/2164
f 2140/2170 2051/2171 2232/2169
f 2140/2170 2232/2169 2183/2167
f 2183/2167 2233/2168 2052/2172
f 2183/2167 2052/2172 2140/2170
f 2052/2172 2235/2174 2184/2173
f 2052/2172 2184/2173 2140/2170
f 2184/2173 2234/2175 2051/2171
f 2184/2173 2051/2171 2140/2170
f 2141/2176 2053/2177 2234/2175
f 2141/2176 2234/2175 2184/2173
f 2184/2173 2235/2174 2054/2178
f 2184/2173 2054/2178 2141/2176
f 2056/2179 2237/2182 2185/2181
f 2056/2179 2185/2181 2142/2180
f 2185/2181 2236/2184 2055/2183
f 2185/2181 2055/2183 2142/2180
f 2054/2178 2236/2184 2185/2181
f 2054/2178 2185/2181 2141/2176
f 2185/2181 2237/2182 2053/2177
f 2185/2181 2053/2177 2141/2176
f 2143/2185 2067/2188 2247/2187
f 2143/2185 2247/2187 2186/2186
f 2186/2186 2246/2190 2066/2189
f 2186/2186 2066/2189 2143/2185
f 2144/2191 2065/2192 2246/2190
f 2144/2191 2246/2190 2186/2186
f 2186/2186 2247/2187 2068/2193
f 2186/2186 2068/2193 2144/2191
f 2066/2189 2249/2195 2187/2194
f 2066/2189 2187/2194 2143/2185
f 2187/2194 2248/2196 2067/2188
f 2187/2194 2067/2188 2143/2185
f 2145/2197 2069/2198 2248/2196
f 2145/2197 2248/2196 2187/2194
f 2187/2194 2249/2195 2070/2199
f 2187/2194 2070/2199 2145/2197
f 2448/2200 2144/2191 2068/2193
f 2448/2200 2068/2193 2449/2201
f 2065/2192 2144/2191 2448/2200
f 2065/2192 2448/2200 2447/2202
f 2070/2199 2251/2204 2188/2203
f 2070/2199 2188/2203 2145/2197
f 2188/2203 2250/2205 2069/2198
f 2188/2203 2069/2198 2145/2197
f 2147/2206 2073/2207 2250/2205
f 2147/2206 2250/2205 2188/2203
f 2188/2203 2251/2204 2074/2208
f 2188/2203 2074/2208 2147/2206
f 2074/2208 2253/2210 2189/2209
f 2074/2208 2189/2209 2147/2206
f 2189/2209 2252/2211 2073/2207
f 2189/2209 2073/2207 2147/2206
f 2075/2212 2252/2211 2189/2209
f 2075/2212 2189/2209 2148/2213
f 2189/2209 2253/2210 2076/2214
f 2189/2209 2076/2214 2148/2213
f 2149/2215 2059/2218 2239/2217
f 2149/2215 2239/2217 2190/2216
f 2190/2216 2238/2220 2058/2219
f 2190/2216 2058/2219 2149/2215
f 2057/2221 2238/2220 2190/2216
f 2057/2221 2190/2216 2150/2222
f 2190/2216 2239/2217 2060/2223
f 2190/2216 2060/2223 2150/2222
f 2058/2219 2241/2225 2191/2224
f 2058/2219 2191/2224 2149/2215
f 2191/2224 2240/2226 2059/2218
f 2191/2224 2059/2218 2149/2215
f 2151/2227 2061/2228 2240/2226
f 2151/2227 2240/2226 2191/2224
f 2191/2224 2241/2225 2062/2229
f 2191/2224 2062/2229 2151/2227
f 2048/2230 2243/2233 2192/2232
f 2048/2230 2192/2232 2138/2231
f 2192/2232 2242/2235 2045/2234
f 2192/2232 2045/2234 2138/2231
f 2152/2236 2063/2237 2242/2235
f 2152/2236 2242/2235 2192/2232
f 2192/2232 2243/2233 2064/2238
f 2192/2232 2064/2238 2152/2236
f 2064/2238 2245/2240 2193/2239
f 2064/2238 2193/2239 2152/2236
f 2193/2239 2244/2241 2063/2237
f 2193/2239 2063/2237 2152/2236
f 2062/2229 2244/2241 2193/2239
f 2062/2229 2193/2239 2151/2227
f 2193/2239 2245/2240 2061/2228
f 2193/2239 2061/2228 2151/2227
f 2072/2242 2255/2245 2194/2244
f 2072/2242 2194/2244 2146/2243
f 2194/2244 2254/2247 2071/2246
f 2194/2244 2071/2246 2146/2243
f 2153/2248 2077/2249 2254/2247
f 2153/2248 2254/2247 2194/2244
f 2194/2244 2255/2245 2078/2250
f 2194/2244 2078/2250 2153/2248
f 2078/2250 2257/2252 2195/2251
f 2078/2250 2195/2251 2153/2248
f 2195/2251 2256/2253 2077/2249
f 2195/2251 2077/2249 2153/2248
f 2154/2254 2079/2255 2256/2253
f 2154/2254 2256/2253 2195/2251
f 2195/2251 2257/2252 2080/2256
f 2195/2251 2080/2256 2154/2254
f 2080/2256 2259/2258 2196/2257
f 2080/2256 2196/2257 2154/2254
f 2196/2257 2258/2259 2079/2255
f 2196/2257 2079/2255 2154/2254
f 2155/2260 2081/2261 2258/2259
f 2155/2260 2258/2259 2196/2257
f 2196/2257 2259/2258 2082/2262
f 2196/2257 2082/2262 2155/2260
f 2082/2262 2261/2264 2197/2263
f 2082/2262 2197/2263 2155/2260
f 2197/2263 2260/2265 2081/2261
f 2197/2263 2081/2261 2155/2260
f 2083/2266 2260/2265 2197/2263
f 2083/2266 2197/2263 2156/2267
f 2197/2263 2261/2264 2084/2268
f 2197/2263 2084/2268 2156/2267
f 1954/2269 2159/2272 2198/2271
f 1954/2269 2198/2271 2157/2270
f 2157/2270 2198/2271 2158/2274
f 2157/2270 2158/2274 1956/2273
f 2198/2271 2085/2026 1909/2029
f 2198/2271 1909/2029 2158/2274
f 2159/2272 1910/2025 2085/2026
f 2159/2272 2085/2026 2198/2271
f 1911/2046 2095/2047 2199/2276
f 1911/2046 2199/2276 2160/2275
f 2160/2275 2199/2276 2161/2278
f 2160/2275 2161/2278 1958/2277
f 2199/2276 2162/2280 1960/2279
f 2199/2276 1960/2279 2161/2278
f 2095/2047 1912/2040 2162/2280
f 2095/2047 2162/2280 2199/2276
f 1960/2279 2162/2280 2200/2282
f 1960/2279 2200/2282 2163/2281
f 2163/2281 2200/2282 2164/2284
f 2163/2281 2164/2284 1962/2283
f 2200/2282 2092/2041 1913/2034
f 2200/2282 1913/2034 2164/2284
f 2162/2280 1912/2040 2092/2041
f 2162/2280 2092/2041 2200/2282
f 1962/2283 2164/2284 2201/2286
f 1962/2283 2201/2286 2165/2285
f 2165/2285 2201/2286 2159/2272
f 2165/2285 2159/2272 1954/2269
f 2201/2286 2089/2035 1910/2025
f 2201/2286 1910/2025 2159/2272
f 2164/2284 1913/2034 2089/2035
f 2164/2284 2089/2035 2201/2286
f 1919/2287 1977/2290 2202/2289
f 1919/2287 2202/2289 1974/2288
f 1974/2288 2202/2289 1975/2292
f 1974/2288 1975/2292 1964/2291
f 2202/2289 1976/2294 1966/2293
f 2202/2289 1966/2293 1975/2292
f 1977/2290 1920/2295 1976/2294
f 1977/2290 1976/2294 2202/2289
f 1966/2293 1976/2294 2203/2297
f 1966/2293 2203/2297 1978/2296
f 1978/2296 2203/2297 1979/2299
f 1978/2296 1979/2299 1968/2298
f 2203/2297 1980/2301 1921/2300
f 2203/2297 1921/2300 1979/2299
f 1976/2294 1920/2295 1980/2301
f 1976/2294 1980/2301 2203/2297
f 1968/2298 1979/2299 2204/2303
f 1968/2298 2204/2303 1981/2302
f 1981/2302 2204/2303 1982/2305
f 1981/2302 1982/2305 1970/2304
f 2204/2303 1983/2307 1922/2306
f 2204/2303 1922/2306 1982/2305
f 1979/2299 1921/2300 1983/2307
f 1979/2299 1983/2307 2204/2303
f 1970/2304 1982/2305 2205/2309
f 1970/2304 2205/2309 1984/2308
f 1984/2308 2205/2309 1985/2311
f 1984/2308 1985/2311 1972/2310
f 2205/2309 1986/2313 1923/2312
f 2205/2309 1923/2312 1985/2311
f 1982/2305 1922/2306 1986/2313
f 1982/2305 1986/2313 2205/2309
f 1922/2306 1989/2315 2206/2314
f 1922/2306 2206/2314 1986/2313
f 1986/2313 2206/2314 1987/2316
f 1986/2313 1987/2316 1923/2312
f 2206/2314 1988/2318 1957/2317
f 2206/2314 1957/2317 1987/2316
f 1989/2315 1955/2319 1988/2318
f 1989/2315 1988/2318 2206/2314
f 1921/2300 1991/2321 2207/2320
f 1921/2300 2207/2320 1983/2307
f 1983/2307 2207/2320 1989/2315
f 1983/2307 1989/2315 1922/2306
f 2207/2320 1990/2322 1955/2319
f 2207/2320 1955/2319 1989/2315
f 1991/2321 1963/2323 1990/2322
f 1991/2321 1990/2322 2207/2320
f 1920/2295 1993/2325 2208/2324
f 1920/2295 2208/2324 1980/2301
f 1980/2301 2208/2324 1991/2321
f 1980/2301 1991/2321 1921/2300
f 2208/2324 1992/2326 1963/2323
f 2208/2324 1963/2323 1991/2321
f 1993/2325 1961/2327 1992/2326
f 1993/2325 1992/2326 2208/2324
f 1919/2287 1995/2329 2209/2328
f 1919/2287 2209/2328 1977/2290
f 1977/2290 2209/2328 1993/2325
f 1977/2290 1993/2325 1920/2295
f 2209/2328 1994/2330 1961/2327
f 2209/2328 1961/2327 1993/2325
f 1995/2329 1959/2331 1994/2330
f 1995/2329 1994/2330 2209/2328
f 1931/2071 1998/2333 2210/2332
f 1931/2071 2210/2332 2110/2078
f 2110/2078 2210/2332 1996/2334
f 2110/2078 1996/2334 1933/2077
f 2210/2332 1997/2336 1973/2335
f 2210/2332 1973/2335 1996/2334
f 1998/2333 1971/2337 1997/2336
f 1998/2333 1997/2336 2210/2332
f 1929/2065 2000/2339 2211/2338
f 1929/2065 2211/2338 2106/2072
f 2106/2072 2211/2338 1998/2333
f 2106/2072 1998/2333 1931/2071
f 2211/2338 1999/2340 1971/2337
f 2211/2338 1971/2337 1998/2333
f 2000/2339 1969/2341 1999/2340
f 2000/2339 1999/2340 2211/2338
f 1926/2058 2002/2343 2212/2342
f 1926/2058 2212/2342 2104/2066
f 2104/2066 2212/2342 2000/2339
f 2104/2066 2000/2339 1929/2065
f 2212/2342 2001/2344 1969/2341
f 2212/2342 1969/2341 2000/2339
f 2002/2343 1967/2345 2001/2344
f 2002/2343 2001/2344 2212/2342
f 1927/2060 2004/2347 2213/2346
f 1927/2060 2213/2346 2100/2059
f 2100/2059 2213/2346 2002/2343
f 2100/2059 2002/2343 1926/2058
f 2213/2346 2003/2348 1967/2345
f 2213/2346 1967/2345 2002/2343
f 2004/2347 1965/2349 2003/2348
f 2004/2347 2003/2348 2213/2346
f 1942/2350 2007/2353 2214/2352
f 1942/2350 2214/2352 2005/2351
f 2005/2351 2214/2352 2114/2082
f 2005/2351 2114/2082 1890/2079
f 2214/2352 2006/2354 1889/2087
f 2214/2352 1889/2087 2114/2082
f 2007/2353 1941/2355 2006/2354
f 2007/2353 2006/2354 2214/2352
f 1893/2100 2010/2357 2215/2356
f 1893/2100 2215/2356 2123/2103
f 2123/2103 2215/2356 2008/2358
f 2123/2103 2008/2358 1892/2094
f 2215/2356 2009/2360 1936/2359
f 2215/2356 1936/2359 2008/2358
f 2010/2357 1934/2361 2009/2360
f 2010/2357 2009/2360 2215/2356
f 1936/2359 2012/2363 2216/2362
f 1936/2359 2216/2362 2008/2358
f 2008/2358 2216/2362 2120/2097
f 2008/2358 2120/2097 1892/2094
f 2216/2362 2011/2364 1891/2088
f 2216/2362 1891/2088 2120/2097
f 2012/2363 1938/2365 2011/2364
f 2012/2363 2011/2364 2216/2362
f 1938/2365 2013/2367 2217/2366
f 1938/2365 2217/2366 2011/2364
f 2011/2364 2217/2366 2117/2091
f 2011/2364 2117/2091 1891/2088
f 2217/2366 2005/2351 1890/2079
f 2217/2366 1890/2079 2117/2091
f 2013/2367 1942/2350 2005/2351
f 2013/2367 2005/2351 2217/2366
f 1898/2368 2017/2371 2218/2370
f 1898/2368 2218/2370 2014/2369
f 2014/2369 2218/2370 2015/2373
f 2014/2369 2015/2373 1897/2372
f 2218/2370 2016/2375 1944/2374
f 2218/2370 1944/2374 2015/2373
f 2017/2371 1946/2376 2016/2375
f 2017/2371 2016/2375 2218/2370
f 1944/2374 2020/2378 2219/2377
f 1944/2374 2219/2377 2015/2373
f 2015/2373 2219/2377 2018/2379
f 2015/2373 2018/2379 1897/2372
f 2219/2377 2019/2381 1896/2380
f 2219/2377 1896/2380 2018/2379
f 2020/2378 1948/2382 2019/2381
f 2020/2378 2019/2381 2219/2377
f 1948/2382 2023/2384 2220/2383
f 1948/2382 2220/2383 2019/2381
f 2019/2381 2220/2383 2021/2385
f 2019/2381 2021/2385 1896/2380
f 2220/2383 2022/2387 1895/2386
f 2220/2383 1895/2386 2021/2385
f 2023/2384 1950/2388 2022/2387
f 2023/2384 2022/2387 2220/2383
f 1950/2388 2026/2390 2221/2389
f 1950/2388 2221/2389 2022/2387
f 2022/2387 2221/2389 2024/2391
f 2022/2387 2024/2391 1895/2386
f 2221/2389 2025/2393 1894/2392
f 2221/2389 1894/2392 2024/2391
f 2026/2390 1953/2394 2025/2393
f 2026/2390 2025/2393 2221/2389
f 1895/2386 2024/2391 2222/2396
f 1895/2386 2222/2396 2027/2395
f 2027/2395 2222/2396 2028/2398
f 2027/2395 2028/2398 1943/2397
f 2222/2396 2029/2400 1940/2399
f 2222/2396 1940/2399 2028/2398
f 2024/2391 1894/2392 2029/2400
f 2024/2391 2029/2400 2222/2396
f 1896/2380 2021/2385 2223/2402
f 1896/2380 2223/2402 2030/2401
f 2030/2401 2223/2402 2031/2404
f 2030/2401 2031/2404 1939/2403
f 2223/2402 2027/2395 1943/2397
f 2223/2402 1943/2397 2031/2404
f 2021/2385 1895/2386 2027/2395
f 2021/2385 2027/2395 2223/2402
f 1897/2372 2018/2379 2224/2406
f 1897/2372 2224/2406 2032/2405
f 2032/2405 2224/2406 2033/2408
f 2032/2405 2033/2408 1937/2407
f 2224/2406 2030/2401 1939/2403
f 2224/2406 1939/2403 2033/2408
f 2018/2379 1896/2380 2030/2401
f 2018/2379 2030/2401 2224/2406
f 1898/2368 2014/2369 2225/2410
f 1898/2368 2225/2410 2034/2409
f 2034/2409 2225/2410 2035/2412
f 2034/2409 2035/2412 1935/2411
f 2225/2410 2032/2405 1937/2407
f 2225/2410 1937/2407 2035/2412
f 2014/2369 1897/2372 2032/2405
f 2014/2369 2032/2405 2225/2410
f 1905/2126 2134/2129 2226/2414
f 1905/2126 2226/2414 2036/2413
f 2036/2413 2226/2414 2037/2416
f 2036/2413 2037/2416 1951/2415
f 2226/2414 2038/2418 1952/2417
f 2226/2414 1952/2417 2037/2416
f 2134/2129 1904/2130 2038/2418
f 2134/2129 2038/2418 2226/2414
f 1906/2118 2132/2125 2227/2420
f 1906/2118 2227/2420 2039/2419
f 2039/2419 2227/2420 2040/2422
f 2039/2419 2040/2422 1949/2421
f 2227/2420 2036/2413 1951/2415
f 2227/2420 1951/2415 2040/2422
f 2132/2125 1905/2126 2036/2413
f 2132/2125 2036/2413 2227/2420
f 1907/2112 2128/2117 2228/2424
f 1907/2112 2228/2424 2041/2423
f 2041/2423 2228/2424 2042/2426
f 2041/2423 2042/2426 1945/2425
f 2228/2424 2039/2419 1949/2421
f 2228/2424 1949/2421 2042/2426
f 2128/2117 1906/2118 2039/2419
f 2128/2117 2039/2419 2228/2424
f 1908/2110 2125/2111 2229/2428
f 1908/2110 2229/2428 2043/2427
f 2043/2427 2229/2428 2044/2430
f 2043/2427 2044/2430 1947/2429
f 2229/2428 2041/2423 1945/2425
f 2229/2428 1945/2425 2044/2430
f 2125/2111 1907/2112 2041/2423
f 2125/2111 2041/2423 2229/2428
f 2459/2431 2010/2357 1893/2100
f 2459/2431 1893/2100 2460/2143
f 2010/2357 2459/2431 2458/2432
f 2010/2357 2458/2432 1934/2361
f 1898/2368 2452/2434 2451/2433
f 1898/2368 2451/2433 2017/2371
f 2017/2371 2451/2433 2450/2435
f 2017/2371 2450/2435 1946/2376
f 1935/2411 2454/2437 2453/2436
f 1935/2411 2453/2436 2034/2409
f 2034/2409 2453/2436 2452/2434
f 2034/2409 2452/2434 1898/2368
f 1947/2429 2446/2439 2445/2438
f 1947/2429 2445/2438 2043/2427
f 2043/2427 2445/2438 2444/2148
f 2043/2427 2444/2148 1908/2110
f 2046/2159 2455/2160 2454/2437
f 2046/2159 2454/2437 1935/2411
f 2457/2156 2047/2157 1934/2361
f 2457/2156 1934/2361 2458/2432
f 1934/2361 2047/2157 2230/2163
f 1934/2361 2230/2163 2009/2360
f 2009/2360 2230/2163 2049/2165
f 2009/2360 2049/2165 1936/2359
f 1937/2407 2050/2166 2231/2162
f 1937/2407 2231/2162 2035/2412
f 2035/2412 2231/2162 2046/2159
f 2035/2412 2046/2159 1935/2411
f 1936/2359 2049/2165 2232/2169
f 1936/2359 2232/2169 2012/2363
f 2012/2363 2232/2169 2051/2171
f 2012/2363 2051/2171 1938/2365
f 1939/2403 2052/2172 2233/2168
f 1939/2403 2233/2168 2033/2408
f 2033/2408 2233/2168 2050/2166
f 2033/2408 2050/2166 1937/2407
f 1938/2365 2051/2171 2234/2175
f 1938/2365 2234/2175 2013/2367
f 2013/2367 2234/2175 2053/2177
f 2013/2367 2053/2177 1942/2350
f 1943/2397 2054/2178 2235/2174
f 1943/2397 2235/2174 2031/2404
f 2031/2404 2235/2174 2052/2172
f 2031/2404 2052/2172 1939/2403
f 1940/2399 2055/2183 2236/2184
f 1940/2399 2236/2184 2028/2398
f 2028/2398 2236/2184 2054/2178
f 2028/2398 2054/2178 1943/2397
f 1942/2350 2053/2177 2237/2182
f 1942/2350 2237/2182 2007/2353
f 2007/2353 2237/2182 2056/2179
f 2007/2353 2056/2179 1941/2355
f 1955/2319 2058/2219 2238/2220
f 1955/2319 2238/2220 1988/2318
f 1988/2318 2238/2220 2057/2221
f 1988/2318 2057/2221 1957/2317
f 1956/2273 2060/2223 2239/2217
f 1956/2273 2239/2217 2157/2270
f 2157/2270 2239/2217 2059/2218
f 2157/2270 2059/2218 1954/2269
f 1954/2269 2059/2218 2240/2226
f 1954/2269 2240/2226 2165/2285
f 2165/2285 2240/2226 2061/2228
f 2165/2285 2061/2228 1962/2283
f 1963/2323 2062/2229 2241/2225
f 1963/2323 2241/2225 1990/2322
f 1990/2322 2241/2225 2058/2219
f 1990/2322 2058/2219 1955/2319
f 1959/2331 2045/2234 2242/2235
f 1959/2331 2242/2235 1994/2330
f 1994/2330 2242/2235 2063/2237
f 1994/2330 2063/2237 1961/2327
f 1960/2279 2064/2238 2243/2233
f 1960/2279 2243/2233 2161/2278
f 2161/2278 2243/2233 2048/2230
f 2161/2278 2048/2230 1958/2277
f 1961/2327 2063/2237 2244/2241
f 1961/2327 2244/2241 1992/2326
f 1992/2326 2244/2241 2062/2229
f 1992/2326 2062/2229 1963/2323
f 1962/2283 2061/2228 2245/2240
f 1962/2283 2245/2240 2163/2281
f 2163/2281 2245/2240 2064/2238
f 2163/2281 2064/2238 1960/2279
f 1945/2425 2066/2189 2246/2190
f 1945/2425 2246/2190 2044/2430
f 2044/2430 2246/2190 2065/2192
f 2044/2430 2065/2192 1947/2429
f 1946/2376 2068/2193 2247/2187
f 1946/2376 2247/2187 2016/2375
f 2016/2375 2247/2187 2067/2188
f 2016/2375 2067/2188 1944/2374
f 1944/2374 2067/2188 2248/2196
f 1944/2374 2248/2196 2020/2378
f 2020/2378 2248/2196 2069/2198
f 2020/2378 2069/2198 1948/2382
f 1949/2421 2070/2199 2249/2195
f 1949/2421 2249/2195 2042/2426
f 2042/2426 2249/2195 2066/2189
f 2042/2426 2066/2189 1945/2425
f 2065/2192 2447/2202 2446/2439
f 2065/2192 2446/2439 1947/2429
f 2449/2201 2068/2193 1946/2376
f 2449/2201 1946/2376 2450/2435
f 1948/2382 2069/2198 2250/2205
f 1948/2382 2250/2205 2023/2384
f 2023/2384 2250/2205 2073/2207
f 2023/2384 2073/2207 1950/2388
f 1951/2415 2074/2208 2251/2204
f 1951/2415 2251/2204 2040/2422
f 2040/2422 2251/2204 2070/2199
f 2040/2422 2070/2199 1949/2421
f 1950/2388 2073/2207 2252/2211
f 1950/2388 2252/2211 2026/2390
f 2026/2390 2252/2211 2075/2212
f 2026/2390 2075/2212 1953/2394
f 1952/2417 2076/2214 2253/2210
f 1952/2417 2253/2210 2037/2416
f 2037/2416 2253/2210 2074/2208
f 2037/2416 2074/2208 1951/2415
f 1965/2349 2071/2246 2254/2247
f 1965/2349 2254/2247 2003/2348
f 2003/2348 2254/2247 2077/2249
f 2003/2348 2077/2249 1967/2345
f 1966/2293 2078/2250 2255/2245
f 1966/2293 2255/2245 1975/2292
f 1975/2292 2255/2245 2072/2242
f 1975/2292 2072/2242 1964/2291
f 1967/2345 2077/2249 2256/2253
f 1967/2345 2256/2253 2001/2344
f 2001/2344 2256/2253 2079/2255
f 2001/2344 2079/2255 1969/2341
f 1968/2298 2080/2256 2257/2252
f 1968/2298 2257/2252 1978/2296
f 1978/2296 2257/2252 2078/2250
f 1978/2296 2078/2250 1966/2293
f 1969/2341 2079/2255 2258/2259
f 1969/2341 2258/2259 1999/2340
f 1999/2340 2258/2259 2081/2261
f 1999/2340 2081/2261 1971/2337
f 1970/2304 2082/2262 2259/2258
f 1970/2304 2259/2258 1981/2302
f 1981/2302 2259/2258 2080/2256
f 1981/2302 2080/2256 1968/2298
f 1971/2337 2081/2261 2260/2265
f 1971/2337 2260/2265 1997/2336
f 1997/2336 2260/2265 2083/2266
f 1997/2336 2083/2266 1973/2335
f 1972/2310 2084/2268 2261/2264
f 1972/2310 2261/2264 1984/2308
f 1984/2308 2261/2264 2082/2262
f 1984/2308 2082/2262 1970/2304
f 2354/2440 2396/2443 2392/2442
f 2354/2440 2392/2442 2344/2441
f 2392/2442 2345/2446 2283/2445
f 2392/2442 2283/2445 2344/2444
f 2392/2442 2396/2443 2356/2447
f 2392/2442 2356/2447 2345/2446
f 2359/2448 2399/2451 2393/2450
f 2359/2448 2393/2450 2346/2449
f 2346/2449 2393/2450 2347/2453
f 2346/2449 2347/2453 2267/2452
f 2393/2450 2348/2455 2268/2454
f 2393/2450 2268/2454 2347/2453
f 2393/2450 2399/2451 2360/2456
f 2393/2450 2360/2456 2348/2455
f 2394/2457 2350/2460 2284/2459
f 2394/2457 2284/2459 2349/2458
f 2395/2461 2352/2464 2265/2463
f 2395/2461 2265/2463 2351/2462
f 2353/2465 2266/2466 2352/2464
f 2353/2465 2352/2464 2395/2461
f 2354/2440 2350/2467 2394/2457
f 2354/2440 2394/2457 2396/2443
f 2355/2468 2375/2471 2401/2470
f 2355/2468 2401/2470 2397/2469
f 2394/2457 2349/2458 2356/2447
f 2394/2457 2356/2447 2396/2443
f 2398/2472 2400/2475 2373/2474
f 2398/2472 2373/2474 2358/2473
f 2357/2476 2372/2477 2400/2475
f 2357/2476 2400/2475 2398/2472
f 2395/2461 2351/2462 2360/2456
f 2395/2461 2360/2456 2399/2451
f 2359/2448 2353/2465 2395/2461
f 2359/2448 2395/2461 2399/2451
f 2361/2478 2370/2481 2369/2480
f 2361/2478 2369/2480 2362/2479
f 2362/2479 2383/2483 2382/2482
f 2362/2479 2382/2482 2361/2478
f 2364/2484 2363/2487 2264/2486
f 2364/2484 2264/2486 2263/2485
f 2364/2484 2366/2489 2365/2488
f 2364/2484 2365/2488 2363/2487
f 2366/2489 2367/2491 2368/2490
f 2366/2489 2368/2490 2365/2488
f 2368/2490 2367/2491 2270/2493
f 2368/2490 2270/2493 2269/2492
f 2370/2494 2280/2497 2279/2496
f 2370/2494 2279/2496 2369/2495
f 2277/2498 2373/2501 2400/2500
f 2277/2498 2400/2500 2371/2499
f 2371/2499 2400/2500 2372/2503
f 2371/2499 2372/2503 2278/2502
f 2374/2504 2401/2507 2375/2506
f 2374/2504 2375/2506 2285/2505
f 2397/2469 2401/2470 2374/2509
f 2397/2469 2374/2509 2376/2508
f 2355/2468 2397/2469 2402/2511
f 2355/2468 2402/2511 2377/2510
f 2377/2512 2402/2515 2378/2514
f 2377/2512 2378/2514 2282/2513
f 2397/2469 2376/2508 2378/2516
f 2397/2469 2378/2516 2402/2511
f 2275/2517 2381/2520 2403/2519
f 2275/2517 2403/2519 2379/2518
f 2379/2518 2403/2519 2380/2522
f 2379/2518 2380/2522 2276/2521
f 2398/2472 2358/2473 2380/2524
f 2398/2472 2380/2524 2403/2523
f 2381/2525 2357/2476 2398/2472
f 2381/2525 2398/2472 2403/2523
f 2383/2526 2274/2529 2273/2528
f 2383/2526 2273/2528 2382/2527
f 2274/2529 2269/2492 2270/2493
f 2274/2529 2270/2493 2273/2528
f 2268/2454 2275/2517 2379/2518
f 2268/2454 2379/2518 2347/2453
f 2347/2453 2379/2518 2276/2521
f 2347/2453 2276/2521 2267/2452
f 2378/2514 2344/2444 2283/2445
f 2378/2514 2283/2445 2282/2513
f 2376/2508 2354/2440 2344/2441
f 2376/2508 2344/2441 2378/2516
f 2376/2508 2374/2509 2350/2467
f 2376/2508 2350/2467 2354/2440
f 2350/2460 2374/2504 2285/2505
f 2350/2460 2285/2505 2284/2459
f 2266/2466 2277/2498 2371/2499
f 2266/2466 2371/2499 2352/2464
f 2352/2464 2371/2499 2278/2502
f 2352/2464 2278/2502 2265/2463
f 2280/2497 2263/2485 2264/2486
f 2280/2497 2264/2486 2279/2496
f 2404/2530 2409/2531 2375/2471
f 2404/2530 2375/2471 2355/2468
f 2373/2474 2409/2531 2404/2530
f 2373/2474 2404/2530 2358/2473
f 2276/2521 2380/2522 2405/2533
f 2276/2521 2405/2533 2384/2532
f 2384/2532 2405/2533 2377/2512
f 2384/2532 2377/2512 2282/2513
f 2404/2530 2355/2468 2377/2510
f 2404/2530 2377/2510 2405/2534
f 2358/2473 2404/2530 2405/2534
f 2358/2473 2405/2534 2380/2524
f 2276/2521 2384/2532 2385/2535
f 2276/2521 2385/2535 2267/2452
f 2385/2535 2384/2532 2282/2513
f 2385/2535 2282/2513 2283/2445
f 2345/2446 2356/2447 2407/2537
f 2345/2446 2407/2537 2406/2536
f 2345/2446 2406/2536 2385/2535
f 2345/2446 2385/2535 2283/2445
f 2406/2536 2346/2449 2267/2452
f 2406/2536 2267/2452 2385/2535
f 2406/2536 2407/2537 2359/2448
f 2406/2536 2359/2448 2346/2449
f 2407/2537 2408/2538 2353/2465
f 2407/2537 2353/2465 2359/2448
f 2356/2447 2349/2458 2408/2538
f 2356/2447 2408/2538 2407/2537
f 2284/2459 2386/2539 2408/2538
f 2284/2459 2408/2538 2349/2458
f 2386/2539 2266/2466 2353/2465
f 2386/2539 2353/2465 2408/2538
f 2387/2540 2386/2539 2284/2459
f 2387/2540 2284/2459 2285/2505
f 2387/2540 2277/2498 2266/2466
f 2387/2540 2266/2466 2386/2539
f 2375/2506 2409/2541 2387/2540
f 2375/2506 2387/2540 2285/2505
f 2409/2541 2373/2501 2277/2498
f 2409/2541 2277/2498 2387/2540
f 2410/2542 2411/2545 2391/2544
f 2410/2542 2391/2544 2390/2543
f 2388/2546 2302/2547 2411/2545
f 2388/2546 2411/2545 2410/2542
f 2410/2548 2389/2551 2294/2550
f 2410/2548 2294/2550 2388/2549
f 2390/2552 2295/2553 2389/2551
f 2390/2552 2389/2551 2410/2548
f 2411/2545 2412/2555 2303/2554
f 2411/2545 2303/2554 2391/2544
f 2302/2547 2305/2556 2412/2555
f 2302/2547 2412/2555 2411/2545
f 2412/2557 2304/2560 2290/2559
f 2412/2557 2290/2559 2303/2558
f 2305/2561 2291/2562 2304/2560
f 2305/2561 2304/2560 2412/2557
f 2413/2563 2414/2566 2308/2565
f 2413/2563 2308/2565 2307/2564
f 2306/2567 2310/2568 2414/2566
f 2306/2567 2414/2566 2413/2563
f 2413/2563 2415/2570 2311/2569
f 2413/2563 2311/2569 2306/2567
f 2307/2564 2313/2571 2415/2570
f 2307/2564 2415/2570 2413/2563
f 2414/2572 2309/2575 2286/2574
f 2414/2572 2286/2574 2308/2573
f 2310/2576 2287/2577 2309/2575
f 2310/2576 2309/2575 2414/2572
f 2415/2578 2312/2581 2298/2580
f 2415/2578 2298/2580 2311/2579
f 2313/2582 2299/2583 2312/2581
f 2313/2582 2312/2581 2415/2578
f 2287/2577 2297/2585 2314/2584
f 2287/2577 2314/2584 2309/2575
f 2309/2575 2314/2584 2296/2586
f 2309/2575 2296/2586 2286/2574
f 2416/2587 2417/2590 2317/2589
f 2416/2587 2317/2589 2316/2588
f 2315/2591 2319/2592 2417/2590
f 2315/2591 2417/2590 2416/2587
f 2416/2587 2421/2594 2327/2593
f 2416/2587 2327/2593 2315/2591
f 2316/2588 2329/2595 2421/2594
f 2316/2588 2421/2594 2416/2587
f 2417/2590 2318/2597 2288/2596
f 2417/2590 2288/2596 2317/2589
f 2319/2592 2289/2598 2318/2597
f 2319/2592 2318/2597 2417/2590
f 2289/2598 2294/2550 2389/2551
f 2289/2598 2389/2551 2318/2597
f 2318/2597 2389/2551 2295/2553
f 2318/2597 2295/2553 2288/2596
f 2418/2599 2419/2602 2322/2601
f 2418/2599 2322/2601 2321/2600
f 2320/2603 2323/2604 2419/2602
f 2320/2603 2419/2602 2418/2599
f 2418/2599 2314/2584 2297/2585
f 2418/2599 2297/2585 2320/2603
f 2321/2600 2296/2586 2314/2584
f 2321/2600 2314/2584 2418/2599
f 2419/2602 2420/2606 2324/2605
f 2419/2602 2324/2605 2322/2601
f 2323/2604 2326/2607 2420/2606
f 2323/2604 2420/2606 2419/2602
f 2420/2606 2325/2609 2292/2608
f 2420/2606 2292/2608 2324/2605
f 2326/2607 2293/2610 2325/2609
f 2326/2607 2325/2609 2420/2606
f 2421/2594 2328/2612 2301/2611
f 2421/2594 2301/2611 2327/2593
f 2329/2595 2300/2613 2328/2612
f 2329/2595 2328/2612 2421/2594
f 2291/2562 2301/2611 2328/2612
f 2291/2562 2328/2612 2304/2560
f 2304/2560 2328/2612 2300/2613
f 2304/2560 2300/2613 2290/2559
f 2293/2610 2298/2580 2312/2581
f 2293/2610 2312/2581 2325/2609
f 2325/2609 2312/2581 2299/2583
f 2325/2609 2299/2583 2292/2608
f 2360/2456 2427/2615 2422/2614
f 2360/2456 2422/2614 2348/2455
f 2348/2455 2422/2614 2330/2616
f 2348/2455 2330/2616 2268/2454
f 2422/2614 2324/2605 2292/2608
f 2422/2614 2292/2608 2330/2616
f 2422/2614 2427/2615 2322/2601
f 2422/2614 2322/2601 2324/2605
f 2316/2588 2429/2618 2423/2617
f 2316/2588 2423/2617 2329/2595
f 2329/2595 2423/2617 2331/2619
f 2329/2595 2331/2619 2300/2613
f 2423/2617 2332/2621 2271/2620
f 2423/2617 2271/2620 2331/2619
f 2423/2617 2429/2618 2337/2622
f 2423/2617 2337/2622 2332/2621
f 2424/2623 2427/2615 2360/2456
f 2424/2623 2360/2456 2351/2462
f 2322/2601 2427/2615 2424/2623
f 2322/2601 2424/2623 2321/2600
f 2424/2623 2333/2624 2296/2586
f 2424/2623 2296/2586 2321/2600
f 2351/2462 2265/2463 2333/2624
f 2351/2462 2333/2624 2424/2623
f 2425/2625 2429/2618 2316/2588
f 2425/2625 2316/2588 2317/2589
f 2337/2622 2429/2618 2425/2625
f 2337/2622 2425/2625 2334/2626
f 2425/2625 2335/2628 2262/2627
f 2425/2625 2262/2627 2334/2626
f 2317/2589 2288/2596 2335/2628
f 2317/2589 2335/2628 2425/2625
f 2426/2629 2431/2630 2372/2477
f 2426/2629 2372/2477 2357/2476
f 2308/2565 2431/2630 2426/2629
f 2308/2565 2426/2629 2307/2564
f 2426/2629 2432/2631 2313/2571
f 2426/2629 2313/2571 2307/2564
f 2381/2525 2432/2631 2426/2629
f 2381/2525 2426/2629 2357/2476
f 2428/2632 2430/2633 2390/2543
f 2428/2632 2390/2543 2391/2544
f 2339/2634 2430/2633 2428/2632
f 2339/2634 2428/2632 2336/2635
f 2428/2632 2433/2637 2343/2636
f 2428/2632 2343/2636 2336/2635
f 2303/2554 2433/2637 2428/2632
f 2303/2554 2428/2632 2391/2544
f 2388/2546 2370/2481 2361/2478
f 2388/2546 2361/2478 2302/2547
f 2382/2482 2305/2556 2302/2547
f 2382/2482 2302/2547 2361/2478
f 2311/2569 2383/2483 2362/2479
f 2311/2569 2362/2479 2306/2567
f 2369/2480 2310/2568 2306/2567
f 2369/2480 2306/2567 2362/2479
f 2297/2585 2264/2486 2363/2487
f 2297/2585 2363/2487 2320/2603
f 2365/2488 2323/2604 2320/2603
f 2365/2488 2320/2603 2363/2487
f 2315/2591 2366/2489 2364/2484
f 2315/2591 2364/2484 2319/2592
f 2319/2592 2364/2484 2263/2485
f 2319/2592 2263/2485 2289/2598
f 2368/2490 2326/2607 2323/2604
f 2368/2490 2323/2604 2365/2488
f 2327/2593 2367/2491 2366/2489
f 2327/2593 2366/2489 2315/2591
f 2367/2491 2327/2593 2301/2611
f 2367/2491 2301/2611 2270/2493
f 2326/2607 2368/2490 2269/2492
f 2326/2607 2269/2492 2293/2610
f 2295/2553 2390/2552 2430/2639
f 2295/2553 2430/2639 2338/2638
f 2338/2638 2430/2639 2339/2641
f 2338/2638 2339/2641 2281/2640
f 2370/2494 2388/2549 2294/2550
f 2370/2494 2294/2550 2280/2497
f 2369/2495 2279/2496 2287/2577
f 2369/2495 2287/2577 2310/2576
f 2278/2502 2372/2503 2431/2643
f 2278/2502 2431/2643 2340/2642
f 2340/2642 2431/2643 2308/2573
f 2340/2642 2308/2573 2286/2574
f 2299/2583 2313/2582 2432/2645
f 2299/2583 2432/2645 2341/2644
f 2341/2644 2432/2645 2381/2520
f 2341/2644 2381/2520 2275/2517
f 2298/2580 2274/2529 2383/2526
f 2298/2580 2383/2526 2311/2579
f 2305/2561 2382/2527 2273/2528
f 2305/2561 2273/2528 2291/2562
f 2272/2646 2343/2649 2433/2648
f 2272/2646 2433/2648 2342/2647
f 2342/2647 2433/2648 2303/2558
f 2342/2647 2303/2558 2290/2559
f 2272/2646 2342/2647 2331/2619
f 2272/2646 2331/2619 2271/2620
f 2331/2619 2342/2647 2290/2559
f 2331/2619 2290/2559 2300/2613
f 2270/2493 2301/2611 2291/2562
f 2270/2493 2291/2562 2273/2528
f 2293/2610 2269/2492 2274/2529
f 2293/2610 2274/2529 2298/2580
f 2299/2583 2341/2644 2330/2616
f 2299/2583 2330/2616 2292/2608
f 2330/2616 2341/2644 2275/2517
f 2330/2616 2275/2517 2268/2454
f 2278/2502 2340/2642 2333/2624
f 2278/2502 2333/2624 2265/2463
f 2333/2624 2340/2642 2286/2574
f 2333/2624 2286/2574 2296/2586
f 2287/2577 2279/2496 2264/2486
f 2287/2577 2264/2486 2297/2585
f 2280/2497 2294/2550 2289/2598
f 2280/2497 2289/2598 2263/2485
f 2295/2553 2338/2638 2335/2628
f 2295/2553 2335/2628 2288/2596
f 2335/2628 2338/2638 2281/2640
f 2335/2628 2281/2640 2262/2627
f 2435/2650 2108/2073 1932/2075
f 2435/2650 1932/2075 2434/2651
f 1930/2067 2108/2073 2435/2650
f 1930/2067 2435/2650 2436/2652
f 2437/2653 2107/2070 1930/2067
f 2437/2653 1930/2067 2436/2652
f 1928/2063 2107/2070 2437/2653
f 1928/2063 2437/2653 2438/2654
f 2439/2655 2102/2061 1928/2063
f 2439/2655 1928/2063 2438/2654
f 1925/2056 2102/2061 2439/2655
f 1925/2056 2439/2655 2440/2656
f 2441/2657 2098/2053 1925/2056
f 2441/2657 1925/2056 2440/2656
f 2442/2658 1924/2052 2098/2053
f 2442/2658 2098/2053 2441/2657
f 2443/2659 2101/2055 1924/2052
f 2443/2659 1924/2052 2442/2658
f 2444/2660 1927/2060 2101/2055
f 2444/2660 2101/2055 2443/2659
f 2445/2661 2004/2347 1927/2060
f 2445/2661 1927/2060 2444/2660
f 2446/2662 1965/2349 2004/2347
f 2446/2662 2004/2347 2445/2661
f 2447/2663 2071/2246 1965/2349
f 2447/2663 1965/2349 2446/2662
f 2448/2664 2146/2243 2071/2246
f 2448/2664 2071/2246 2447/2663
f 2072/2242 2146/2243 2448/2664
f 2072/2242 2448/2664 2449/2665
f 2072/2242 2449/2665 2450/2666
f 2072/2242 2450/2666 1964/2291
f 2451/2667 1974/2288 1964/2291
f 2451/2667 1964/2291 2450/2666
f 2452/2668 1919/2287 1974/2288
f 2452/2668 1974/2288 2451/2667
f 2453/2669 1995/2329 1919/2287
f 2453/2669 1919/2287 2452/2668
f 2454/2670 1959/2331 1995/2329
f 2454/2670 1995/2329 2453/2669
f 2455/2671 2045/2234 1959/2331
f 2455/2671 1959/2331 2454/2670
f 2456/2672 2138/2231 2045/2234
f 2456/2672 2045/2234 2455/2671
f 2048/2230 2138/2231 2456/2672
f 2048/2230 2456/2672 2457/2673
f 2048/2230 2457/2673 2458/2674
f 2048/2230 2458/2674 1958/2277
f 2459/2675 2160/2275 1958/2277
f 2459/2675 1958/2277 2458/2674
f 1911/2046 2160/2275 2459/2675
f 1911/2046 2459/2675 2460/2676
f 2461/2677 2097/2049 1911/2046
f 2461/2677 1911/2046 2460/2676
f 1918/2051 2097/2049 2461/2677
f 1918/2051 2461/2677 2462/2678
f 2463/2679 2096/2050 1918/2051
f 2463/2679 1918/2051 2462/2678
f 1917/2045 2096/2050 2463/2679
f 1917/2045 2463/2679 2464/2680
f 2465/2681 2093/2044 1917/2045
f 2465/2681 1917/2045 2464/2680
f 1916/2039 2093/2044 2465/2681
f 1916/2039 2465/2681 2466/2682
f 2467/2683 2090/2038 1916/2039
f 2467/2683 1916/2039 2466/2682
f 1915/2033 2090/2038 2467/2683
f 1915/2033 2467/2683 2468/2684
f 2469/2685 2087/2032 1915/2033
f 2469/2685 1915/2033 2468/2684
f 1914/2031 2087/2032 2469/2685
f 1914/2031 2469/2685 2470/2686
o Aleta_pierna
v -0.02972 -0.33989 0.00123
v -0.09333 -0.41573 0.00553
v -0.04655 -0.32349 -0.01780
v -0.11642 -0.42124 0.00156
v -0.04465 -0.36599 0.00122
v -0.06552 -0.35143 -0.01780
v -0.09148 -0.38770 -0.01544
v -0.06874 -0.39477 0.00156
v -0.15171 -0.43422 0.00122
v -0.13992 -0.37794 -0.01780
v -0.11999 -0.32924 -0.02050
v -0.09144 -0.27729 -0.02050
v -0.13207 -0.23166 -0.02050
v -0.17245 -0.31125 -0.02050
v -0.19780 -0.39277 -0.01780
v -0.20146 -0.47573 0.00122
v -0.29922 -0.51319 0.00253
v -0.30214 -0.41231 -0.01024
v -0.26593 -0.27266 -0.01227
v -0.19016 -0.13257 -0.01227
v -0.26788 -0.52572 0.00122
v -0.26816 -0.40844 -0.01780
v -0.23612 -0.28508 -0.02050
v -0.17448 -0.16654 -0.02050
v -0.04655 -0.32349 0.04267
v -0.06552 -0.35143 0.04267
v -0.04465 -0.36599 0.02365
v -0.02972 -0.33989 0.02365
v -0.09148 -0.38770 0.04031
v -0.11642 -0.42124 0.02331
v -0.06874 -0.39477 0.02331
v -0.09333 -0.41573 0.01934
v -0.15172 -0.43423 0.02365
v -0.13992 -0.37794 0.04267
v -0.11999 -0.32924 0.04537
v -0.09144 -0.27729 0.04537
v -0.19780 -0.39277 0.04267
v -0.20146 -0.47573 0.02365
v -0.17245 -0.31125 0.04537
v -0.13207 -0.23166 0.04537
v -0.26788 -0.52572 0.02365
v -0.26816 -0.40844 0.04267
v -0.23612 -0.28508 0.04537
v -0.17448 -0.16654 0.04537
v -0.29922 -0.51319 0.02234
v -0.30214 -0.41231 0.03511
v -0.26593 -0.27266 0.03714
v -0.19016 -0.13257 0.03714
v -0.12576 -0.40271 0.00148
v -0.13162 -0.40396 0.00148
v -0.11104 -0.37459 -0.01711
v -0.11853 -0.37219 -0.01711
v -0.07830 -0.29308 -0.01975
v -0.07118 -0.30042 -0.01975
v -0.09371 -0.34032 -0.01975
v -0.10213 -0.33640 -0.01975
v -0.17079 -0.43504 0.00148
v -0.17865 -0.44067 0.00148
v -0.16352 -0.38282 -0.01711
v -0.17244 -0.38422 -0.01711
v -0.14086 -0.32389 -0.01975
v -0.14895 -0.32062 -0.01975
v -0.11351 -0.25345 -0.01975
v -0.10713 -0.26062 -0.01975
v -0.22685 -0.39876 -0.01711
v -0.23741 -0.40054 -0.01711
v -0.22856 -0.49035 0.00148
v -0.23847 -0.49792 0.00148
v -0.19933 -0.30064 -0.01975
v -0.20888 -0.29636 -0.01975
v -0.16062 -0.19801 -0.01975
v -0.15414 -0.20792 -0.01975
v -0.07118 -0.30042 0.04462
v -0.07830 -0.29308 0.04462
v -0.09371 -0.34032 0.04462
v -0.10213 -0.33640 0.04462
v -0.12576 -0.40271 0.02339
v -0.13165 -0.40403 0.02339
v -0.11104 -0.37459 0.04198
v -0.11854 -0.37221 0.04198
v -0.17079 -0.43504 0.02339
v -0.17865 -0.44067 0.02339
v -0.16352 -0.38282 0.04198
v -0.17244 -0.38422 0.04198
v -0.14086 -0.32389 0.04462
v -0.14895 -0.32062 0.04462
v -0.10713 -0.26062 0.04462
v -0.11351 -0.25345 0.04462
v -0.22856 -0.49035 0.02339
v -0.23847 -0.49792 0.02339
v -0.22685 -0.39876 0.04198
v -0.23741 -0.40054 0.04198
v -0.19933 -0.30064 0.04462
v -0.20888 -0.29636 0.04462
v -0.15414 -0.20792 0.04462
v -0.16062 -0.19801 0.04462
v -0.21645 -0.48605 0.02365
v -0.18775 -0.35090 0.04537
v -0.21622 -0.34884 0.04462
v -0.18750 -0.30527 0.04537
v -0.17787 -0.25391 0.04462
v -0.14419 -0.21809 0.04537
v -0.15324 -0.27149 0.04537
v -0.12101 -0.24405 0.04537
v -0.13202 -0.28736 0.04462
v -0.15872 -0.31669 0.04537
v -0.18298 -0.38814 0.04267
v -0.16275 -0.35261 0.04462
v -0.17707 -0.41636 0.03407
v -0.18799 -0.45769 0.02365
v -0.23982 -0.45572 0.03407
v -0.25047 -0.51259 0.02365
v -0.25029 -0.40431 0.04267
v -0.22030 -0.29160 0.04537
v -0.22655 -0.34752 0.04462
v -0.18604 -0.24679 0.04462
v -0.16618 -0.18451 0.04537
v -0.08288 -0.32082 -0.01975
v -0.08098 -0.34475 -0.02050
v -0.05977 -0.31061 -0.02050
v -0.11942 -0.39075 -0.00920
v -0.12299 -0.41292 0.00122
v -0.10294 -0.38077 -0.01780
v -0.10278 -0.35801 -0.01975
v -0.12752 -0.37476 -0.01780
v -0.14704 -0.40888 -0.00971
v -0.14038 -0.41971 0.00122
v -0.12602 -0.39020 -0.00920
v -0.11096 -0.35479 -0.01975
v -0.10951 -0.33315 -0.02050
v -0.13104 -0.35268 -0.02050
v -0.09083 -0.31540 -0.01975
v -0.08356 -0.28617 -0.02050
v -0.10636 -0.30377 -0.02050
v -0.15320 -0.38083 -0.01780
v -0.16861 -0.41255 -0.00920
v -0.16260 -0.43745 0.00122
v -0.13164 -0.32600 -0.02050
v -0.15403 -0.35361 -0.01975
v -0.12473 -0.29264 -0.01975
v -0.10002 -0.26762 -0.02050
v -0.21645 -0.48605 0.00122
v -0.20130 -0.43920 -0.00971
v -0.21407 -0.39644 -0.01780
v -0.22953 -0.45067 -0.00920
v -0.18750 -0.30527 -0.02050
v -0.21622 -0.34884 -0.01975
v -0.18775 -0.35090 -0.02050
v -0.15324 -0.27149 -0.02050
v -0.14419 -0.21809 -0.02050
v -0.17787 -0.25391 -0.01975
v -0.15872 -0.31669 -0.02050
v -0.13202 -0.28736 -0.01975
v -0.12101 -0.24405 -0.02050
v -0.16275 -0.35261 -0.01975
v -0.18298 -0.38814 -0.01780
v -0.18799 -0.45769 0.00122
v -0.17707 -0.41636 -0.00920
v -0.25029 -0.40431 -0.01780
v -0.25047 -0.51259 0.00122
v -0.23982 -0.45572 -0.00920
v -0.22655 -0.34752 -0.01975
v -0.22030 -0.29160 -0.02050
v -0.16618 -0.18451 -0.02050
v -0.18604 -0.24679 -0.01975
v -0.12787 -0.40670 0.01244
v -0.15327 -0.44267 0.01244
v -0.13350 -0.40858 0.01244
v -0.17151 -0.44254 0.01244
v -0.22823 -0.50357 0.01244
v -0.20151 -0.48790 0.01244
v -0.17917 -0.44877 0.01244
v -0.23802 -0.51198 0.01244
v -0.12849 -0.39710 0.02262
v -0.12845 -0.39702 0.00226
v -0.12643 -0.39763 0.00226
v -0.12643 -0.39762 0.02262
v -0.11371 -0.37229 -0.01503
v -0.11550 -0.37109 -0.01503
v -0.09808 -0.33903 -0.01748
v -0.09980 -0.33767 -0.01748
v -0.07757 -0.29688 -0.01748
v -0.07601 -0.29852 -0.01748
v -0.09808 -0.33903 0.04235
v -0.07601 -0.29852 0.04235
v -0.07757 -0.29688 0.04235
v -0.09980 -0.33767 0.04235
v -0.11371 -0.37229 0.03990
v -0.11551 -0.37111 0.03990
v -0.17604 -0.43340 0.02262
v -0.17604 -0.43340 0.00226
v -0.17402 -0.43264 0.00226
v -0.17402 -0.43264 0.02262
v -0.16703 -0.38325 -0.01503
v -0.16900 -0.38268 -0.01503
v -0.14407 -0.32337 -0.01748
v -0.14583 -0.32211 -0.01748
v -0.11056 -0.25973 -0.01748
v -0.11208 -0.25803 -0.01748
v -0.16900 -0.38268 0.03990
v -0.16703 -0.38325 0.03990
v -0.14583 -0.32211 0.04235
v -0.14407 -0.32337 0.04235
v -0.11208 -0.25803 0.04235
v -0.11056 -0.25973 0.04235
v -0.23522 -0.49159 0.00226
v -0.23322 -0.39908 -0.01503
v -0.23122 -0.39933 -0.01503
v -0.23334 -0.49034 0.00226
v -0.20342 -0.29925 -0.01748
v -0.20523 -0.29811 -0.01748
v -0.23522 -0.49159 0.02262
v -0.23334 -0.49034 0.02262
v -0.15869 -0.20576 -0.01748
v -0.16000 -0.20374 -0.01748
v -0.23322 -0.39908 0.03990
v -0.23122 -0.39933 0.03990
v -0.20523 -0.29811 0.04235
v -0.20342 -0.29925 0.04235
v -0.16000 -0.20374 0.04235
v -0.15869 -0.20576 0.04235
v -0.05297 -0.35946 0.03458
v -0.05547 -0.33678 0.04267
v -0.03630 -0.33348 0.03458
v -0.03646 -0.35266 0.02365
v -0.10563 -0.40682 0.03323
v -0.07876 -0.39225 0.03323
v -0.08252 -0.40770 0.02230
v -0.10431 -0.42066 0.02230
v -0.07782 -0.36882 0.04267
v -0.05576 -0.38045 0.02365
v -0.27006 -0.47471 0.03458
v -0.28735 -0.52742 0.02365
v -0.30465 -0.47723 0.02904
v -0.28730 -0.41099 0.04267
v -0.28945 -0.34336 0.03714
v -0.25293 -0.27808 0.04537
v -0.25661 -0.34563 0.04537
v -0.20736 -0.22555 0.04537
v -0.23092 -0.20248 0.03714
v -0.18332 -0.14738 0.04537
v -0.03646 -0.35266 0.00122
v -0.03630 -0.33348 -0.00971
v -0.05547 -0.33678 -0.01780
v -0.05297 -0.35946 -0.00971
v -0.10431 -0.42066 0.00257
v -0.08252 -0.40770 0.00257
v -0.07876 -0.39225 -0.00836
v -0.10563 -0.40682 -0.00836
v -0.05576 -0.38045 0.00122
v -0.07782 -0.36882 -0.01780
v -0.28730 -0.41099 -0.01780
v -0.30465 -0.47723 -0.00417
v -0.28735 -0.52742 0.00122
v -0.27006 -0.47471 -0.00971
v -0.25661 -0.34563 -0.02050
v -0.25293 -0.27808 -0.02050
v -0.28945 -0.34336 -0.01227
v -0.18332 -0.14738 -0.02050
v -0.23092 -0.20248 -0.01227
v -0.20736 -0.22555 -0.02050
v -0.04188 -0.36817 0.01244
v -0.02753 -0.34203 0.01244
v -0.09321 -0.41720 0.01244
v -0.06540 -0.39561 0.01244
v -0.12002 -0.42605 0.01244
v -0.30270 -0.52471 0.01244
v -0.26715 -0.54272 0.01244
v -0.30708 -0.41275 0.01244
v -0.27026 -0.27085 0.01244
v -0.19244 -0.12763 0.01244
v -0.12707 -0.39480 0.00329
v -0.12709 -0.39483 0.02159
v -0.11455 -0.37133 -0.01225
v -0.09913 -0.33863 -0.01445
v -0.07833 -0.29994 -0.01445
v -0.17578 -0.43062 0.00329
v -0.17578 -0.43062 0.02159
v -0.16812 -0.38262 -0.01225
v -0.14515 -0.32301 -0.01445
v -0.11292 -0.26105 -0.01445
v -0.23238 -0.39890 -0.01225
v -0.23541 -0.48881 0.00329
v -0.20456 -0.29891 -0.01445
v -0.23541 -0.48881 0.02159
v -0.16120 -0.20659 -0.01445
v -0.07833 -0.29994 0.03932
v -0.09913 -0.33863 0.03932
v -0.11456 -0.37134 0.03712
v -0.16812 -0.38262 0.03712
v -0.14515 -0.32301 0.03932
v -0.11292 -0.26105 0.03932
v -0.23238 -0.39890 0.03712
v -0.20456 -0.29891 0.03932
v -0.16120 -0.20659 0.03932
v -0.05977 -0.31061 0.04537
v -0.08098 -0.34475 0.04537
v -0.08288 -0.32082 0.04462
v -0.10294 -0.38077 0.04267
v -0.12299 -0.41292 0.02365
v -0.11942 -0.39075 0.03407
v -0.10278 -0.35801 0.04462
v -0.12605 -0.39026 0.03407
v -0.14040 -0.41975 0.02365
v -0.14704 -0.40889 0.03458
v -0.12752 -0.37478 0.04267
v -0.13104 -0.35268 0.04537
v -0.10951 -0.33315 0.04537
v -0.11097 -0.35480 0.04462
v -0.10636 -0.30377 0.04537
v -0.08356 -0.28617 0.04537
v -0.09083 -0.31540 0.04462
v -0.16260 -0.43745 0.02365
v -0.16861 -0.41255 0.03407
v -0.15320 -0.38083 0.04267
v -0.15403 -0.35361 0.04462
v -0.13164 -0.32600 0.04537
v -0.10002 -0.26762 0.04537
v -0.12473 -0.29264 0.04462
v -0.22953 -0.45067 0.03407
v -0.21407 -0.39644 0.04267
v -0.20130 -0.43920 0.03458
v -0.04390 -0.34588 0.03458
v -0.09322 -0.40859 0.02918
v -0.06497 -0.37540 0.03458
v -0.28947 -0.47754 0.03458
v -0.27514 -0.34436 0.04537
v -0.22065 -0.21254 0.04537
v -0.04390 -0.34588 -0.00971
v -0.09322 -0.40859 -0.00431
v -0.06497 -0.37540 -0.00971
v -0.28947 -0.47754 -0.00971
v -0.27514 -0.34436 -0.02050
v -0.22065 -0.21254 -0.02050
v -0.03398 -0.35492 0.01244
v -0.07895 -0.40741 0.01244
v -0.10801 -0.42468 0.01244
v -0.05270 -0.38214 0.01244
v -0.28664 -0.54405 0.01244
v -0.30971 -0.47713 0.01244
v -0.29422 -0.34302 0.01244
v -0.23434 -0.19913 0.01244
v -0.12887 -0.39804 0.01244
v -0.12172 -0.38510 -0.00564
v -0.10731 -0.35584 -0.01445
v -0.08918 -0.31971 -0.01445
v -0.17656 -0.43737 0.01244
v -0.17345 -0.41038 -0.00564
v -0.15833 -0.35333 -0.01445
v -0.12962 -0.29216 -0.01445
v -0.23575 -0.45016 -0.00564
v -0.22136 -0.34816 -0.01445
v -0.23530 -0.50169 0.01244
v -0.18386 -0.25213 -0.01445
v -0.08918 -0.31971 0.03932
v -0.10731 -0.35584 0.03932
v -0.12174 -0.38513 0.03051
v -0.17345 -0.41038 0.03051
v -0.15833 -0.35333 0.03932
v -0.12962 -0.29216 0.03932
v -0.23575 -0.45016 0.03051
v -0.22136 -0.34816 0.03932
v -0.18386 -0.25213 0.03932
v -0.07032 -0.32753 0.04537
v -0.11434 -0.39911 0.03458
v -0.09184 -0.36258 0.04537
v -0.13503 -0.39968 0.03458
v -0.11932 -0.35363 0.04537
v -0.09716 -0.31026 0.04537
v -0.15926 -0.41240 0.03458
v -0.14393 -0.35295 0.04537
v -0.11653 -0.29726 0.04537
v -0.21702 -0.44685 0.03458
v -0.20372 -0.34975 0.04537
v -0.16693 -0.26150 0.04537
v -0.14074 -0.28059 0.04537
v -0.17316 -0.35191 0.04537
v -0.18707 -0.42726 0.03458
v -0.25233 -0.46542 0.03458
v -0.23919 -0.34674 0.04537
v -0.19487 -0.23773 0.04537
v -0.07032 -0.32753 -0.02050
v -0.11434 -0.39911 -0.00971
v -0.09184 -0.36258 -0.02050
v -0.13501 -0.39964 -0.00971
v -0.11932 -0.35363 -0.02050
v -0.09716 -0.31026 -0.02050
v -0.15926 -0.41240 -0.00971
v -0.14393 -0.35295 -0.02050
v -0.11653 -0.29726 -0.02050
v -0.21702 -0.44685 -0.00971
v -0.20372 -0.34975 -0.02050
v -0.16693 -0.26150 -0.02050
v -0.14074 -0.28059 -0.02050
v -0.17316 -0.35191 -0.02050
v -0.18707 -0.42726 -0.00971
v -0.25233 -0.46542 -0.00971
v -0.23919 -0.34674 -0.02050
v -0.19487 -0.23773 -0.02050
v -0.12588 -0.41753 0.01244
v -0.14218 -0.42642 0.01244
v -0.16372 -0.44580 0.01244
v -0.21626 -0.49911 0.01244
v -0.18829 -0.46783 0.01244
v -0.24985 -0.52831 0.01244
v -0.13033 -0.40071 0.01244
v -0.12825 -0.40117 0.01244
v -0.12098 -0.38700 -0.00767
v -0.12288 -0.38609 -0.00767
v -0.10643 -0.35649 -0.01748
v -0.10818 -0.35518 -0.01748
v -0.08923 -0.31785 -0.01748
v -0.08758 -0.31933 -0.01748
v -0.08758 -0.31933 0.04235
v -0.08923 -0.31785 0.04235
v -0.10643 -0.35649 0.04235
v -0.10818 -0.35519 0.04235
v -0.12292 -0.38616 0.03254
v -0.12098 -0.38700 0.03254
v -0.17671 -0.44059 0.01244
v -0.17469 -0.43962 0.01244
v -0.17202 -0.41168 -0.00767
v -0.17403 -0.41181 -0.00767
v -0.15739 -0.35383 -0.01748
v -0.15927 -0.35284 -0.01748
v -0.12800 -0.29182 -0.01748
v -0.12964 -0.29034 -0.01748
v -0.17403 -0.41181 0.03254
v -0.17202 -0.41168 0.03254
v -0.15927 -0.35284 0.04235
v -0.15739 -0.35383 0.04235
v -0.12964 -0.29033 0.04235
v -0.12800 -0.29182 0.04235
v -0.23608 -0.45167 -0.00767
v -0.23413 -0.45113 -0.00767
v -0.22038 -0.34853 -0.01748
v -0.22233 -0.34778 -0.01748
v -0.23493 -0.50490 0.01244
v -0.23308 -0.50342 0.01244
v -0.18214 -0.25200 -0.01748
v -0.18372 -0.25043 -0.01748
v -0.23608 -0.45167 0.03254
v -0.23413 -0.45113 0.03254
v -0.22233 -0.34778 0.04235
v -0.22038 -0.34853 0.04235
v -0.18372 -0.25043 0.04235
v -0.18214 -0.25200 0.04235
v 0.02339 -0.33989 0.00123
v 0.08700 -0.41573 0.00553
v 0.04023 -0.32349 -0.01780
v 0.11009 -0.42124 0.00156
v 0.03832 -0.36599 0.00122
v 0.05919 -0.35143 -0.01780
v 0.08515 -0.38770 -0.01544
v 0.06241 -0.39477 0.00156
v 0.14539 -0.43422 0.00122
v 0.13359 -0.37794 -0.01780
v 0.11366 -0.32924 -0.02050
v 0.08511 -0.27729 -0.02050
v 0.12575 -0.23166 -0.02050
v 0.16612 -0.31125 -0.02050
v 0.19147 -0.39277 -0.01780
v 0.19513 -0.47573 0.00122
v 0.29289 -0.51319 0.00253
v 0.29581 -0.41231 -0.01024
v 0.25960 -0.27266 -0.01227
v 0.18383 -0.13257 -0.01227
v 0.26155 -0.52572 0.00122
v 0.26183 -0.40844 -0.01780
v 0.22979 -0.28508 -0.02050
v 0.16815 -0.16654 -0.02050
v 0.04023 -0.32349 0.04267
v 0.05919 -0.35143 0.04267
v 0.03832 -0.36599 0.02365
v 0.02339 -0.33989 0.02365
v 0.08515 -0.38770 0.04031
v 0.11009 -0.42124 0.02331
v 0.06241 -0.39477 0.02331
v 0.08700 -0.41573 0.01934
v 0.14539 -0.43423 0.02365
v 0.13359 -0.37794 0.04267
v 0.11366 -0.32924 0.04537
v 0.08511 -0.27729 0.04537
v 0.19147 -0.39277 0.04267
v 0.19513 -0.47573 0.02365
v 0.16612 -0.31125 0.04537
v 0.12575 -0.23166 0.04537
v 0.26155 -0.52572 0.02365
v 0.26183 -0.40844 0.04267
v 0.22979 -0.28508 0.04537
v 0.16815 -0.16654 0.04537
v 0.29289 -0.51319 0.02234
v 0.29581 -0.41231 0.03511
v 0.25960 -0.27266 0.03714
v 0.18383 -0.13257 0.03714
v 0.11943 -0.40271 0.00148
v 0.12529 -0.40396 0.00148
v 0.10472 -0.37459 -0.01711
v 0.11220 -0.37219 -0.01711
v 0.07197 -0.29308 -0.01975
v 0.06485 -0.30042 -0.01975
v 0.08738 -0.34032 -0.01975
v 0.09580 -0.33640 -0.01975
v 0.16446 -0.43504 0.00148
v 0.17232 -0.44067 0.00148
v 0.15719 -0.38282 -0.01711
v 0.16611 -0.38422 -0.01711
v 0.13453 -0.32389 -0.01975
v 0.14262 -0.32062 -0.01975
v 0.10718 -0.25345 -0.01975
v 0.10080 -0.26062 -0.01975
v 0.22052 -0.39876 -0.01711
v 0.23108 -0.40054 -0.01711
v 0.22223 -0.49035 0.00148
v 0.23214 -0.49792 0.00148
v 0.19300 -0.30064 -0.01975
v 0.20255 -0.29636 -0.01975
v 0.15429 -0.19801 -0.01975
v 0.14781 -0.20792 -0.01975
v 0.06485 -0.30042 0.04462
v 0.07197 -0.29308 0.04462
v 0.08738 -0.34032 0.04462
v 0.09580 -0.33640 0.04462
v 0.11943 -0.40271 0.02339
v 0.12532 -0.40403 0.02339
v 0.10472 -0.37459 0.04198
v 0.11221 -0.37221 0.04198
v 0.16446 -0.43504 0.02339
v 0.17232 -0.44067 0.02339
v 0.15719 -0.38282 0.04198
v 0.16611 -0.38422 0.04198
v 0.13453 -0.32389 0.04462
v 0.14262 -0.32062 0.04462
v 0.10080 -0.26062 0.04462
v 0.10718 -0.25345 0.04462
v 0.22223 -0.49035 0.02339
v 0.23214 -0.49792 0.02339
v 0.22052 -0.39876 0.04198
v 0.23108 -0.40054 0.04198
v 0.19300 -0.30064 0.04462
v 0.20255 -0.29636 0.04462
v 0.14781 -0.20792 0.04462
v 0.15429 -0.19801 0.04462
v 0.21012 -0.48605 0.02365
v 0.18142 -0.35090 0.04537
v 0.20989 -0.34884 0.04462
v 0.18117 -0.30527 0.04537
v 0.17155 -0.25391 0.04462
v 0.13786 -0.21809 0.04537
v 0.14691 -0.27149 0.04537
v 0.11468 -0.24405 0.04537
v 0.12569 -0.28736 0.04462
v 0.15239 -0.31669 0.04537
v 0.17666 -0.38814 0.04267
v 0.15642 -0.35261 0.04462
v 0.17074 -0.41636 0.03407
v 0.18166 -0.45769 0.02365
v 0.23349 -0.45572 0.03407
v 0.24414 -0.51259 0.02365
v 0.24396 -0.40431 0.04267
v 0.21397 -0.29160 0.04537
v 0.22022 -0.34752 0.04462
v 0.17971 -0.24679 0.04462
v 0.15985 -0.18451 0.04537
v 0.07656 -0.32082 -0.01975
v 0.07465 -0.34475 -0.02050
v 0.05344 -0.31061 -0.02050
v 0.11310 -0.39075 -0.00920
v 0.11666 -0.41292 0.00122
v 0.09661 -0.38077 -0.01780
v 0.09646 -0.35801 -0.01975
v 0.12119 -0.37476 -0.01780
v 0.14071 -0.40888 -0.00971
v 0.13405 -0.41971 0.00122
v 0.11969 -0.39020 -0.00920
v 0.10464 -0.35479 -0.01975
v 0.10318 -0.33315 -0.02050
v 0.12471 -0.35268 -0.02050
v 0.08450 -0.31540 -0.01975
v 0.07723 -0.28617 -0.02050
v 0.10003 -0.30377 -0.02050
v 0.14687 -0.38083 -0.01780
v 0.16229 -0.41255 -0.00920
v 0.15627 -0.43745 0.00122
v 0.12531 -0.32600 -0.02050
v 0.14770 -0.35361 -0.01975
v 0.11840 -0.29264 -0.01975
v 0.09370 -0.26762 -0.02050
v 0.21012 -0.48605 0.00122
v 0.19497 -0.43920 -0.00971
v 0.20774 -0.39644 -0.01780
v 0.22320 -0.45067 -0.00920
v 0.18117 -0.30527 -0.02050
v 0.20989 -0.34884 -0.01975
v 0.18142 -0.35090 -0.02050
v 0.14691 -0.27149 -0.02050
v 0.13786 -0.21809 -0.02050
v 0.17155 -0.25391 -0.01975
v 0.15239 -0.31669 -0.02050
v 0.12569 -0.28736 -0.01975
v 0.11468 -0.24405 -0.02050
v 0.15642 -0.35261 -0.01975
v 0.17666 -0.38814 -0.01780
v 0.18166 -0.45769 0.00122
v 0.17074 -0.41636 -0.00920
v 0.24396 -0.40431 -0.01780
v 0.24414 -0.51259 0.00122
v 0.23349 -0.45572 -0.00920
v 0.22022 -0.34752 -0.01975
v 0.21397 -0.29160 -0.02050
v 0.15985 -0.18451 -0.02050
v 0.17971 -0.24679 -0.01975
v 0.12154 -0.40670 0.01244
v 0.14695 -0.44267 0.01244
v 0.12717 -0.40858 0.01244
v 0.16519 -0.44254 0.01244
v 0.22190 -0.50357 0.01244
v 0.19518 -0.48790 0.01244
v 0.17284 -0.44877 0.01244
v 0.23169 -0.51198 0.01244
v 0.12216 -0.39710 0.02262
v 0.12212 -0.39702 0.00226
v 0.12010 -0.39763 0.00226
v 0.12010 -0.39762 0.02262
v 0.10738 -0.37229 -0.01503
v 0.10917 -0.37109 -0.01503
v 0.09176 -0.33903 -0.01748
v 0.09347 -0.33767 -0.01748
v 0.07124 -0.29688 -0.01748
v 0.06968 -0.29852 -0.01748
v 0.09176 -0.33903 0.04235
v 0.06968 -0.29852 0.04235
v 0.07124 -0.29688 0.04235
v 0.09347 -0.33767 0.04235
v 0.10738 -0.37229 0.03990
v 0.10918 -0.37111 0.03990
v 0.16971 -0.43340 0.02262
v 0.16971 -0.43340 0.00226
v 0.16769 -0.43264 0.00226
v 0.16769 -0.43264 0.02262
v 0.16070 -0.38325 -0.01503
v 0.16267 -0.38268 -0.01503
v 0.13774 -0.32337 -0.01748
v 0.13950 -0.32211 -0.01748
v 0.10423 -0.25973 -0.01748
v 0.10575 -0.25803 -0.01748
v 0.16267 -0.38268 0.03990
v 0.16070 -0.38325 0.03990
v 0.13950 -0.32211 0.04235
v 0.13774 -0.32337 0.04235
v 0.10575 -0.25803 0.04235
v 0.10423 -0.25973 0.04235
v 0.22889 -0.49159 0.00226
v 0.22689 -0.39908 -0.01503
v 0.22489 -0.39933 -0.01503
v 0.22702 -0.49034 0.00226
v 0.19710 -0.29925 -0.01748
v 0.19890 -0.29811 -0.01748
v 0.22889 -0.49159 0.02262
v 0.22702 -0.49034 0.02262
v 0.15236 -0.20576 -0.01748
v 0.15368 -0.20374 -0.01748
v 0.22689 -0.39908 0.03990
v 0.22489 -0.39933 0.03990
v 0.19890 -0.29811 0.04235
v 0.19710 -0.29925 0.04235
v 0.15368 -0.20374 0.04235
v 0.15236 -0.20576 0.04235
v 0.04664 -0.35946 0.03458
v 0.04915 -0.33678 0.04267
v 0.02997 -0.33348 0.03458
v 0.03013 -0.35266 0.02365
v 0.09930 -0.40682 0.03323
v 0.07243 -0.39225 0.03323
v 0.07619 -0.40770 0.02230
v 0.09798 -0.42066 0.02230
v 0.07149 -0.36882 0.04267
v 0.04944 -0.38045 0.02365
v 0.26373 -0.47471 0.03458
v 0.28102 -0.52742 0.02365
v 0.29833 -0.47723 0.02904
v 0.28097 -0.41099 0.04267
v 0.28312 -0.34336 0.03714
v 0.24661 -0.27808 0.04537
v 0.25028 -0.34563 0.04537
v 0.20103 -0.22555 0.04537
v 0.22459 -0.20248 0.03714
v 0.17699 -0.14738 0.04537
v 0.03013 -0.35266 0.00122
v 0.02997 -0.33348 -0.00971
v 0.04915 -0.33678 -0.01780
v 0.04664 -0.35946 -0.00971
v 0.09798 -0.42066 0.00257
v 0.07619 -0.40770 0.00257
v 0.07243 -0.39225 -0.00836
v 0.09930 -0.40682 -0.00836
v 0.04944 -0.38045 0.00122
v 0.07149 -0.36882 -0.01780
v 0.28097 -0.41099 -0.01780
v 0.29833 -0.47723 -0.00417
v 0.28102 -0.52742 0.00122
v 0.26373 -0.47471 -0.00971
v 0.25028 -0.34563 -0.02050
v 0.24661 -0.27808 -0.02050
v 0.28312 -0.34336 -0.01227
v 0.17699 -0.14738 -0.02050
v 0.22459 -0.20248 -0.01227
v 0.20103 -0.22555 -0.02050
v 0.03555 -0.36817 0.01244
v 0.02120 -0.34203 0.01244
v 0.08688 -0.41720 0.01244
v 0.05907 -0.39561 0.01244
v 0.11369 -0.42605 0.01244
v 0.29637 -0.52471 0.01244
v 0.26082 -0.54272 0.01244
v 0.30076 -0.41275 0.01244
v 0.26393 -0.27085 0.01244
v 0.18611 -0.12763 0.01244
v 0.12075 -0.39480 0.00329
v 0.12076 -0.39483 0.02159
v 0.10822 -0.37133 -0.01225
v 0.09281 -0.33863 -0.01445
v 0.07200 -0.29994 -0.01445
v 0.16946 -0.43062 0.00329
v 0.16946 -0.43062 0.02159
v 0.16179 -0.38262 -0.01225
v 0.13882 -0.32301 -0.01445
v 0.10659 -0.26105 -0.01445
v 0.22605 -0.39890 -0.01225
v 0.22909 -0.48881 0.00329
v 0.19823 -0.29891 -0.01445
v 0.22909 -0.48881 0.02159
v 0.15488 -0.20659 -0.01445
v 0.07200 -0.29994 0.03932
v 0.09281 -0.33863 0.03932
v 0.10823 -0.37134 0.03712
v 0.16179 -0.38262 0.03712
v 0.13882 -0.32301 0.03932
v 0.10659 -0.26105 0.03932
v 0.22605 -0.39890 0.03712
v 0.19823 -0.29891 0.03932
v 0.15488 -0.20659 0.03932
v 0.05344 -0.31061 0.04537
v 0.07465 -0.34475 0.04537
v 0.07656 -0.32082 0.04462
v 0.09661 -0.38077 0.04267
v 0.11666 -0.41292 0.02365
v 0.11310 -0.39075 0.03407
v 0.09646 -0.35801 0.04462
v 0.11972 -0.39026 0.03407
v 0.13407 -0.41975 0.02365
v 0.14071 -0.40889 0.03458
v 0.12119 -0.37478 0.04267
v 0.12471 -0.35268 0.04537
v 0.10318 -0.33315 0.04537
v 0.10464 -0.35480 0.04462
v 0.10003 -0.30377 0.04537
v 0.07723 -0.28617 0.04537
v 0.08450 -0.31540 0.04462
v 0.15627 -0.43745 0.02365
v 0.16229 -0.41255 0.03407
v 0.14687 -0.38083 0.04267
v 0.14770 -0.35361 0.04462
v 0.12531 -0.32600 0.04537
v 0.09370 -0.26762 0.04537
v 0.11840 -0.29264 0.04462
v 0.22320 -0.45067 0.03407
v 0.20774 -0.39644 0.04267
v 0.19497 -0.43920 0.03458
v 0.03758 -0.34588 0.03458
v 0.08689 -0.40859 0.02918
v 0.05864 -0.37540 0.03458
v 0.28314 -0.47754 0.03458
v 0.26881 -0.34436 0.04537
v 0.21432 -0.21254 0.04537
v 0.03758 -0.34588 -0.00971
v 0.08689 -0.40859 -0.00431
v 0.05864 -0.37540 -0.00971
v 0.28314 -0.47754 -0.00971
v 0.26881 -0.34436 -0.02050
v 0.21432 -0.21254 -0.02050
v 0.02765 -0.35492 0.01244
v 0.07263 -0.40741 0.01244
v 0.10168 -0.42468 0.01244
v 0.04637 -0.38214 0.01244
v 0.28031 -0.54405 0.01244
v 0.30339 -0.47713 0.01244
v 0.28789 -0.34302 0.01244
v 0.22801 -0.19913 0.01244
v 0.12254 -0.39804 0.01244
v 0.11539 -0.38510 -0.00564
v 0.10098 -0.35584 -0.01445
v 0.08285 -0.31971 -0.01445
v 0.17023 -0.43737 0.01244
v 0.16713 -0.41038 -0.00564
v 0.15201 -0.35333 -0.01445
v 0.12329 -0.29216 -0.01445
v 0.22942 -0.45016 -0.00564
v 0.21503 -0.34816 -0.01445
v 0.22897 -0.50169 0.01244
v 0.17753 -0.25213 -0.01445
v 0.08285 -0.31971 0.03932
v 0.10098 -0.35584 0.03932
v 0.11541 -0.38513 0.03051
v 0.16713 -0.41038 0.03051
v 0.15201 -0.35333 0.03932
v 0.12329 -0.29216 0.03932
v 0.22942 -0.45016 0.03051
v 0.21503 -0.34816 0.03932
v 0.17753 -0.25213 0.03932
v 0.06400 -0.32753 0.04537
v 0.10801 -0.39911 0.03458
v 0.08551 -0.36258 0.04537
v 0.12870 -0.39968 0.03458
v 0.11299 -0.35363 0.04537
v 0.09084 -0.31026 0.04537
v 0.15293 -0.41240 0.03458
v 0.13760 -0.35295 0.04537
v 0.11020 -0.29726 0.04537
v 0.21069 -0.44685 0.03458
v 0.19739 -0.34975 0.04537
v 0.16060 -0.26150 0.04537
v 0.13442 -0.28059 0.04537
v 0.16684 -0.35191 0.04537
v 0.18074 -0.42726 0.03458
v 0.24600 -0.46542 0.03458
v 0.23287 -0.34674 0.04537
v 0.18855 -0.23773 0.04537
v 0.06400 -0.32753 -0.02050
v 0.10801 -0.39911 -0.00971
v 0.08551 -0.36258 -0.02050
v 0.12869 -0.39964 -0.00971
v 0.11299 -0.35363 -0.02050
v 0.09084 -0.31026 -0.02050
v 0.15293 -0.41240 -0.00971
v 0.13760 -0.35295 -0.02050
v 0.11020 -0.29726 -0.02050
v 0.21069 -0.44685 -0.00971
v 0.19739 -0.34975 -0.02050
v 0.16060 -0.26150 -0.02050
v 0.13442 -0.28059 -0.02050
v 0.16684 -0.35191 -0.02050
v 0.18074 -0.42726 -0.00971
v 0.24600 -0.46542 -0.00971
v 0.23287 -0.34674 -0.02050
v 0.18855 -0.23773 -0.02050
v 0.11955 -0.41753 0.01244
v 0.13585 -0.42642 0.01244
v 0.15739 -0.44580 0.01244
v 0.20994 -0.49911 0.01244
v 0.18196 -0.46783 0.01244
v 0.24352 -0.52831 0.01244
v 0.12400 -0.40071 0.01244
v 0.12192 -0.40117 0.01244
v 0.11465 -0.38700 -0.00767
v 0.11655 -0.38609 -0.00767
v 0.10011 -0.35649 -0.01748
v 0.10185 -0.35518 -0.01748
v 0.08290 -0.31785 -0.01748
v 0.08126 -0.31933 -0.01748
v 0.08126 -0.31933 0.04235
v 0.08290 -0.31785 0.04235
v 0.10011 -0.35649 0.04235
v 0.10185 -0.35519 0.04235
v 0.11659 -0.38616 0.03254
v 0.11465 -0.38700 0.03254
v 0.17038 -0.44059 0.01244
v 0.16836 -0.43962 0.01244
v 0.16569 -0.41168 -0.00767
v 0.16770 -0.41181 -0.00767
v 0.15107 -0.35383 -0.01748
v 0.15295 -0.35284 -0.01748
v 0.12167 -0.29182 -0.01748
v 0.12331 -0.29034 -0.01748
v 0.16770 -0.41181 0.03254
v 0.16569 -0.41168 0.03254
v 0.15295 -0.35284 0.04235
v 0.15107 -0.35383 0.04235
v 0.12331 -0.29033 0.04235
v 0.12167 -0.29182 0.04235
v 0.22975 -0.45167 -0.00767
v 0.22780 -0.45113 -0.00767
v 0.21405 -0.34853 -0.01748
v 0.21600 -0.34778 -0.01748
v 0.22861 -0.50490 0.01244
v 0.22675 -0.50342 0.01244
v 0.17581 -0.25200 -0.01748
v 0.17739 -0.25043 -0.01748
v 0.22975 -0.45167 0.03254
v 0.22780 -0.45113 0.03254
v 0.21600 -0.34778 0.04235
v 0.21405 -0.34853 0.04235
v 0.17739 -0.25043 0.04235
v 0.17581 -0.25200 0.04235
vt 0.212909 0.205091
vt 0.213665 0.214814
vt 0.204394 0.216701
vt 0.203395 0.206558
vt 0.193809 0.218269
vt 0.192666 0.207160
vt 0.205035 0.225809
vt 0.194769 0.228316
vt 0.214033 0.223898
vt 0.194029 0.153386
vt 0.199381 0.157764
vt 0.198786 0.168148
vt 0.191108 0.165033
vt 0.199896 0.181249
vt 0.190295 0.179692
vt 0.206078 0.171190
vt 0.208900 0.182295
vt 0.204453 0.162995
vt 0.211269 0.193924
vt 0.201699 0.194371
vt 0.191243 0.193979
vt 0.081924 0.114435
vt 0.071505 0.108022
vt 0.086103 0.069209
vt 0.096723 0.075497
vt 0.098847 0.040106
vt 0.109838 0.045442
vt 0.076882 0.064943
vt 0.088407 0.044911
vt 0.062351 0.102708
vt 0.061252 0.148411
vt 0.051462 0.144594
vt 0.055059 0.191139
vt 0.044758 0.190159
vt 0.072184 0.152836
vt 0.066582 0.192180
vt 0.064291 0.276261
vt 0.053362 0.284081
vt 0.053199 0.236690
vt 0.064585 0.233541
vt 0.042957 0.239047
vt 0.043421 0.290091
vt 0.235066 0.205064
vt 0.244581 0.206508
vt 0.243596 0.216650
vt 0.234324 0.214783
vt 0.242966 0.225756
vt 0.233969 0.223865
vt 0.254178 0.218194
vt 0.253228 0.228242
vt 0.255308 0.207085
vt 0.253798 0.153332
vt 0.256777 0.164959
vt 0.249106 0.168106
vt 0.248465 0.157735
vt 0.241823 0.171176
vt 0.243414 0.162985
vt 0.248034 0.181202
vt 0.239032 0.182278
vt 0.257631 0.179614
vt 0.246259 0.194323
vt 0.236688 0.193902
vt 0.256711 0.193903
vt 0.366022 0.114304
vt 0.351248 0.075359
vt 0.361874 0.069078
vt 0.376446 0.107897
vt 0.371098 0.064819
vt 0.385604 0.102590
vt 0.349152 0.039966
vt 0.359588 0.044779
vt 0.338156 0.045294
vt 0.396474 0.144475
vt 0.386681 0.148286
vt 0.375747 0.152705
vt 0.392866 0.191012
vt 0.381343 0.192049
vt 0.403168 0.190037
vt 0.383619 0.276131
vt 0.383336 0.233410
vt 0.394721 0.236562
vt 0.394546 0.283954
vt 0.404962 0.238923
vt 0.404485 0.289968
vt 0.226596 0.222938
vt 0.221004 0.213806
vt 0.220265 0.204046
vt 0.231861 0.181487
vt 0.212669 0.170625
vt 0.208318 0.160563
vt 0.202666 0.151497
vt 0.196618 0.146385
vt 0.218633 0.192945
vt 0.332909 0.033447
vt 0.103251 0.028421
vt 0.087819 0.034822
vt 0.067641 0.059144
vt 0.049004 0.096585
vt 0.036058 0.140430
vt 0.028888 0.188532
vt 0.026963 0.239578
vt 0.027527 0.292179
vt 0.272117 0.155169
vt 0.270087 0.155354
vt 0.267755 0.148326
vt 0.178541 0.148836
vt 0.177812 0.147720
vt 0.273597 0.154056
vt 0.175773 0.155314
vt 0.174274 0.154173
vt 0.177753 0.155463
vt 0.276877 0.165171
vt 0.275234 0.165664
vt 0.273380 0.166003
vt 0.277188 0.177963
vt 0.275296 0.178469
vt 0.279077 0.178065
vt 0.280607 0.190140
vt 0.278597 0.190072
vt 0.276604 0.190303
vt 0.279503 0.202784
vt 0.277498 0.203010
vt 0.281510 0.203022
vt 0.277799 0.232568
vt 0.277769 0.217396
vt 0.279811 0.216626
vt 0.279879 0.231014
vt 0.281811 0.217602
vt 0.281852 0.232917
vt 0.299167 0.122737
vt 0.297384 0.122984
vt 0.293217 0.115924
vt 0.153167 0.116154
vt 0.152913 0.114407
vt 0.300046 0.120952
vt 0.148756 0.122902
vt 0.147879 0.121117
vt 0.150538 0.123150
vt 0.305850 0.136195
vt 0.304548 0.137194
vt 0.302826 0.137515
vt 0.309046 0.155973
vt 0.307128 0.156421
vt 0.310903 0.155699
vt 0.313810 0.175980
vt 0.311745 0.176020
vt 0.309688 0.176202
vt 0.313400 0.197308
vt 0.311350 0.197473
vt 0.315447 0.197573
vt 0.316218 0.220471
vt 0.314202 0.219454
vt 0.312140 0.220146
vt 0.312400 0.243441
vt 0.314498 0.241995
vt 0.316479 0.243960
vt 0.345958 0.129310
vt 0.344099 0.129840
vt 0.333688 0.098486
vt 0.335379 0.098175
vt 0.336442 0.096968
vt 0.347723 0.128750
vt 0.325325 0.074349
vt 0.325729 0.072450
vt 0.323601 0.074464
vt 0.355107 0.160983
vt 0.353077 0.161240
vt 0.351059 0.161578
vt 0.357632 0.193627
vt 0.355576 0.193886
vt 0.359672 0.193747
vt 0.317893 0.065414
vt 0.128371 0.065594
vt 0.128338 0.063545
vt 0.122646 0.074505
vt 0.122244 0.072606
vt 0.124370 0.074621
vt 0.362095 0.226701
vt 0.360074 0.225780
vt 0.357959 0.226415
vt 0.359237 0.259261
vt 0.361454 0.258019
vt 0.363465 0.259925
vt 0.166119 0.233039
vt 0.166155 0.217723
vt 0.168157 0.216745
vt 0.168095 0.231133
vt 0.170200 0.217512
vt 0.170178 0.232684
vt 0.168453 0.202905
vt 0.170459 0.203128
vt 0.166445 0.203145
vt 0.167332 0.190265
vt 0.169343 0.190195
vt 0.171337 0.190425
vt 0.170733 0.178084
vt 0.172624 0.178594
vt 0.168842 0.178180
vt 0.174523 0.166141
vt 0.172653 0.165775
vt 0.171004 0.165257
vt 0.145085 0.137675
vt 0.143364 0.137353
vt 0.142064 0.136355
vt 0.138864 0.156128
vt 0.137007 0.155854
vt 0.140780 0.156577
vt 0.138230 0.176355
vt 0.136173 0.176173
vt 0.134109 0.176133
vt 0.134533 0.197456
vt 0.132486 0.197721
vt 0.136584 0.197621
vt 0.135805 0.220288
vt 0.133742 0.219597
vt 0.131725 0.220614
vt 0.131463 0.244102
vt 0.133445 0.242136
vt 0.135545 0.243582
vt 0.114264 0.098635
vt 0.112573 0.098322
vt 0.111512 0.097114
vt 0.101975 0.129451
vt 0.100211 0.128891
vt 0.103833 0.129983
vt 0.096865 0.161720
vt 0.094848 0.161382
vt 0.092819 0.161123
vt 0.090294 0.193768
vt 0.088254 0.193887
vt 0.092350 0.194028
vt 0.089967 0.226555
vt 0.087852 0.225918
vt 0.085831 0.226839
vt 0.084453 0.260061
vt 0.086465 0.258156
vt 0.088682 0.259398
vt 0.173734 0.233184
vt 0.173560 0.218224
vt 0.182569 0.218609
vt 0.183235 0.231226
vt 0.181925 0.205758
vt 0.173574 0.203907
vt 0.175195 0.178817
vt 0.177365 0.165792
vt 0.183673 0.164831
vt 0.181609 0.178938
vt 0.187611 0.153487
vt 0.181100 0.154934
vt 0.174137 0.191024
vt 0.181486 0.192513
vt 0.166799 0.176741
vt 0.162369 0.172519
vt 0.164839 0.154512
vt 0.168883 0.162211
vt 0.167211 0.139662
vt 0.171561 0.150030
vt 0.159241 0.146412
vt 0.162913 0.129533
vt 0.155873 0.167223
vt 0.165170 0.189604
vt 0.160217 0.187637
vt 0.153408 0.184637
vt 0.159207 0.202564
vt 0.152246 0.201522
vt 0.164262 0.203078
vt 0.158915 0.219422
vt 0.151875 0.220182
vt 0.158965 0.237090
vt 0.151914 0.239591
vt 0.163987 0.218568
vt 0.164000 0.234905
vt 0.148633 0.162011
vt 0.152723 0.141347
vt 0.157897 0.125059
vt 0.147345 0.138553
vt 0.153029 0.123536
vt 0.143011 0.158050
vt 0.144810 0.199832
vt 0.146177 0.180768
vt 0.140561 0.177526
vt 0.139008 0.198286
vt 0.138141 0.244124
vt 0.138311 0.220819
vt 0.144275 0.220711
vt 0.144224 0.242364
vt 0.127021 0.076155
vt 0.132867 0.081715
vt 0.123261 0.105533
vt 0.116870 0.100247
vt 0.113399 0.136233
vt 0.106479 0.131619
vt 0.130838 0.113691
vt 0.122077 0.142490
vt 0.139196 0.091069
vt 0.113789 0.196173
vt 0.103511 0.195241
vt 0.107180 0.165665
vt 0.116706 0.169357
vt 0.099710 0.162778
vt 0.095435 0.194456
vt 0.101711 0.225759
vt 0.093269 0.226764
vt 0.100892 0.256878
vt 0.092196 0.259565
vt 0.112393 0.224203
vt 0.111821 0.252909
vt 0.123160 0.197047
vt 0.122131 0.222789
vt 0.121776 0.249270
vt 0.129065 0.221581
vt 0.128834 0.246249
vt 0.129852 0.197644
vt 0.134846 0.154089
vt 0.131588 0.175291
vt 0.125382 0.172796
vt 0.129626 0.149017
vt 0.143588 0.104354
vt 0.136821 0.124017
vt 0.140582 0.132910
vt 0.146587 0.116226
vt 0.097762 0.126952
vt 0.091217 0.121443
vt 0.104882 0.085145
vt 0.109922 0.093834
vt 0.117217 0.056931
vt 0.121274 0.068162
vt 0.082464 0.157024
vt 0.077422 0.193139
vt 0.089950 0.160070
vt 0.085297 0.193775
vt 0.081861 0.263053
vt 0.074536 0.268858
vt 0.075282 0.230545
vt 0.083006 0.228151
vt 0.274247 0.233072
vt 0.264754 0.231129
vt 0.265411 0.218512
vt 0.274413 0.218112
vt 0.266042 0.205660
vt 0.274386 0.203794
vt 0.272725 0.178696
vt 0.266314 0.178832
vt 0.264215 0.164730
vt 0.270533 0.165666
vt 0.260221 0.153401
vt 0.266740 0.154827
vt 0.266462 0.192412
vt 0.273806 0.190908
vt 0.281117 0.176619
vt 0.278999 0.162107
vt 0.283047 0.154376
vt 0.285538 0.172381
vt 0.288652 0.146253
vt 0.292030 0.167072
vt 0.280673 0.139515
vt 0.284993 0.129365
vt 0.276307 0.149905
vt 0.287715 0.187499
vt 0.282767 0.189476
vt 0.288742 0.202431
vt 0.283691 0.202951
vt 0.294518 0.184491
vt 0.295698 0.201382
vt 0.296081 0.220047
vt 0.289046 0.219293
vt 0.283978 0.218445
vt 0.288999 0.236960
vt 0.283970 0.234780
vt 0.296044 0.239456
vt 0.295179 0.141184
vt 0.299271 0.161855
vt 0.300563 0.138392
vt 0.304896 0.157893
vt 0.290019 0.124888
vt 0.294892 0.123369
vt 0.301744 0.180616
vt 0.303129 0.199687
vt 0.307358 0.177373
vt 0.308927 0.198138
vt 0.309806 0.243984
vt 0.303728 0.242226
vt 0.303675 0.220571
vt 0.309635 0.220677
vt 0.320949 0.075996
vt 0.331081 0.100098
vt 0.324684 0.105380
vt 0.315098 0.081552
vt 0.317098 0.113535
vt 0.308760 0.090903
vt 0.334527 0.136085
vt 0.325843 0.142339
vt 0.341452 0.131475
vt 0.334140 0.196026
vt 0.331214 0.169207
vt 0.340742 0.165518
vt 0.344416 0.195096
vt 0.348214 0.162634
vt 0.352491 0.194313
vt 0.354659 0.226624
vt 0.346220 0.225617
vt 0.335541 0.224059
vt 0.347032 0.256738
vt 0.336108 0.252767
vt 0.355724 0.259428
vt 0.325807 0.222645
vt 0.324771 0.196899
vt 0.318876 0.221437
vt 0.318080 0.197495
vt 0.326159 0.249127
vt 0.319107 0.246107
vt 0.313065 0.153934
vt 0.318289 0.148864
vt 0.322537 0.172644
vt 0.316331 0.175139
vt 0.311105 0.123859
vt 0.304356 0.104187
vt 0.307335 0.132751
vt 0.301344 0.116060
vt 0.350174 0.126812
vt 0.338034 0.093688
vt 0.343081 0.085002
vt 0.356723 0.121307
vt 0.330768 0.056778
vt 0.326703 0.068007
vt 0.365464 0.156888
vt 0.357976 0.159931
vt 0.370504 0.193003
vt 0.362629 0.193636
vt 0.366055 0.262918
vt 0.364919 0.228014
vt 0.372641 0.230410
vt 0.373378 0.268725
vt 0.189852 0.145887
vt 0.183099 0.147486
vt 0.271783 0.143567
vt 0.172246 0.132800
vt 0.167102 0.121745
vt 0.162040 0.117400
vt 0.157153 0.116183
vt 0.303258 0.081953
vt 0.138288 0.072388
vt 0.132664 0.066932
vt 0.295754 0.109272
vt 0.149529 0.096640
vt 0.320421 0.058472
vt 0.123316 0.046127
vt 0.315313 0.066768
vt 0.130085 0.065576
vt 0.127563 0.058633
vt 0.319642 0.063384
vt 0.290776 0.116010
vt 0.154713 0.116095
vt 0.152184 0.109445
vt 0.295019 0.114236
vt 0.264711 0.147376
vt 0.180076 0.148450
vt 0.176088 0.143730
vt 0.270039 0.147574
vt 0.115095 0.033600
vt 0.324677 0.045968
vt 0.144706 0.082125
vt 0.298423 0.096466
vt 0.309685 0.072221
vt 0.285887 0.117223
vt 0.280818 0.121564
vt 0.275655 0.132619
vt 0.257931 0.145814
vt 0.251160 0.146352
vt 0.319608 0.065433
vt 0.294764 0.115984
vt 0.269304 0.148704
vt 0.420378 0.292061
vt 0.420955 0.239460
vt 0.419039 0.188417
vt 0.411881 0.140321
vt 0.398956 0.096476
vt 0.380344 0.059027
vt 0.360184 0.034690
vt 0.344758 0.028277
vt 0.216068 0.181481
vt 0.229321 0.192941
vt 0.227708 0.204035
vt 0.245143 0.151494
vt 0.239538 0.160576
vt 0.235227 0.170638
vt 0.226984 0.213789
vt 0.221405 0.222957
vt 0.212909 0.205091
vt 0.213665 0.214814
vt 0.204394 0.216701
vt 0.203395 0.206558
vt 0.193809 0.218269
vt 0.192666 0.207160
vt 0.205035 0.225809
vt 0.194769 0.228316
vt 0.214033 0.223898
vt 0.194029 0.153386
vt 0.199381 0.157764
vt 0.198786 0.168148
vt 0.191108 0.165033
vt 0.199896 0.181249
vt 0.190295 0.179692
vt 0.206078 0.171190
vt 0.208900 0.182295
vt 0.204453 0.162995
vt 0.211269 0.193924
vt 0.201699 0.194371
vt 0.191243 0.193979
vt 0.081924 0.114435
vt 0.071505 0.108022
vt 0.086103 0.069209
vt 0.096723 0.075497
vt 0.098847 0.040106
vt 0.109838 0.045442
vt 0.076882 0.064943
vt 0.088407 0.044911
vt 0.062351 0.102708
vt 0.061252 0.148411
vt 0.051462 0.144594
vt 0.055059 0.191139
vt 0.044758 0.190159
vt 0.072184 0.152836
vt 0.066582 0.192180
vt 0.064291 0.276261
vt 0.053362 0.284081
vt 0.053199 0.236690
vt 0.064585 0.233541
vt 0.042957 0.239047
vt 0.043421 0.290091
vt 0.235066 0.205064
vt 0.244581 0.206508
vt 0.243596 0.216650
vt 0.234324 0.214783
vt 0.242966 0.225756
vt 0.233969 0.223865
vt 0.254178 0.218194
vt 0.253228 0.228242
vt 0.255308 0.207085
vt 0.253798 0.153332
vt 0.256777 0.164959
vt 0.249106 0.168106
vt 0.248465 0.157735
vt 0.241823 0.171176
vt 0.243414 0.162985
vt 0.248034 0.181202
vt 0.239032 0.182278
vt 0.257631 0.179614
vt 0.246259 0.194323
vt 0.236688 0.193902
vt 0.256711 0.193903
vt 0.366022 0.114304
vt 0.351248 0.075359
vt 0.361874 0.069078
vt 0.376446 0.107897
vt 0.371098 0.064819
vt 0.385604 0.102590
vt 0.349152 0.039966
vt 0.359588 0.044779
vt 0.338156 0.045294
vt 0.396474 0.144475
vt 0.386681 0.148286
vt 0.375747 0.152705
vt 0.392866 0.191012
vt 0.381343 0.192049
vt 0.403168 0.190037
vt 0.383619 0.276131
vt 0.383336 0.233410
vt 0.394721 0.236562
vt 0.394546 0.283954
vt 0.404962 0.238923
vt 0.404485 0.289968
vt 0.226596 0.222938
vt 0.226984 0.213789
vt 0.227708 0.204035
vt 0.221004 0.213806
vt 0.220265 0.204046
vt 0.221405 0.222957
vt 0.231861 0.181487
vt 0.235227 0.170638
vt 0.239538 0.160576
vt 0.212669 0.170625
vt 0.208318 0.160563
vt 0.216068 0.181481
vt 0.245143 0.151494
vt 0.251160 0.146352
vt 0.202666 0.151497
vt 0.196618 0.146385
vt 0.229321 0.192941
vt 0.218633 0.192945
vt 0.332909 0.033447
vt 0.344758 0.028277
vt 0.360184 0.034690
vt 0.103251 0.028421
vt 0.087819 0.034822
vt 0.115095 0.033600
vt 0.380344 0.059027
vt 0.398956 0.096476
vt 0.067641 0.059144
vt 0.049004 0.096585
vt 0.411881 0.140321
vt 0.419039 0.188417
vt 0.036058 0.140430
vt 0.028888 0.188532
vt 0.420955 0.239460
vt 0.420378 0.292061
vt 0.026963 0.239578
vt 0.027527 0.292179
vt 0.272117 0.155169
vt 0.270087 0.155354
vt 0.267755 0.148326
vt 0.269304 0.148704
vt 0.270039 0.147574
vt 0.273597 0.154056
vt 0.175773 0.155314
vt 0.174274 0.154173
vt 0.177812 0.147720
vt 0.178541 0.148836
vt 0.180076 0.148450
vt 0.177753 0.155463
vt 0.276877 0.165171
vt 0.275234 0.165664
vt 0.273380 0.166003
vt 0.277188 0.177963
vt 0.275296 0.178469
vt 0.279077 0.178065
vt 0.280607 0.190140
vt 0.278597 0.190072
vt 0.276604 0.190303
vt 0.279503 0.202784
vt 0.277498 0.203010
vt 0.281510 0.203022
vt 0.277799 0.232568
vt 0.277769 0.217396
vt 0.279811 0.216626
vt 0.279879 0.231014
vt 0.281811 0.217602
vt 0.281852 0.232917
vt 0.299167 0.122737
vt 0.297384 0.122984
vt 0.293217 0.115924
vt 0.294764 0.115984
vt 0.295019 0.114236
vt 0.300046 0.120952
vt 0.148756 0.122902
vt 0.147879 0.121117
vt 0.152913 0.114407
vt 0.153167 0.116154
vt 0.154713 0.116095
vt 0.150538 0.123150
vt 0.305850 0.136195
vt 0.304548 0.137194
vt 0.302826 0.137515
vt 0.309046 0.155973
vt 0.307128 0.156421
vt 0.310903 0.155699
vt 0.313810 0.175980
vt 0.311745 0.176020
vt 0.309688 0.176202
vt 0.313400 0.197308
vt 0.311350 0.197473
vt 0.315447 0.197573
vt 0.316218 0.220471
vt 0.314202 0.219454
vt 0.312140 0.220146
vt 0.312400 0.243441
vt 0.314498 0.241995
vt 0.316479 0.243960
vt 0.345958 0.129310
vt 0.344099 0.129840
vt 0.333688 0.098486
vt 0.335379 0.098175
vt 0.336442 0.096968
vt 0.347723 0.128750
vt 0.325325 0.074349
vt 0.325729 0.072450
vt 0.323601 0.074464
vt 0.355107 0.160983
vt 0.353077 0.161240
vt 0.351059 0.161578
vt 0.357632 0.193627
vt 0.355576 0.193886
vt 0.359672 0.193747
vt 0.317893 0.065414
vt 0.319608 0.065433
vt 0.319642 0.063384
vt 0.122646 0.074505
vt 0.122244 0.072606
vt 0.128338 0.063545
vt 0.128371 0.065594
vt 0.130085 0.065576
vt 0.124370 0.074621
vt 0.362095 0.226701
vt 0.360074 0.225780
vt 0.357959 0.226415
vt 0.359237 0.259261
vt 0.361454 0.258019
vt 0.363465 0.259925
vt 0.166119 0.233039
vt 0.166155 0.217723
vt 0.168157 0.216745
vt 0.168095 0.231133
vt 0.170200 0.217512
vt 0.170178 0.232684
vt 0.168453 0.202905
vt 0.170459 0.203128
vt 0.166445 0.203145
vt 0.167332 0.190265
vt 0.169343 0.190195
vt 0.171337 0.190425
vt 0.170733 0.178084
vt 0.172624 0.178594
vt 0.168842 0.178180
vt 0.174523 0.166141
vt 0.172653 0.165775
vt 0.171004 0.165257
vt 0.145085 0.137675
vt 0.143364 0.137353
vt 0.142064 0.136355
vt 0.138864 0.156128
vt 0.137007 0.155854
vt 0.140780 0.156577
vt 0.138230 0.176355
vt 0.136173 0.176173
vt 0.134109 0.176133
vt 0.134533 0.197456
vt 0.132486 0.197721
vt 0.136584 0.197621
vt 0.135805 0.220288
vt 0.133742 0.219597
vt 0.131725 0.220614
vt 0.131463 0.244102
vt 0.133445 0.242136
vt 0.135545 0.243582
vt 0.114264 0.098635
vt 0.112573 0.098322
vt 0.111512 0.097114
vt 0.101975 0.129451
vt 0.100211 0.128891
vt 0.103833 0.129983
vt 0.096865 0.161720
vt 0.094848 0.161382
vt 0.092819 0.161123
vt 0.090294 0.193768
vt 0.088254 0.193887
vt 0.092350 0.194028
vt 0.089967 0.226555
vt 0.087852 0.225918
vt 0.085831 0.226839
vt 0.084453 0.260061
vt 0.086465 0.258156
vt 0.088682 0.259398
vt 0.173734 0.233184
vt 0.173560 0.218224
vt 0.182569 0.218609
vt 0.183235 0.231226
vt 0.181925 0.205758
vt 0.173574 0.203907
vt 0.175195 0.178817
vt 0.177365 0.165792
vt 0.183673 0.164831
vt 0.181609 0.178938
vt 0.187611 0.153487
vt 0.181100 0.154934
vt 0.174137 0.191024
vt 0.181486 0.192513
vt 0.166799 0.176741
vt 0.162369 0.172519
vt 0.164839 0.154512
vt 0.168883 0.162211
vt 0.167211 0.139662
vt 0.171561 0.150030
vt 0.159241 0.146412
vt 0.162913 0.129533
vt 0.155873 0.167223
vt 0.165170 0.189604
vt 0.160217 0.187637
vt 0.153408 0.184637
vt 0.159207 0.202564
vt 0.152246 0.201522
vt 0.164262 0.203078
vt 0.158915 0.219422
vt 0.151875 0.220182
vt 0.158965 0.237090
vt 0.151914 0.239591
vt 0.163987 0.218568
vt 0.164000 0.234905
vt 0.148633 0.162011
vt 0.152723 0.141347
vt 0.157897 0.125059
vt 0.147345 0.138553
vt 0.153029 0.123536
vt 0.143011 0.158050
vt 0.144810 0.199832
vt 0.146177 0.180768
vt 0.140561 0.177526
vt 0.139008 0.198286
vt 0.138141 0.244124
vt 0.138311 0.220819
vt 0.144275 0.220711
vt 0.144224 0.242364
vt 0.127021 0.076155
vt 0.132867 0.081715
vt 0.123261 0.105533
vt 0.116870 0.100247
vt 0.113399 0.136233
vt 0.106479 0.131619
vt 0.130838 0.113691
vt 0.122077 0.142490
vt 0.139196 0.091069
vt 0.113789 0.196173
vt 0.103511 0.195241
vt 0.107180 0.165665
vt 0.116706 0.169357
vt 0.099710 0.162778
vt 0.095435 0.194456
vt 0.101711 0.225759
vt 0.093269 0.226764
vt 0.100892 0.256878
vt 0.092196 0.259565
vt 0.112393 0.224203
vt 0.111821 0.252909
vt 0.123160 0.197047
vt 0.122131 0.222789
vt 0.121776 0.249270
vt 0.129065 0.221581
vt 0.128834 0.246249
vt 0.129852 0.197644
vt 0.134846 0.154089
vt 0.131588 0.175291
vt 0.125382 0.172796
vt 0.129626 0.149017
vt 0.143588 0.104354
vt 0.136821 0.124017
vt 0.140582 0.132910
vt 0.146587 0.116226
vt 0.097762 0.126952
vt 0.091217 0.121443
vt 0.104882 0.085145
vt 0.109922 0.093834
vt 0.117217 0.056931
vt 0.121274 0.068162
vt 0.082464 0.157024
vt 0.077422 0.193139
vt 0.089950 0.160070
vt 0.085297 0.193775
vt 0.081861 0.263053
vt 0.074536 0.268858
vt 0.075282 0.230545
vt 0.083006 0.228151
vt 0.274247 0.233072
vt 0.264754 0.231129
vt 0.265411 0.218512
vt 0.274413 0.218112
vt 0.266042 0.205660
vt 0.274386 0.203794
vt 0.272725 0.178696
vt 0.266314 0.178832
vt 0.264215 0.164730
vt 0.270533 0.165666
vt 0.260221 0.153401
vt 0.266740 0.154827
vt 0.266462 0.192412
vt 0.273806 0.190908
vt 0.281117 0.176619
vt 0.278999 0.162107
vt 0.283047 0.154376
vt 0.285538 0.172381
vt 0.288652 0.146253
vt 0.292030 0.167072
vt 0.280673 0.139515
vt 0.284993 0.129365
vt 0.276307 0.149905
vt 0.287715 0.187499
vt 0.282767 0.189476
vt 0.288742 0.202431
vt 0.283691 0.202951
vt 0.294518 0.184491
vt 0.295698 0.201382
vt 0.296081 0.220047
vt 0.289046 0.219293
vt 0.283978 0.218445
vt 0.288999 0.236960
vt 0.283970 0.234780
vt 0.296044 0.239456
vt 0.295179 0.141184
vt 0.299271 0.161855
vt 0.300563 0.138392
vt 0.304896 0.157893
vt 0.290019 0.124888
vt 0.294892 0.123369
vt 0.301744 0.180616
vt 0.303129 0.199687
vt 0.307358 0.177373
vt 0.308927 0.198138
vt 0.309806 0.243984
vt 0.303728 0.242226
vt 0.303675 0.220571
vt 0.309635 0.220677
vt 0.320949 0.075996
vt 0.331081 0.100098
vt 0.324684 0.105380
vt 0.315098 0.081552
vt 0.317098 0.113535
vt 0.308760 0.090903
vt 0.334527 0.136085
vt 0.325843 0.142339
vt 0.341452 0.131475
vt 0.334140 0.196026
vt 0.331214 0.169207
vt 0.340742 0.165518
vt 0.344416 0.195096
vt 0.348214 0.162634
vt 0.352491 0.194313
vt 0.354659 0.226624
vt 0.346220 0.225617
vt 0.335541 0.224059
vt 0.347032 0.256738
vt 0.336108 0.252767
vt 0.355724 0.259428
vt 0.325807 0.222645
vt 0.324771 0.196899
vt 0.318876 0.221437
vt 0.318080 0.197495
vt 0.326159 0.249127
vt 0.319107 0.246107
vt 0.313065 0.153934
vt 0.318289 0.148864
vt 0.322537 0.172644
vt 0.316331 0.175139
vt 0.311105 0.123859
vt 0.304356 0.104187
vt 0.307335 0.132751
vt 0.301344 0.116060
vt 0.350174 0.126812
vt 0.338034 0.093688
vt 0.343081 0.085002
vt 0.356723 0.121307
vt 0.330768 0.056778
vt 0.326703 0.068007
vt 0.365464 0.156888
vt 0.357976 0.159931
vt 0.370504 0.193003
vt 0.362629 0.193636
vt 0.366055 0.262918
vt 0.364919 0.228014
vt 0.372641 0.230410
vt 0.373378 0.268725
vt 0.257931 0.145814
vt 0.264711 0.147376
vt 0.189852 0.145887
vt 0.183099 0.147486
vt 0.271783 0.143567
vt 0.275655 0.132619
vt 0.280818 0.121564
vt 0.172246 0.132800
vt 0.167102 0.121745
vt 0.176088 0.143730
vt 0.285887 0.117223
vt 0.290776 0.116010
vt 0.162040 0.117400
vt 0.157153 0.116183
vt 0.303258 0.081953
vt 0.309685 0.072221
vt 0.315313 0.066768
vt 0.138288 0.072388
vt 0.132664 0.066932
vt 0.144706 0.082125
vt 0.295754 0.109272
vt 0.298423 0.096466
vt 0.149529 0.096640
vt 0.152184 0.109445
vt 0.320421 0.058472
vt 0.324677 0.045968
vt 0.123316 0.046127
vt 0.127563 0.058633
usemtl PezNormal
s 1
f 2497/2687 2695/2688 2793/2689
f 2497/2687 2793/2689 2692/2690
f 2692/2690 2793/2689 2693/2691
f 2692/2690 2693/2691 2496/2692
f 2793/2689 2694/2693 2495/2694
f 2793/2689 2495/2694 2693/2691
f 2695/2688 2498/2695 2694/2693
f 2695/2688 2694/2693 2793/2689
f 2500/2696 2699/2697 2794/2698
f 2500/2696 2794/2698 2696/2699
f 2696/2699 2794/2698 2697/2700
f 2696/2699 2697/2700 2499/2701
f 2794/2698 2698/2702 2501/2703
f 2794/2698 2501/2703 2697/2700
f 2699/2697 2502/2704 2698/2702
f 2699/2697 2698/2702 2794/2698
f 2501/2703 2701/2705 2795/2706
f 2501/2703 2795/2706 2697/2700
f 2697/2700 2795/2706 2700/2707
f 2697/2700 2700/2707 2499/2701
f 2795/2706 2692/2690 2496/2692
f 2795/2706 2496/2692 2700/2707
f 2701/2705 2497/2687 2692/2690
f 2701/2705 2692/2690 2795/2706
f 2512/2708 2705/2709 2796/2710
f 2512/2708 2796/2710 2702/2711
f 2702/2711 2796/2710 2703/2712
f 2702/2711 2703/2712 2511/2713
f 2796/2710 2704/2714 2515/2715
f 2796/2710 2515/2715 2703/2712
f 2705/2709 2516/2716 2704/2714
f 2705/2709 2704/2714 2796/2710
f 2516/2716 2705/2709 2797/2717
f 2516/2716 2797/2717 2706/2718
f 2706/2718 2797/2717 2707/2719
f 2706/2718 2707/2719 2517/2720
f 2797/2717 2708/2721 2513/2722
f 2797/2717 2513/2722 2707/2719
f 2705/2709 2512/2708 2708/2721
f 2705/2709 2708/2721 2797/2717
f 2514/2723 2711/2724 2798/2725
f 2514/2723 2798/2725 2709/2726
f 2709/2726 2798/2725 2707/2719
f 2709/2726 2707/2719 2513/2722
f 2798/2725 2710/2727 2517/2720
f 2798/2725 2517/2720 2707/2719
f 2711/2724 2518/2728 2710/2727
f 2711/2724 2710/2727 2798/2725
f 2475/2729 2715/2730 2799/2731
f 2475/2729 2799/2731 2712/2732
f 2712/2732 2799/2731 2713/2733
f 2712/2732 2713/2733 2471/2734
f 2799/2731 2714/2735 2473/2736
f 2799/2731 2473/2736 2713/2733
f 2715/2730 2476/2737 2714/2735
f 2715/2730 2714/2735 2799/2731
f 2474/2738 2719/2739 2800/2740
f 2474/2738 2800/2740 2716/2741
f 2716/2741 2800/2740 2717/2742
f 2716/2741 2717/2742 2472/2743
f 2800/2740 2718/2744 2478/2745
f 2800/2740 2478/2745 2717/2742
f 2719/2739 2477/2746 2718/2744
f 2719/2739 2718/2744 2800/2740
f 2478/2745 2718/2744 2801/2747
f 2478/2745 2801/2747 2720/2748
f 2720/2748 2801/2747 2715/2730
f 2720/2748 2715/2730 2475/2729
f 2801/2747 2721/2749 2476/2737
f 2801/2747 2476/2737 2715/2730
f 2718/2744 2477/2746 2721/2749
f 2718/2744 2721/2749 2801/2747
f 2492/2750 2725/2751 2802/2752
f 2492/2750 2802/2752 2722/2753
f 2722/2753 2802/2752 2723/2754
f 2722/2753 2723/2754 2488/2755
f 2802/2752 2724/2756 2487/2757
f 2802/2752 2487/2757 2723/2754
f 2725/2751 2491/2758 2724/2756
f 2725/2751 2724/2756 2802/2752
f 2488/2755 2728/2759 2803/2760
f 2488/2755 2803/2760 2722/2753
f 2722/2753 2803/2760 2726/2761
f 2722/2753 2726/2761 2492/2750
f 2803/2760 2727/2762 2493/2763
f 2803/2760 2493/2763 2726/2761
f 2728/2759 2489/2764 2727/2762
f 2728/2759 2727/2762 2803/2760
f 2494/2765 2731/2766 2804/2767
f 2494/2765 2804/2767 2729/2768
f 2729/2768 2804/2767 2730/2769
f 2729/2768 2730/2769 2490/2770
f 2804/2767 2727/2762 2489/2764
f 2804/2767 2489/2764 2730/2769
f 2731/2766 2493/2763 2727/2762
f 2731/2766 2727/2762 2804/2767
f 2471/2734 2733/2771 2805/3173
f 2471/2734 2805/3173 2712/2732
f 2712/2732 2805/3173 2732/3169
f 2712/2732 2732/3169 2475/2729
f 2805/2772 2695/2688 2497/2687
f 2805/2772 2497/2687 2732/2773
f 2733/3174 2498/2695 2695/2688
f 2733/3174 2695/2688 2805/2772
f 2478/2745 2735/2774 2806/3172
f 2478/2745 2806/3172 2717/2742
f 2717/2742 2806/3172 2734/3171
f 2717/2742 2734/3171 2472/2743
f 2806/2775 2698/2702 2502/2704
f 2806/2775 2502/2704 2734/2776
f 2735/3167 2501/2703 2698/2702
f 2735/3167 2698/2702 2806/2775
f 2472/2743 2734/3171 2807/3170
f 2472/2743 2807/3170 2716/2741
f 2716/2741 2807/3170 2736/3155
f 2716/2741 2736/3155 2474/2738
f 2807/2777 2699/2697 2500/2696
f 2807/2777 2500/2696 2736/2778
f 2734/2776 2502/2704 2699/2697
f 2734/2776 2699/2697 2807/2777
f 2475/2729 2732/3169 2808/3168
f 2475/2729 2808/3168 2720/2748
f 2720/2748 2808/3168 2735/2774
f 2720/2748 2735/2774 2478/2745
f 2808/2779 2701/2705 2501/2703
f 2808/2779 2501/2703 2735/3167
f 2732/2773 2497/2687 2701/2705
f 2732/2773 2701/2705 2808/2779
f 2491/2758 2738/2780 2809/3166
f 2491/2758 2809/3166 2724/2756
f 2724/2756 2809/3166 2737/3165
f 2724/2756 2737/3165 2487/2757
f 2809/2781 2703/2712 2515/2715
f 2809/2781 2515/2715 2737/2782
f 2738/3146 2511/2713 2703/2712
f 2738/3146 2703/2712 2809/2781
f 2487/2757 2737/3165 2810/3164
f 2487/2757 2810/3164 2723/2754
f 2723/2754 2810/3164 2739/3163
f 2723/2754 2739/3163 2488/2755
f 2810/2783 2704/2714 2516/2716
f 2810/2783 2516/2716 2739/2784
f 2737/2782 2515/2715 2704/2714
f 2737/2782 2704/2714 2810/2783
f 2488/2755 2739/3163 2811/3162
f 2488/2755 2811/3162 2728/2759
f 2728/2759 2811/3162 2740/3161
f 2728/2759 2740/3161 2489/2764
f 2811/2785 2706/2718 2517/2720
f 2811/2785 2517/2720 2740/2786
f 2739/2784 2516/2716 2706/2718
f 2739/2784 2706/2718 2811/2785
f 2489/2764 2740/3161 2812/3160
f 2489/2764 2812/3160 2730/2769
f 2730/2769 2812/3160 2741/3159
f 2730/2769 2741/3159 2490/2770
f 2812/2787 2710/2727 2518/2728
f 2812/2787 2518/2728 2741/2788
f 2740/2786 2517/2720 2710/2727
f 2740/2786 2710/2727 2812/2787
f 2742/2789 2646/2790 2877/2791
f 2742/2789 2877/2791 2813/3158
f 2813/3158 2876/3145 2645/2794
f 2813/3158 2645/2794 2742/2789
f 2743/2795 2644/2796 2876/2793
f 2743/2795 2876/2793 2813/2792
f 2813/2792 2877/3143 2647/2797
f 2813/2792 2647/2797 2743/2795
f 2645/2794 2879/2798 2814/2799
f 2645/2794 2814/2799 2742/2789
f 2814/2799 2878/2800 2646/2790
f 2814/2799 2646/2790 2742/2789
f 2744/2801 2648/2802 2878/2800
f 2744/2801 2878/2800 2814/2799
f 2814/2799 2879/2798 2649/2803
f 2814/2799 2649/2803 2744/2801
f 2649/2803 2881/2804 2815/2805
f 2649/2803 2815/2805 2744/2801
f 2815/2805 2880/2806 2648/2802
f 2815/2805 2648/2802 2744/2801
f 2745/2807 2650/2808 2880/2806
f 2745/2807 2880/2806 2815/2805
f 2815/2805 2881/2804 2651/2809
f 2815/2805 2651/2809 2745/2807
f 2653/2810 2883/2811 2816/2812
f 2653/2810 2816/2812 2746/2813
f 2816/2812 2882/2814 2652/2815
f 2816/2812 2652/2815 2746/2813
f 2651/2809 2882/2814 2816/2812
f 2651/2809 2816/2812 2745/2807
f 2816/2812 2883/2811 2650/2808
f 2816/2812 2650/2808 2745/2807
f 2747/2816 2662/2817 2891/2818
f 2747/2816 2891/2818 2817/3157
f 2817/3157 2890/3141 2661/2821
f 2817/3157 2661/2821 2747/2816
f 2748/2822 2660/2823 2890/2820
f 2748/2822 2890/2820 2817/2819
f 2817/2819 2891/3139 2663/2824
f 2817/2819 2663/2824 2748/2822
f 2661/2821 2893/2825 2818/2826
f 2661/2821 2818/2826 2747/2816
f 2818/2826 2892/2827 2662/2817
f 2818/2826 2662/2817 2747/2816
f 2749/2828 2664/2829 2892/2827
f 2749/2828 2892/2827 2818/2826
f 2818/2826 2893/2825 2665/2830
f 2818/2826 2665/2830 2749/2828
f 2665/2830 2895/2831 2819/2832
f 2665/2830 2819/2832 2749/2828
f 2819/2832 2894/2833 2664/2829
f 2819/2832 2664/2829 2749/2828
f 2750/2834 2666/2835 2894/2833
f 2750/2834 2894/2833 2819/2832
f 2819/2832 2895/2831 2667/2836
f 2819/2832 2667/2836 2750/2834
f 2667/2836 2897/2837 2820/2838
f 2667/2836 2820/2838 2750/2834
f 2820/2838 2896/2839 2666/2835
f 2820/2838 2666/2835 2750/2834
f 2668/2840 2896/2839 2820/2838
f 2668/2840 2820/2838 2751/2841
f 2820/2838 2897/2837 2669/2842
f 2820/2838 2669/2842 2751/2841
f 2752/2843 2678/2844 2905/2845
f 2752/2843 2905/2845 2821/2846
f 2821/2846 2904/2847 2677/2848
f 2821/2846 2677/2848 2752/2843
f 2753/2849 2676/2850 2904/2847
f 2753/2849 2904/2847 2821/2846
f 2821/2846 2905/2845 2679/2851
f 2821/2846 2679/2851 2753/2849
f 2677/2848 2907/2852 2822/2853
f 2677/2848 2822/2853 2752/2843
f 2822/2853 2906/2854 2678/2844
f 2822/2853 2678/2844 2752/2843
f 2754/2855 2680/2856 2906/2854
f 2754/2855 2906/2854 2822/2853
f 2822/2853 2907/2852 2681/2857
f 2822/2853 2681/2857 2754/2855
f 2679/2851 2909/2858 2823/3156
f 2679/2851 2823/3156 2753/2849
f 2823/3156 2908/3137 2676/2850
f 2823/3156 2676/2850 2753/2849
f 2755/2861 2682/2862 2908/2860
f 2755/2861 2908/2860 2823/2859
f 2823/2859 2909/3135 2683/2863
f 2823/2859 2683/2863 2755/2861
f 2681/2857 2911/2864 2824/2865
f 2681/2857 2824/2865 2754/2855
f 2824/2865 2910/2866 2680/2856
f 2824/2865 2680/2856 2754/2855
f 2684/2867 2910/2866 2824/2865
f 2684/2867 2824/2865 2756/2868
f 2824/2865 2911/2864 2685/2869
f 2824/2865 2685/2869 2756/2868
f 2656/2870 2885/2871 2825/2872
f 2656/2870 2825/2872 2757/2873
f 2825/2872 2884/2874 2655/2875
f 2825/2872 2655/2875 2757/2873
f 2758/2876 2654/2877 2884/2874
f 2758/2876 2884/2874 2825/2872
f 2825/2872 2885/2871 2657/2878
f 2825/2872 2657/2878 2758/2876
f 2657/2878 2887/2879 2826/2880
f 2657/2878 2826/2880 2758/2876
f 2826/2880 2886/2881 2654/2877
f 2826/2880 2654/2877 2758/2876
f 2759/2882 2658/2883 2886/2881
f 2759/2882 2886/2881 2826/2880
f 2826/2880 2887/2879 2659/2884
f 2826/2880 2659/2884 2759/2882
f 2647/2797 2889/2885 2827/2886
f 2647/2797 2827/2886 2743/2795
f 2827/2886 2888/2887 2644/2796
f 2827/2886 2644/2796 2743/2795
f 2659/2884 2888/2887 2827/2886
f 2659/2884 2827/2886 2759/2882
f 2827/2886 2889/2885 2658/2883
f 2827/2886 2658/2883 2759/2882
f 2663/2824 2899/2888 2828/2889
f 2663/2824 2828/2889 2748/2822
f 2828/2889 2898/2890 2660/2823
f 2828/2889 2660/2823 2748/2822
f 2760/2891 2670/2892 2898/2890
f 2760/2891 2898/2890 2828/2889
f 2828/2889 2899/2888 2671/2893
f 2828/2889 2671/2893 2760/2891
f 2671/2893 2901/2894 2829/2895
f 2671/2893 2829/2895 2760/2891
f 2829/2895 2900/2896 2670/2892
f 2829/2895 2670/2892 2760/2891
f 2761/2897 2672/2898 2900/2896
f 2761/2897 2900/2896 2829/2895
f 2829/2895 2901/2894 2673/2899
f 2829/2895 2673/2899 2761/2897
f 2673/2899 2903/2900 2830/2901
f 2673/2899 2830/2901 2761/2897
f 2830/2901 2902/2902 2672/2898
f 2830/2901 2672/2898 2761/2897
f 2674/2903 2902/2902 2830/2901
f 2674/2903 2830/2901 2762/2904
f 2830/2901 2903/2900 2675/2905
f 2830/2901 2675/2905 2762/2904
f 2683/2863 2913/2906 2831/2907
f 2683/2863 2831/2907 2755/2861
f 2831/2907 2912/2908 2682/2862
f 2831/2907 2682/2862 2755/2861
f 2763/2909 2686/2910 2912/2908
f 2763/2909 2912/2908 2831/2907
f 2831/2907 2913/2906 2687/2911
f 2831/2907 2687/2911 2763/2909
f 2687/2911 2915/2912 2832/2913
f 2687/2911 2832/2913 2763/2909
f 2832/2913 2914/2914 2686/2910
f 2832/2913 2686/2910 2763/2909
f 2764/2915 2688/2916 2914/2914
f 2764/2915 2914/2914 2832/2913
f 2832/2913 2915/2912 2689/2917
f 2832/2913 2689/2917 2764/2915
f 2689/2917 2917/2918 2833/2919
f 2689/2917 2833/2919 2764/2915
f 2833/2919 2916/2920 2688/2916
f 2833/2919 2688/2916 2764/2915
f 2690/2921 2916/2920 2833/2919
f 2690/2921 2833/2919 2765/2922
f 2833/2919 2917/2918 2691/2923
f 2833/2919 2691/2923 2765/2922
f 2543/2924 2768/2925 2834/2926
f 2543/2924 2834/2926 2766/2927
f 2766/2927 2834/2926 2693/2691
f 2766/2927 2693/2691 2495/2694
f 2834/2926 2767/2928 2496/2692
f 2834/2926 2496/2692 2693/2691
f 2768/2925 2545/2929 2767/2928
f 2768/2925 2767/2928 2834/2926
f 2549/2930 2771/2931 2835/2932
f 2549/2930 2835/2932 2769/2933
f 2769/2933 2835/2932 2696/2699
f 2769/2933 2696/2699 2499/2701
f 2835/2932 2770/2934 2500/2696
f 2835/2932 2500/2696 2696/2699
f 2771/2931 2547/2935 2770/2934
f 2771/2931 2770/2934 2835/2932
f 2545/2929 2772/2936 2836/2937
f 2545/2929 2836/2937 2767/2928
f 2767/2928 2836/2937 2700/2707
f 2767/2928 2700/2707 2496/2692
f 2836/2937 2769/2933 2499/2701
f 2836/2937 2499/2701 2700/2707
f 2772/2936 2549/2930 2769/2933
f 2772/2936 2769/2933 2836/2937
f 2550/2938 2776/2939 2837/2940
f 2550/2938 2837/2940 2773/2941
f 2773/2941 2837/2940 2774/2942
f 2773/2941 2774/2942 2548/2943
f 2837/2940 2775/2944 2503/2945
f 2837/2940 2503/2945 2774/2942
f 2776/2939 2504/2946 2775/2944
f 2776/2939 2775/2944 2837/2940
f 2550/2938 2779/2947 2838/2948
f 2550/2938 2838/2948 2776/2939
f 2776/2939 2838/2948 2777/2949
f 2776/2939 2777/2949 2504/2946
f 2838/2948 2778/2950 2505/2951
f 2838/2948 2505/2951 2777/2949
f 2779/2947 2546/2952 2778/2950
f 2779/2947 2778/2950 2838/2948
f 2505/2951 2778/2950 2839/2953
f 2505/2951 2839/2953 2780/2954
f 2780/2954 2839/2953 2781/2955
f 2780/2954 2781/2955 2506/2956
f 2839/2953 2782/2957 2544/2958
f 2839/2953 2544/2958 2781/2955
f 2778/2950 2546/2952 2782/2957
f 2778/2950 2782/2957 2839/2953
f 2504/2946 2785/2959 2840/2960
f 2504/2946 2840/2960 2775/2944
f 2775/2944 2840/2960 2783/2961
f 2775/2944 2783/2961 2503/2945
f 2840/2960 2784/2962 2551/2963
f 2840/2960 2551/2963 2783/2961
f 2785/2959 2553/2964 2784/2962
f 2785/2959 2784/2962 2840/2960
f 2505/2951 2787/2965 2841/2966
f 2505/2951 2841/2966 2777/2949
f 2777/2949 2841/2966 2785/2959
f 2777/2949 2785/2959 2504/2946
f 2841/2966 2786/2967 2553/2964
f 2841/2966 2553/2964 2785/2959
f 2787/2965 2555/2968 2786/2967
f 2787/2965 2786/2967 2841/2966
f 2557/2969 2789/2970 2842/2971
f 2557/2969 2842/2971 2788/2972
f 2788/2972 2842/2971 2780/2954
f 2788/2972 2780/2954 2506/2956
f 2842/2971 2787/2965 2505/2951
f 2842/2971 2505/2951 2780/2954
f 2789/2970 2555/2968 2787/2965
f 2789/2970 2787/2965 2842/2971
f 2559/2973 2567/2974 2843/2975
f 2559/2973 2843/2975 2790/2976
f 2790/2976 2843/2975 2791/2977
f 2790/2976 2791/2977 2561/2978
f 2843/2975 2792/2979 2507/2980
f 2843/2975 2507/2980 2791/2977
f 2567/2974 2508/2981 2792/2979
f 2567/2974 2792/2979 2843/2975
f 2509/2982 2570/2983 2844/2984
f 2509/2982 2844/2984 2568/2985
f 2568/2985 2844/2984 2791/2977
f 2568/2985 2791/2977 2507/2980
f 2844/2984 2569/2986 2561/2978
f 2844/2984 2561/2978 2791/2977
f 2570/2983 2563/2987 2569/2986
f 2570/2983 2569/2986 2844/2984
f 2563/2987 2570/2983 2845/2988
f 2563/2987 2845/2988 2571/2989
f 2571/2989 2845/2988 2572/2990
f 2571/2989 2572/2990 2565/2991
f 2845/2988 2573/2992 2510/2993
f 2845/2988 2510/2993 2572/2990
f 2570/2983 2509/2982 2573/2992
f 2570/2983 2573/2992 2845/2988
f 2509/2982 2576/2994 2846/2995
f 2509/2982 2846/2995 2573/2992
f 2573/2992 2846/2995 2574/2996
f 2573/2992 2574/2996 2510/2993
f 2846/2995 2575/2997 2558/2998
f 2846/2995 2558/2998 2574/2996
f 2576/2994 2556/2999 2575/2997
f 2576/2994 2575/2997 2846/2995
f 2554/3000 2578/3001 2847/3002
f 2554/3000 2847/3002 2577/3003
f 2577/3003 2847/3002 2568/2985
f 2577/3003 2568/2985 2507/2980
f 2847/3002 2576/2994 2509/2982
f 2847/3002 2509/2982 2568/2985
f 2578/3001 2556/2999 2576/2994
f 2578/3001 2576/2994 2847/3002
f 2508/2981 2580/3004 2848/3005
f 2508/2981 2848/3005 2792/2979
f 2792/2979 2848/3005 2577/3003
f 2792/2979 2577/3003 2507/2980
f 2848/3005 2579/3006 2554/3000
f 2848/3005 2554/3000 2577/3003
f 2580/3004 2552/3007 2579/3006
f 2580/3004 2579/3006 2848/3005
f 2562/3008 2583/3009 2849/3010
f 2562/3008 2849/3010 2581/3011
f 2581/3011 2849/3010 2582/3012
f 2581/3011 2582/3012 2560/3013
f 2849/3010 2702/2711 2511/2713
f 2849/3010 2511/2713 2582/3012
f 2583/3009 2512/2708 2702/2711
f 2583/3009 2702/2711 2849/3010
f 2512/2708 2583/3009 2850/3014
f 2512/2708 2850/3014 2708/2721
f 2708/2721 2850/3014 2584/3015
f 2708/2721 2584/3015 2513/2722
f 2850/3014 2585/3016 2564/3017
f 2850/3014 2564/3017 2584/3015
f 2583/3009 2562/3008 2585/3016
f 2583/3009 2585/3016 2850/3014
f 2566/3018 2587/3019 2851/3020
f 2566/3018 2851/3020 2586/3021
f 2586/3021 2851/3020 2584/3015
f 2586/3021 2584/3015 2564/3017
f 2851/3020 2709/2726 2513/2722
f 2851/3020 2513/2722 2584/3015
f 2587/3019 2514/2723 2709/2726
f 2587/3019 2709/2726 2851/3020
f 2524/3022 2590/3023 2852/3024
f 2524/3022 2852/3024 2588/3025
f 2588/3025 2852/3024 2589/3026
f 2588/3025 2589/3026 2525/3027
f 2852/3024 2714/2735 2476/2737
f 2852/3024 2476/2737 2589/3026
f 2590/3023 2473/2736 2714/2735
f 2590/3023 2714/2735 2852/3024
f 2521/3028 2593/3029 2853/3030
f 2521/3028 2853/3030 2591/3031
f 2591/3031 2853/3030 2592/3032
f 2591/3031 2592/3032 2519/3033
f 2853/3030 2719/2739 2474/2738
f 2853/3030 2474/2738 2592/3032
f 2593/3029 2477/2746 2719/2739
f 2593/3029 2719/2739 2853/3030
f 2525/3027 2589/3026 2854/3034
f 2525/3027 2854/3034 2594/3035
f 2594/3035 2854/3034 2593/3029
f 2594/3035 2593/3029 2521/3028
f 2854/3034 2721/2749 2477/2746
f 2854/3034 2477/2746 2593/3029
f 2589/3026 2476/2737 2721/2749
f 2589/3026 2721/2749 2854/3034
f 2522/3036 2598/3037 2855/3038
f 2522/3036 2855/3038 2595/3039
f 2595/3039 2855/3038 2596/3040
f 2595/3039 2596/3040 2480/3041
f 2855/3038 2597/3042 2479/3043
f 2855/3038 2479/3043 2596/3040
f 2598/3037 2520/3044 2597/3042
f 2598/3037 2597/3042 2855/3038
f 2522/3036 2595/3039 2856/3045
f 2522/3036 2856/3045 2599/3046
f 2599/3046 2856/3045 2600/3047
f 2599/3046 2600/3047 2526/3048
f 2856/3045 2601/3049 2481/3050
f 2856/3045 2481/3050 2600/3047
f 2595/3039 2480/3041 2601/3049
f 2595/3039 2601/3049 2856/3045
f 2481/3050 2604/3051 2857/3052
f 2481/3050 2857/3052 2600/3047
f 2600/3047 2857/3052 2602/3053
f 2600/3047 2602/3053 2526/3048
f 2857/3052 2603/3054 2523/3055
f 2857/3052 2523/3055 2602/3053
f 2604/3051 2482/3056 2603/3054
f 2604/3051 2603/3054 2857/3052
f 2480/3041 2596/3040 2858/3057
f 2480/3041 2858/3057 2605/3058
f 2605/3058 2858/3057 2606/3059
f 2605/3058 2606/3059 2529/3060
f 2858/3057 2607/3061 2527/3062
f 2858/3057 2527/3062 2606/3059
f 2596/3040 2479/3043 2607/3061
f 2596/3040 2607/3061 2858/3057
f 2481/3050 2601/3049 2859/3063
f 2481/3050 2859/3063 2608/3064
f 2608/3064 2859/3063 2609/3065
f 2608/3064 2609/3065 2531/3066
f 2859/3063 2605/3058 2529/3060
f 2859/3063 2529/3060 2609/3065
f 2601/3049 2480/3041 2605/3058
f 2601/3049 2605/3058 2859/3063
f 2534/3067 2611/3068 2860/3069
f 2534/3067 2860/3069 2610/3070
f 2610/3070 2860/3069 2608/3064
f 2610/3070 2608/3064 2531/3066
f 2860/3069 2604/3051 2481/3050
f 2860/3069 2481/3050 2608/3064
f 2611/3068 2482/3056 2604/3051
f 2611/3068 2604/3051 2860/3069
f 2537/3071 2615/3072 2861/3073
f 2537/3071 2861/3073 2612/3074
f 2612/3074 2861/3073 2613/3075
f 2612/3074 2613/3075 2486/3076
f 2861/3073 2614/3077 2485/3078
f 2861/3073 2485/3078 2613/3075
f 2615/3072 2535/3079 2614/3077
f 2615/3072 2614/3077 2861/3073
f 2484/3080 2618/3081 2862/3082
f 2484/3080 2862/3082 2616/3083
f 2616/3083 2862/3082 2617/3084
f 2616/3083 2617/3084 2539/3085
f 2862/3082 2614/3077 2535/3079
f 2862/3082 2535/3079 2617/3084
f 2618/3081 2485/3078 2614/3077
f 2618/3081 2614/3077 2862/3082
f 2539/3085 2621/3086 2863/3087
f 2539/3085 2863/3087 2616/3083
f 2616/3083 2863/3087 2619/3088
f 2616/3083 2619/3088 2484/3080
f 2863/3087 2620/3089 2483/3090
f 2863/3087 2483/3090 2619/3088
f 2621/3086 2542/3091 2620/3089
f 2621/3086 2620/3089 2863/3087
f 2484/3080 2619/3088 2864/3092
f 2484/3080 2864/3092 2622/3093
f 2622/3093 2864/3092 2623/3094
f 2622/3093 2623/3094 2532/3095
f 2864/3092 2624/3096 2533/3097
f 2864/3092 2533/3097 2623/3094
f 2619/3088 2483/3090 2624/3096
f 2619/3088 2624/3096 2864/3092
f 2530/3098 2626/3099 2865/3100
f 2530/3098 2865/3100 2625/3101
f 2625/3101 2865/3100 2622/3093
f 2625/3101 2622/3093 2532/3095
f 2865/3100 2618/3081 2484/3080
f 2865/3100 2484/3080 2622/3093
f 2626/3099 2485/3078 2618/3081
f 2626/3099 2618/3081 2865/3100
f 2486/3076 2613/3075 2866/3102
f 2486/3076 2866/3102 2627/3103
f 2627/3103 2866/3102 2628/3104
f 2627/3103 2628/3104 2528/3105
f 2866/3102 2626/3099 2530/3098
f 2866/3102 2530/3098 2628/3104
f 2613/3075 2485/3078 2626/3099
f 2613/3075 2626/3099 2866/3102
f 2536/3106 2631/3107 2867/3108
f 2536/3106 2867/3108 2629/3109
f 2629/3109 2867/3108 2725/2751
f 2629/3109 2725/2751 2492/2750
f 2867/3108 2630/3110 2491/2758
f 2867/3108 2491/2758 2725/2751
f 2631/3107 2538/3111 2630/3110
f 2631/3107 2630/3110 2867/3108
f 2492/2750 2726/2761 2868/3112
f 2492/2750 2868/3112 2629/3109
f 2629/3109 2868/3112 2632/3113
f 2629/3109 2632/3113 2536/3106
f 2868/3112 2633/3114 2540/3115
f 2868/3112 2540/3115 2632/3113
f 2726/2761 2493/2763 2633/3114
f 2726/2761 2633/3114 2868/3112
f 2541/3116 2635/3117 2869/3118
f 2541/3116 2869/3118 2634/3119
f 2634/3119 2869/3118 2731/2766
f 2634/3119 2731/2766 2494/2765
f 2869/3118 2633/3114 2493/2763
f 2869/3118 2493/2763 2731/2766
f 2635/3117 2540/3115 2633/3114
f 2635/3117 2633/3114 2869/3118
f 2474/2738 2736/3155 2870/3154
f 2474/2738 2870/3154 2592/3032
f 2592/3032 2870/3154 2636/3142
f 2592/3032 2636/3142 2519/3033
f 2870/3120 2770/2934 2547/2935
f 2870/3120 2547/2935 2636/3121
f 2736/2778 2500/2696 2770/2934
f 2736/2778 2770/2934 2870/3120
f 2520/3044 2638/3122 2871/3153
f 2520/3044 2871/3153 2597/3042
f 2597/3042 2871/3153 2637/3152
f 2597/3042 2637/3152 2479/3043
f 2871/3123 2774/2942 2503/2945
f 2871/3123 2503/2945 2637/3124
f 2638/3144 2548/2943 2774/2942
f 2638/3144 2774/2942 2871/3123
f 2479/3043 2637/3152 2872/3151
f 2479/3043 2872/3151 2607/3061
f 2607/3061 2872/3151 2639/3138
f 2607/3061 2639/3138 2527/3062
f 2872/3125 2783/2961 2551/2963
f 2872/3125 2551/2963 2639/3126
f 2637/3124 2503/2945 2783/2961
f 2637/3124 2783/2961 2872/3125
f 2486/3076 2641/3127 2873/3150
f 2486/3076 2873/3150 2612/3074
f 2612/3074 2873/3150 2640/3134
f 2612/3074 2640/3134 2537/3071
f 2873/3128 2567/2974 2559/2973
f 2873/3128 2559/2973 2640/3129
f 2641/3148 2508/2981 2567/2974
f 2641/3148 2567/2974 2873/3128
f 2528/3105 2642/3130 2874/3149
f 2528/3105 2874/3149 2627/3103
f 2627/3103 2874/3149 2641/3127
f 2627/3103 2641/3127 2486/3076
f 2874/3131 2580/3004 2508/2981
f 2874/3131 2508/2981 2641/3148
f 2642/3140 2552/3007 2580/3004
f 2642/3140 2580/3004 2874/3131
f 2538/3111 2643/3132 2875/3147
f 2538/3111 2875/3147 2630/3110
f 2630/3110 2875/3147 2738/2780
f 2630/3110 2738/2780 2491/2758
f 2875/3133 2582/3012 2511/2713
f 2875/3133 2511/2713 2738/3146
f 2643/3136 2560/3013 2582/3012
f 2643/3136 2582/3012 2875/3133
f 2520/3044 2645/2794 2876/3145
f 2520/3044 2876/3145 2638/3122
f 2638/3144 2876/2793 2644/2796
f 2638/3144 2644/2796 2548/2943
f 2547/2935 2647/2797 2877/3143
f 2547/2935 2877/3143 2636/3121
f 2636/3142 2877/2791 2646/2790
f 2636/3142 2646/2790 2519/3033
f 2519/3033 2646/2790 2878/2800
f 2519/3033 2878/2800 2591/3031
f 2591/3031 2878/2800 2648/2802
f 2591/3031 2648/2802 2521/3028
f 2522/3036 2649/2803 2879/2798
f 2522/3036 2879/2798 2598/3037
f 2598/3037 2879/2798 2645/2794
f 2598/3037 2645/2794 2520/3044
f 2521/3028 2648/2802 2880/2806
f 2521/3028 2880/2806 2594/3035
f 2594/3035 2880/2806 2650/2808
f 2594/3035 2650/2808 2525/3027
f 2526/3048 2651/2809 2881/2804
f 2526/3048 2881/2804 2599/3046
f 2599/3046 2881/2804 2649/2803
f 2599/3046 2649/2803 2522/3036
f 2523/3055 2652/2815 2882/2814
f 2523/3055 2882/2814 2602/3053
f 2602/3053 2882/2814 2651/2809
f 2602/3053 2651/2809 2526/3048
f 2525/3027 2650/2808 2883/2811
f 2525/3027 2883/2811 2588/3025
f 2588/3025 2883/2811 2653/2810
f 2588/3025 2653/2810 2524/3022
f 2543/2924 2655/2875 2884/2874
f 2543/2924 2884/2874 2768/2925
f 2768/2925 2884/2874 2654/2877
f 2768/2925 2654/2877 2545/2929
f 2546/2952 2657/2878 2885/2871
f 2546/2952 2885/2871 2782/2957
f 2782/2957 2885/2871 2656/2870
f 2782/2957 2656/2870 2544/2958
f 2545/2929 2654/2877 2886/2881
f 2545/2929 2886/2881 2772/2936
f 2772/2936 2886/2881 2658/2883
f 2772/2936 2658/2883 2549/2930
f 2550/2938 2659/2884 2887/2879
f 2550/2938 2887/2879 2779/2947
f 2779/2947 2887/2879 2657/2878
f 2779/2947 2657/2878 2546/2952
f 2548/2943 2644/2796 2888/2887
f 2548/2943 2888/2887 2773/2941
f 2773/2941 2888/2887 2659/2884
f 2773/2941 2659/2884 2550/2938
f 2549/2930 2658/2883 2889/2885
f 2549/2930 2889/2885 2771/2931
f 2771/2931 2889/2885 2647/2797
f 2771/2931 2647/2797 2547/2935
f 2528/3105 2661/2821 2890/3141
f 2528/3105 2890/3141 2642/3130
f 2642/3140 2890/2820 2660/2823
f 2642/3140 2660/2823 2552/3007
f 2551/2963 2663/2824 2891/3139
f 2551/2963 2891/3139 2639/3126
f 2639/3138 2891/2818 2662/2817
f 2639/3138 2662/2817 2527/3062
f 2527/3062 2662/2817 2892/2827
f 2527/3062 2892/2827 2606/3059
f 2606/3059 2892/2827 2664/2829
f 2606/3059 2664/2829 2529/3060
f 2530/3098 2665/2830 2893/2825
f 2530/3098 2893/2825 2628/3104
f 2628/3104 2893/2825 2661/2821
f 2628/3104 2661/2821 2528/3105
f 2529/3060 2664/2829 2894/2833
f 2529/3060 2894/2833 2609/3065
f 2609/3065 2894/2833 2666/2835
f 2609/3065 2666/2835 2531/3066
f 2532/3095 2667/2836 2895/2831
f 2532/3095 2895/2831 2625/3101
f 2625/3101 2895/2831 2665/2830
f 2625/3101 2665/2830 2530/3098
f 2531/3066 2666/2835 2896/2839
f 2531/3066 2896/2839 2610/3070
f 2610/3070 2896/2839 2668/2840
f 2610/3070 2668/2840 2534/3067
f 2533/3097 2669/2842 2897/2837
f 2533/3097 2897/2837 2623/3094
f 2623/3094 2897/2837 2667/2836
f 2623/3094 2667/2836 2532/3095
f 2552/3007 2660/2823 2898/2890
f 2552/3007 2898/2890 2579/3006
f 2579/3006 2898/2890 2670/2892
f 2579/3006 2670/2892 2554/3000
f 2553/2964 2671/2893 2899/2888
f 2553/2964 2899/2888 2784/2962
f 2784/2962 2899/2888 2663/2824
f 2784/2962 2663/2824 2551/2963
f 2554/3000 2670/2892 2900/2896
f 2554/3000 2900/2896 2578/3001
f 2578/3001 2900/2896 2672/2898
f 2578/3001 2672/2898 2556/2999
f 2555/2968 2673/2899 2901/2894
f 2555/2968 2901/2894 2786/2967
f 2786/2967 2901/2894 2671/2893
f 2786/2967 2671/2893 2553/2964
f 2556/2999 2672/2898 2902/2902
f 2556/2999 2902/2902 2575/2997
f 2575/2997 2902/2902 2674/2903
f 2575/2997 2674/2903 2558/2998
f 2557/2969 2675/2905 2903/2900
f 2557/2969 2903/2900 2789/2970
f 2789/2970 2903/2900 2673/2899
f 2789/2970 2673/2899 2555/2968
f 2536/3106 2677/2848 2904/2847
f 2536/3106 2904/2847 2631/3107
f 2631/3107 2904/2847 2676/2850
f 2631/3107 2676/2850 2538/3111
f 2537/3071 2679/2851 2905/2845
f 2537/3071 2905/2845 2615/3072
f 2615/3072 2905/2845 2678/2844
f 2615/3072 2678/2844 2535/3079
f 2535/3079 2678/2844 2906/2854
f 2535/3079 2906/2854 2617/3084
f 2617/3084 2906/2854 2680/2856
f 2617/3084 2680/2856 2539/3085
f 2540/3115 2681/2857 2907/2852
f 2540/3115 2907/2852 2632/3113
f 2632/3113 2907/2852 2677/2848
f 2632/3113 2677/2848 2536/3106
f 2538/3111 2676/2850 2908/3137
f 2538/3111 2908/3137 2643/3132
f 2643/3136 2908/2860 2682/2862
f 2643/3136 2682/2862 2560/3013
f 2559/2973 2683/2863 2909/3135
f 2559/2973 2909/3135 2640/3129
f 2640/3134 2909/2858 2679/2851
f 2640/3134 2679/2851 2537/3071
f 2539/3085 2680/2856 2910/2866
f 2539/3085 2910/2866 2621/3086
f 2621/3086 2910/2866 2684/2867
f 2621/3086 2684/2867 2542/3091
f 2541/3116 2685/2869 2911/2864
f 2541/3116 2911/2864 2635/3117
f 2635/3117 2911/2864 2681/2857
f 2635/3117 2681/2857 2540/3115
f 2560/3013 2682/2862 2912/2908
f 2560/3013 2912/2908 2581/3011
f 2581/3011 2912/2908 2686/2910
f 2581/3011 2686/2910 2562/3008
f 2561/2978 2687/2911 2913/2906
f 2561/2978 2913/2906 2790/2976
f 2790/2976 2913/2906 2683/2863
f 2790/2976 2683/2863 2559/2973
f 2562/3008 2686/2910 2914/2914
f 2562/3008 2914/2914 2585/3016
f 2585/3016 2914/2914 2688/2916
f 2585/3016 2688/2916 2564/3017
f 2563/2987 2689/2917 2915/2912
f 2563/2987 2915/2912 2569/2986
f 2569/2986 2915/2912 2687/2911
f 2569/2986 2687/2911 2561/2978
f 2564/3017 2688/2916 2916/2920
f 2564/3017 2916/2920 2586/3021
f 2586/3021 2916/2920 2690/2921
f 2586/3021 2690/2921 2566/3018
f 2565/2991 2691/2923 2917/2918
f 2565/2991 2917/2918 2571/2989
f 2571/2989 2917/2918 2689/2917
f 2571/2989 2689/2917 2563/2987
f 2944/3175 3139/3178 3240/3177
f 2944/3175 3240/3177 3142/3176
f 3139/3178 2943/3180 3140/3179
f 3139/3178 3140/3179 3240/3177
f 3240/3177 3140/3179 2942/3182
f 3240/3177 2942/3182 3141/3181
f 3142/3176 3240/3177 3141/3181
f 3142/3176 3141/3181 2945/3183
f 2947/3184 3143/3187 3241/3186
f 2947/3184 3241/3186 3146/3185
f 3143/3187 2946/3189 3144/3188
f 3143/3187 3144/3188 3241/3186
f 3241/3186 3144/3188 2948/3191
f 3241/3186 2948/3191 3145/3190
f 3146/3185 3241/3186 3145/3190
f 3146/3185 3145/3190 2949/3192
f 2948/3191 3144/3188 3242/3194
f 2948/3191 3242/3194 3148/3193
f 3144/3188 2946/3189 3147/3195
f 3144/3188 3147/3195 3242/3194
f 3242/3194 3147/3195 2943/3180
f 3242/3194 2943/3180 3139/3178
f 3148/3193 3242/3194 3139/3178
f 3148/3193 3139/3178 2944/3175
f 2959/3196 3149/3199 3243/3198
f 2959/3196 3243/3198 3152/3197
f 3149/3199 2958/3201 3150/3200
f 3149/3199 3150/3200 3243/3198
f 3243/3198 3150/3200 2962/3203
f 3243/3198 2962/3203 3151/3202
f 3152/3197 3243/3198 3151/3202
f 3152/3197 3151/3202 2963/3204
f 2963/3204 3153/3206 3244/3205
f 2963/3204 3244/3205 3152/3197
f 3153/3206 2964/3208 3154/3207
f 3153/3206 3154/3207 3244/3205
f 3244/3205 3154/3207 2960/3210
f 3244/3205 2960/3210 3155/3209
f 3152/3197 3244/3205 3155/3209
f 3152/3197 3155/3209 2959/3196
f 2961/3211 3156/3214 3245/3213
f 2961/3211 3245/3213 3158/3212
f 3156/3214 2960/3210 3154/3207
f 3156/3214 3154/3207 3245/3213
f 3245/3213 3154/3207 2964/3208
f 3245/3213 2964/3208 3157/3215
f 3158/3212 3245/3213 3157/3215
f 3158/3212 3157/3215 2965/3216
f 2922/3217 3159/3220 3246/3219
f 2922/3217 3246/3219 3162/3218
f 3159/3220 2918/3222 3160/3221
f 3159/3220 3160/3221 3246/3219
f 3246/3219 3160/3221 2920/3224
f 3246/3219 2920/3224 3161/3223
f 3162/3218 3246/3219 3161/3223
f 3162/3218 3161/3223 2923/3225
f 2921/3226 3163/3229 3247/3228
f 2921/3226 3247/3228 3166/3227
f 3163/3229 2919/3231 3164/3230
f 3163/3229 3164/3230 3247/3228
f 3247/3228 3164/3230 2925/3233
f 3247/3228 2925/3233 3165/3232
f 3166/3227 3247/3228 3165/3232
f 3166/3227 3165/3232 2924/3234
f 2925/3233 3167/3236 3248/3235
f 2925/3233 3248/3235 3165/3232
f 3167/3236 2922/3217 3162/3218
f 3167/3236 3162/3218 3248/3235
f 3248/3235 3162/3218 2923/3225
f 3248/3235 2923/3225 3168/3237
f 3165/3232 3248/3235 3168/3237
f 3165/3232 3168/3237 2924/3234
f 2939/3238 3169/3241 3249/3240
f 2939/3238 3249/3240 3172/3239
f 3169/3241 2935/3243 3170/3242
f 3169/3241 3170/3242 3249/3240
f 3249/3240 3170/3242 2934/3245
f 3249/3240 2934/3245 3171/3244
f 3172/3239 3249/3240 3171/3244
f 3172/3239 3171/3244 2938/3246
f 2935/3243 3169/3241 3250/3248
f 2935/3243 3250/3248 3175/3247
f 3169/3241 2939/3238 3173/3249
f 3169/3241 3173/3249 3250/3248
f 3250/3248 3173/3249 2940/3251
f 3250/3248 2940/3251 3174/3250
f 3175/3247 3250/3248 3174/3250
f 3175/3247 3174/3250 2936/3252
f 2941/3253 3176/3256 3251/3255
f 2941/3253 3251/3255 3178/3254
f 3176/3256 2937/3258 3177/3257
f 3176/3256 3177/3257 3251/3255
f 3251/3255 3177/3257 2936/3252
f 3251/3255 2936/3252 3174/3250
f 3178/3254 3251/3255 3174/3250
f 3178/3254 3174/3250 2940/3251
f 2918/3222 3159/3220 3252/3260
f 2918/3222 3252/3260 3180/3259
f 3159/3220 2922/3217 3179/3261
f 3159/3220 3179/3261 3252/3260
f 3252/3262 3179/3263 2944/3175
f 3252/3262 2944/3175 3142/3176
f 3180/3264 3252/3262 3142/3176
f 3180/3264 3142/3176 2945/3183
f 2925/3233 3164/3230 3253/3266
f 2925/3233 3253/3266 3182/3265
f 3164/3230 2919/3231 3181/3267
f 3164/3230 3181/3267 3253/3266
f 3253/3268 3181/3269 2949/3192
f 3253/3268 2949/3192 3145/3190
f 3182/3270 3253/3268 3145/3190
f 3182/3270 3145/3190 2948/3191
f 2919/3231 3163/3229 3254/3271
f 2919/3231 3254/3271 3181/3267
f 3163/3229 2921/3226 3183/3272
f 3163/3229 3183/3272 3254/3271
f 3254/3273 3183/3274 2947/3184
f 3254/3273 2947/3184 3146/3185
f 3181/3269 3254/3273 3146/3185
f 3181/3269 3146/3185 2949/3192
f 2922/3217 3167/3236 3255/3275
f 2922/3217 3255/3275 3179/3261
f 3167/3236 2925/3233 3182/3265
f 3167/3236 3182/3265 3255/3275
f 3255/3276 3182/3270 2948/3191
f 3255/3276 2948/3191 3148/3193
f 3179/3263 3255/3276 3148/3193
f 3179/3263 3148/3193 2944/3175
f 2938/3246 3171/3244 3256/3278
f 2938/3246 3256/3278 3185/3277
f 3171/3244 2934/3245 3184/3279
f 3171/3244 3184/3279 3256/3278
f 3256/3280 3184/3281 2962/3203
f 3256/3280 2962/3203 3150/3200
f 3185/3282 3256/3280 3150/3200
f 3185/3282 3150/3200 2958/3201
f 2934/3245 3170/3242 3257/3283
f 2934/3245 3257/3283 3184/3279
f 3170/3242 2935/3243 3186/3284
f 3170/3242 3186/3284 3257/3283
f 3257/3285 3186/3286 2963/3204
f 3257/3285 2963/3204 3151/3202
f 3184/3281 3257/3285 3151/3202
f 3184/3281 3151/3202 2962/3203
f 2935/3243 3175/3247 3258/3287
f 2935/3243 3258/3287 3186/3284
f 3175/3247 2936/3252 3187/3288
f 3175/3247 3187/3288 3258/3287
f 3258/3289 3187/3290 2964/3208
f 3258/3289 2964/3208 3153/3206
f 3186/3286 3258/3289 3153/3206
f 3186/3286 3153/3206 2963/3204
f 2936/3252 3177/3257 3259/3291
f 2936/3252 3259/3291 3187/3288
f 3177/3257 2937/3258 3188/3292
f 3177/3257 3188/3292 3259/3291
f 3259/3293 3188/3294 2965/3216
f 3259/3293 2965/3216 3157/3215
f 3187/3290 3259/3293 3157/3215
f 3187/3290 3157/3215 2964/3208
f 3189/3295 3260/3298 3324/3297
f 3189/3295 3324/3297 3093/3296
f 3260/3298 3189/3295 3092/3300
f 3260/3298 3092/3300 3323/3299
f 3190/3301 3260/3304 3323/3303
f 3190/3301 3323/3303 3091/3302
f 3260/3304 3190/3301 3094/3306
f 3260/3304 3094/3306 3324/3305
f 3092/3300 3189/3295 3261/3308
f 3092/3300 3261/3308 3326/3307
f 3261/3308 3189/3295 3093/3296
f 3261/3308 3093/3296 3325/3309
f 3191/3310 3261/3308 3325/3309
f 3191/3310 3325/3309 3095/3311
f 3261/3308 3191/3310 3096/3312
f 3261/3308 3096/3312 3326/3307
f 3096/3312 3191/3310 3262/3314
f 3096/3312 3262/3314 3328/3313
f 3262/3314 3191/3310 3095/3311
f 3262/3314 3095/3311 3327/3315
f 3192/3316 3262/3314 3327/3315
f 3192/3316 3327/3315 3097/3317
f 3262/3314 3192/3316 3098/3318
f 3262/3314 3098/3318 3328/3313
f 3100/3319 3193/3322 3263/3321
f 3100/3319 3263/3321 3330/3320
f 3263/3321 3193/3322 3099/3324
f 3263/3321 3099/3324 3329/3323
f 3098/3318 3192/3316 3263/3321
f 3098/3318 3263/3321 3329/3323
f 3263/3321 3192/3316 3097/3317
f 3263/3321 3097/3317 3330/3320
f 3194/3325 3264/3328 3338/3327
f 3194/3325 3338/3327 3109/3326
f 3264/3328 3194/3325 3108/3330
f 3264/3328 3108/3330 3337/3329
f 3195/3331 3264/3334 3337/3333
f 3195/3331 3337/3333 3107/3332
f 3264/3334 3195/3331 3110/3336
f 3264/3334 3110/3336 3338/3335
f 3108/3330 3194/3325 3265/3338
f 3108/3330 3265/3338 3340/3337
f 3265/3338 3194/3325 3109/3326
f 3265/3338 3109/3326 3339/3339
f 3196/3340 3265/3338 3339/3339
f 3196/3340 3339/3339 3111/3341
f 3265/3338 3196/3340 3112/3342
f 3265/3338 3112/3342 3340/3337
f 3112/3342 3196/3340 3266/3344
f 3112/3342 3266/3344 3342/3343
f 3266/3344 3196/3340 3111/3341
f 3266/3344 3111/3341 3341/3345
f 3197/3346 3266/3344 3341/3345
f 3197/3346 3341/3345 3113/3347
f 3266/3344 3197/3346 3114/3348
f 3266/3344 3114/3348 3342/3343
f 3114/3348 3197/3346 3267/3350
f 3114/3348 3267/3350 3344/3349
f 3267/3350 3197/3346 3113/3347
f 3267/3350 3113/3347 3343/3351
f 3115/3352 3198/3353 3267/3350
f 3115/3352 3267/3350 3343/3351
f 3267/3350 3198/3353 3116/3354
f 3267/3350 3116/3354 3344/3349
f 3199/3355 3268/3358 3352/3357
f 3199/3355 3352/3357 3125/3356
f 3268/3358 3199/3355 3124/3360
f 3268/3358 3124/3360 3351/3359
f 3200/3361 3268/3358 3351/3359
f 3200/3361 3351/3359 3123/3362
f 3268/3358 3200/3361 3126/3363
f 3268/3358 3126/3363 3352/3357
f 3124/3360 3199/3355 3269/3365
f 3124/3360 3269/3365 3354/3364
f 3269/3365 3199/3355 3125/3356
f 3269/3365 3125/3356 3353/3366
f 3201/3367 3269/3365 3353/3366
f 3201/3367 3353/3366 3127/3368
f 3269/3365 3201/3367 3128/3369
f 3269/3365 3128/3369 3354/3364
f 3126/3363 3200/3361 3270/3371
f 3126/3363 3270/3371 3356/3370
f 3270/3371 3200/3361 3123/3362
f 3270/3371 3123/3362 3355/3372
f 3202/3373 3270/3376 3355/3375
f 3202/3373 3355/3375 3129/3374
f 3270/3376 3202/3373 3130/3378
f 3270/3376 3130/3378 3356/3377
f 3128/3369 3201/3367 3271/3380
f 3128/3369 3271/3380 3358/3379
f 3271/3380 3201/3367 3127/3368
f 3271/3380 3127/3368 3357/3381
f 3131/3382 3203/3383 3271/3380
f 3131/3382 3271/3380 3357/3381
f 3271/3380 3203/3383 3132/3384
f 3271/3380 3132/3384 3358/3379
f 3103/3385 3204/3388 3272/3387
f 3103/3385 3272/3387 3332/3386
f 3272/3387 3204/3388 3102/3390
f 3272/3387 3102/3390 3331/3389
f 3205/3391 3272/3387 3331/3389
f 3205/3391 3331/3389 3101/3392
f 3272/3387 3205/3391 3104/3393
f 3272/3387 3104/3393 3332/3386
f 3104/3393 3205/3391 3273/3395
f 3104/3393 3273/3395 3334/3394
f 3273/3395 3205/3391 3101/3392
f 3273/3395 3101/3392 3333/3396
f 3206/3397 3273/3395 3333/3396
f 3206/3397 3333/3396 3105/3398
f 3273/3395 3206/3397 3106/3399
f 3273/3395 3106/3399 3334/3394
f 3094/3306 3190/3301 3274/3401
f 3094/3306 3274/3401 3336/3400
f 3274/3401 3190/3301 3091/3302
f 3274/3401 3091/3302 3335/3402
f 3106/3399 3206/3397 3274/3401
f 3106/3399 3274/3401 3335/3402
f 3274/3401 3206/3397 3105/3398
f 3274/3401 3105/3398 3336/3400
f 3110/3336 3195/3331 3275/3404
f 3110/3336 3275/3404 3346/3403
f 3275/3404 3195/3331 3107/3332
f 3275/3404 3107/3332 3345/3405
f 3207/3406 3275/3404 3345/3405
f 3207/3406 3345/3405 3117/3407
f 3275/3404 3207/3406 3118/3408
f 3275/3404 3118/3408 3346/3403
f 3118/3408 3207/3406 3276/3410
f 3118/3408 3276/3410 3348/3409
f 3276/3410 3207/3406 3117/3407
f 3276/3410 3117/3407 3347/3411
f 3208/3412 3276/3410 3347/3411
f 3208/3412 3347/3411 3119/3413
f 3276/3410 3208/3412 3120/3414
f 3276/3410 3120/3414 3348/3409
f 3120/3414 3208/3412 3277/3416
f 3120/3414 3277/3416 3350/3415
f 3277/3416 3208/3412 3119/3413
f 3277/3416 3119/3413 3349/3417
f 3121/3418 3209/3419 3277/3416
f 3121/3418 3277/3416 3349/3417
f 3277/3416 3209/3419 3122/3420
f 3277/3416 3122/3420 3350/3415
f 3130/3378 3202/3373 3278/3422
f 3130/3378 3278/3422 3360/3421
f 3278/3422 3202/3373 3129/3374
f 3278/3422 3129/3374 3359/3423
f 3210/3424 3278/3422 3359/3423
f 3210/3424 3359/3423 3133/3425
f 3278/3422 3210/3424 3134/3426
f 3278/3422 3134/3426 3360/3421
f 3134/3426 3210/3424 3279/3428
f 3134/3426 3279/3428 3362/3427
f 3279/3428 3210/3424 3133/3425
f 3279/3428 3133/3425 3361/3429
f 3211/3430 3279/3428 3361/3429
f 3211/3430 3361/3429 3135/3431
f 3279/3428 3211/3430 3136/3432
f 3279/3428 3136/3432 3362/3427
f 3136/3432 3211/3430 3280/3434
f 3136/3432 3280/3434 3364/3433
f 3280/3434 3211/3430 3135/3431
f 3280/3434 3135/3431 3363/3435
f 3137/3436 3212/3437 3280/3434
f 3137/3436 3280/3434 3363/3435
f 3280/3434 3212/3437 3138/3438
f 3280/3434 3138/3438 3364/3433
f 2990/3439 3213/3442 3281/3441
f 2990/3439 3281/3441 3215/3440
f 3213/3442 2942/3182 3140/3179
f 3213/3442 3140/3179 3281/3441
f 3281/3441 3140/3179 2943/3180
f 3281/3441 2943/3180 3214/3443
f 3215/3440 3281/3441 3214/3443
f 3215/3440 3214/3443 2992/3444
f 2996/3445 3216/3448 3282/3447
f 2996/3445 3282/3447 3218/3446
f 3216/3448 2946/3189 3143/3187
f 3216/3448 3143/3187 3282/3447
f 3282/3447 3143/3187 2947/3184
f 3282/3447 2947/3184 3217/3449
f 3218/3446 3282/3447 3217/3449
f 3218/3446 3217/3449 2994/3450
f 2992/3444 3214/3443 3283/3452
f 2992/3444 3283/3452 3219/3451
f 3214/3443 2943/3180 3147/3195
f 3214/3443 3147/3195 3283/3452
f 3283/3452 3147/3195 2946/3189
f 3283/3452 2946/3189 3216/3448
f 3219/3451 3283/3452 3216/3448
f 3219/3451 3216/3448 2996/3445
f 2997/3453 3220/3456 3284/3455
f 2997/3453 3284/3455 3223/3454
f 3220/3456 2995/3458 3221/3457
f 3220/3456 3221/3457 3284/3455
f 3284/3455 3221/3457 2950/3460
f 3284/3455 2950/3460 3222/3459
f 3223/3454 3284/3455 3222/3459
f 3223/3454 3222/3459 2951/3461
f 2997/3453 3223/3454 3285/3463
f 2997/3453 3285/3463 3226/3462
f 3223/3454 2951/3461 3224/3464
f 3223/3454 3224/3464 3285/3463
f 3285/3463 3224/3464 2952/3466
f 3285/3463 2952/3466 3225/3465
f 3226/3462 3285/3463 3225/3465
f 3226/3462 3225/3465 2993/3467
f 2952/3466 3227/3469 3286/3468
f 2952/3466 3286/3468 3225/3465
f 3227/3469 2953/3471 3228/3470
f 3227/3469 3228/3470 3286/3468
f 3286/3468 3228/3470 2991/3473
f 3286/3468 2991/3473 3229/3472
f 3225/3465 3286/3468 3229/3472
f 3225/3465 3229/3472 2993/3467
f 2951/3461 3222/3459 3287/3475
f 2951/3461 3287/3475 3232/3474
f 3222/3459 2950/3460 3230/3476
f 3222/3459 3230/3476 3287/3475
f 3287/3475 3230/3476 2998/3478
f 3287/3475 2998/3478 3231/3477
f 3232/3474 3287/3475 3231/3477
f 3232/3474 3231/3477 3000/3479
f 2952/3466 3224/3464 3288/3481
f 2952/3466 3288/3481 3234/3480
f 3224/3464 2951/3461 3232/3474
f 3224/3464 3232/3474 3288/3481
f 3288/3481 3232/3474 3000/3479
f 3288/3481 3000/3479 3233/3482
f 3234/3480 3288/3481 3233/3482
f 3234/3480 3233/3482 3002/3483
f 3004/3484 3235/3487 3289/3486
f 3004/3484 3289/3486 3236/3485
f 3235/3487 2953/3471 3227/3469
f 3235/3487 3227/3469 3289/3486
f 3289/3486 3227/3469 2952/3466
f 3289/3486 2952/3466 3234/3480
f 3236/3485 3289/3486 3234/3480
f 3236/3485 3234/3480 3002/3483
f 3006/3488 3237/3491 3290/3490
f 3006/3488 3290/3490 3014/3489
f 3237/3491 3008/3493 3238/3492
f 3237/3491 3238/3492 3290/3490
f 3290/3490 3238/3492 2954/3495
f 3290/3490 2954/3495 3239/3494
f 3014/3489 3290/3490 3239/3494
f 3014/3489 3239/3494 2955/3496
f 2956/3497 3015/3500 3291/3499
f 2956/3497 3291/3499 3017/3498
f 3015/3500 2954/3495 3238/3492
f 3015/3500 3238/3492 3291/3499
f 3291/3499 3238/3492 3008/3493
f 3291/3499 3008/3493 3016/3501
f 3017/3498 3291/3499 3016/3501
f 3017/3498 3016/3501 3010/3502
f 3010/3502 3018/3504 3292/3503
f 3010/3502 3292/3503 3017/3498
f 3018/3504 3012/3506 3019/3505
f 3018/3504 3019/3505 3292/3503
f 3292/3503 3019/3505 2957/3508
f 3292/3503 2957/3508 3020/3507
f 3017/3498 3292/3503 3020/3507
f 3017/3498 3020/3507 2956/3497
f 2956/3497 3020/3507 3293/3510
f 2956/3497 3293/3510 3023/3509
f 3020/3507 2957/3508 3021/3511
f 3020/3507 3021/3511 3293/3510
f 3293/3510 3021/3511 3005/3513
f 3293/3510 3005/3513 3022/3512
f 3023/3509 3293/3510 3022/3512
f 3023/3509 3022/3512 3003/3514
f 3001/3515 3024/3518 3294/3517
f 3001/3515 3294/3517 3025/3516
f 3024/3518 2954/3495 3015/3500
f 3024/3518 3015/3500 3294/3517
f 3294/3517 3015/3500 2956/3497
f 3294/3517 2956/3497 3023/3509
f 3025/3516 3294/3517 3023/3509
f 3025/3516 3023/3509 3003/3514
f 2955/3496 3239/3494 3295/3520
f 2955/3496 3295/3520 3027/3519
f 3239/3494 2954/3495 3024/3518
f 3239/3494 3024/3518 3295/3520
f 3295/3520 3024/3518 3001/3515
f 3295/3520 3001/3515 3026/3521
f 3027/3519 3295/3520 3026/3521
f 3027/3519 3026/3521 2999/3522
f 3009/3523 3028/3526 3296/3525
f 3009/3523 3296/3525 3030/3524
f 3028/3526 3007/3528 3029/3527
f 3028/3526 3029/3527 3296/3525
f 3296/3525 3029/3527 2958/3201
f 3296/3525 2958/3201 3149/3199
f 3030/3524 3296/3525 3149/3199
f 3030/3524 3149/3199 2959/3196
f 2959/3196 3155/3209 3297/3529
f 2959/3196 3297/3529 3030/3524
f 3155/3209 2960/3210 3031/3530
f 3155/3209 3031/3530 3297/3529
f 3297/3529 3031/3530 3011/3532
f 3297/3529 3011/3532 3032/3531
f 3030/3524 3297/3529 3032/3531
f 3030/3524 3032/3531 3009/3523
f 3013/3533 3033/3536 3298/3535
f 3013/3533 3298/3535 3034/3534
f 3033/3536 3011/3532 3031/3530
f 3033/3536 3031/3530 3298/3535
f 3298/3535 3031/3530 2960/3210
f 3298/3535 2960/3210 3156/3214
f 3034/3534 3298/3535 3156/3214
f 3034/3534 3156/3214 2961/3211
f 2971/3537 3035/3540 3299/3539
f 2971/3537 3299/3539 3037/3538
f 3035/3540 2972/3542 3036/3541
f 3035/3540 3036/3541 3299/3539
f 3299/3539 3036/3541 2923/3225
f 3299/3539 2923/3225 3161/3223
f 3037/3538 3299/3539 3161/3223
f 3037/3538 3161/3223 2920/3224
f 2968/3543 3038/3546 3300/3545
f 2968/3543 3300/3545 3040/3544
f 3038/3546 2966/3548 3039/3547
f 3038/3546 3039/3547 3300/3545
f 3300/3545 3039/3547 2921/3226
f 3300/3545 2921/3226 3166/3227
f 3040/3544 3300/3545 3166/3227
f 3040/3544 3166/3227 2924/3234
f 2972/3542 3041/3550 3301/3549
f 2972/3542 3301/3549 3036/3541
f 3041/3550 2968/3543 3040/3544
f 3041/3550 3040/3544 3301/3549
f 3301/3549 3040/3544 2924/3234
f 3301/3549 2924/3234 3168/3237
f 3036/3541 3301/3549 3168/3237
f 3036/3541 3168/3237 2923/3225
f 2969/3551 3042/3554 3302/3553
f 2969/3551 3302/3553 3045/3552
f 3042/3554 2927/3556 3043/3555
f 3042/3554 3043/3555 3302/3553
f 3302/3553 3043/3555 2926/3558
f 3302/3553 2926/3558 3044/3557
f 3045/3552 3302/3553 3044/3557
f 3045/3552 3044/3557 2967/3559
f 2969/3551 3046/3561 3303/3560
f 2969/3551 3303/3560 3042/3554
f 3046/3561 2973/3563 3047/3562
f 3046/3561 3047/3562 3303/3560
f 3303/3560 3047/3562 2928/3565
f 3303/3560 2928/3565 3048/3564
f 3042/3554 3303/3560 3048/3564
f 3042/3554 3048/3564 2927/3556
f 2928/3565 3047/3562 3304/3567
f 2928/3565 3304/3567 3051/3566
f 3047/3562 2973/3563 3049/3568
f 3047/3562 3049/3568 3304/3567
f 3304/3567 3049/3568 2970/3570
f 3304/3567 2970/3570 3050/3569
f 3051/3566 3304/3567 3050/3569
f 3051/3566 3050/3569 2929/3571
f 2927/3556 3052/3573 3305/3572
f 2927/3556 3305/3572 3043/3555
f 3052/3573 2976/3575 3053/3574
f 3052/3573 3053/3574 3305/3572
f 3305/3572 3053/3574 2974/3577
f 3305/3572 2974/3577 3054/3576
f 3043/3555 3305/3572 3054/3576
f 3043/3555 3054/3576 2926/3558
f 2928/3565 3055/3579 3306/3578
f 2928/3565 3306/3578 3048/3564
f 3055/3579 2978/3581 3056/3580
f 3055/3579 3056/3580 3306/3578
f 3306/3578 3056/3580 2976/3575
f 3306/3578 2976/3575 3052/3573
f 3048/3564 3306/3578 3052/3573
f 3048/3564 3052/3573 2927/3556
f 2981/3582 3057/3585 3307/3584
f 2981/3582 3307/3584 3058/3583
f 3057/3585 2978/3581 3055/3579
f 3057/3585 3055/3579 3307/3584
f 3307/3584 3055/3579 2928/3565
f 3307/3584 2928/3565 3051/3566
f 3058/3583 3307/3584 3051/3566
f 3058/3583 3051/3566 2929/3571
f 2984/3586 3059/3589 3308/3588
f 2984/3586 3308/3588 3062/3587
f 3059/3589 2933/3591 3060/3590
f 3059/3589 3060/3590 3308/3588
f 3308/3588 3060/3590 2932/3593
f 3308/3588 2932/3593 3061/3592
f 3062/3587 3308/3588 3061/3592
f 3062/3587 3061/3592 2982/3594
f 2931/3595 3063/3598 3309/3597
f 2931/3595 3309/3597 3065/3596
f 3063/3598 2986/3600 3064/3599
f 3063/3598 3064/3599 3309/3597
f 3309/3597 3064/3599 2982/3594
f 3309/3597 2982/3594 3061/3592
f 3065/3596 3309/3597 3061/3592
f 3065/3596 3061/3592 2932/3593
f 2986/3600 3063/3598 3310/3602
f 2986/3600 3310/3602 3068/3601
f 3063/3598 2931/3595 3066/3603
f 3063/3598 3066/3603 3310/3602
f 3310/3602 3066/3603 2930/3605
f 3310/3602 2930/3605 3067/3604
f 3068/3601 3310/3602 3067/3604
f 3068/3601 3067/3604 2989/3606
f 2931/3595 3069/3608 3311/3607
f 2931/3595 3311/3607 3066/3603
f 3069/3608 2979/3610 3070/3609
f 3069/3608 3070/3609 3311/3607
f 3311/3607 3070/3609 2980/3612
f 3311/3607 2980/3612 3071/3611
f 3066/3603 3311/3607 3071/3611
f 3066/3603 3071/3611 2930/3605
f 2977/3613 3072/3616 3312/3615
f 2977/3613 3312/3615 3073/3614
f 3072/3616 2979/3610 3069/3608
f 3072/3616 3069/3608 3312/3615
f 3312/3615 3069/3608 2931/3595
f 3312/3615 2931/3595 3065/3596
f 3073/3614 3312/3615 3065/3596
f 3073/3614 3065/3596 2932/3593
f 2933/3591 3074/3618 3313/3617
f 2933/3591 3313/3617 3060/3590
f 3074/3618 2975/3620 3075/3619
f 3074/3618 3075/3619 3313/3617
f 3313/3617 3075/3619 2977/3613
f 3313/3617 2977/3613 3073/3614
f 3060/3590 3313/3617 3073/3614
f 3060/3590 3073/3614 2932/3593
f 2983/3621 3076/3624 3314/3623
f 2983/3621 3314/3623 3078/3622
f 3076/3624 2939/3238 3172/3239
f 3076/3624 3172/3239 3314/3623
f 3314/3623 3172/3239 2938/3246
f 3314/3623 2938/3246 3077/3625
f 3078/3622 3314/3623 3077/3625
f 3078/3622 3077/3625 2985/3626
f 2939/3238 3076/3624 3315/3627
f 2939/3238 3315/3627 3173/3249
f 3076/3624 2983/3621 3079/3628
f 3076/3624 3079/3628 3315/3627
f 3315/3627 3079/3628 2987/3630
f 3315/3627 2987/3630 3080/3629
f 3173/3249 3315/3627 3080/3629
f 3173/3249 3080/3629 2940/3251
f 2988/3631 3081/3634 3316/3633
f 2988/3631 3316/3633 3082/3632
f 3081/3634 2941/3253 3178/3254
f 3081/3634 3178/3254 3316/3633
f 3316/3633 3178/3254 2940/3251
f 3316/3633 2940/3251 3080/3629
f 3082/3632 3316/3633 3080/3629
f 3082/3632 3080/3629 2987/3630
f 2921/3226 3039/3547 3317/3635
f 2921/3226 3317/3635 3183/3272
f 3039/3547 2966/3548 3083/3636
f 3039/3547 3083/3636 3317/3635
f 3317/3637 3083/3638 2994/3450
f 3317/3637 2994/3450 3217/3449
f 3183/3274 3317/3637 3217/3449
f 3183/3274 3217/3449 2947/3184
f 2967/3559 3044/3557 3318/3640
f 2967/3559 3318/3640 3085/3639
f 3044/3557 2926/3558 3084/3641
f 3044/3557 3084/3641 3318/3640
f 3318/3642 3084/3643 2950/3460
f 3318/3642 2950/3460 3221/3457
f 3085/3644 3318/3642 3221/3457
f 3085/3644 3221/3457 2995/3458
f 2926/3558 3054/3576 3319/3645
f 2926/3558 3319/3645 3084/3641
f 3054/3576 2974/3577 3086/3646
f 3054/3576 3086/3646 3319/3645
f 3319/3647 3086/3648 2998/3478
f 3319/3647 2998/3478 3230/3476
f 3084/3643 3319/3647 3230/3476
f 3084/3643 3230/3476 2950/3460
f 2933/3591 3059/3589 3320/3650
f 2933/3591 3320/3650 3088/3649
f 3059/3589 2984/3586 3087/3651
f 3059/3589 3087/3651 3320/3650
f 3320/3652 3087/3653 3006/3488
f 3320/3652 3006/3488 3014/3489
f 3088/3654 3320/3652 3014/3489
f 3088/3654 3014/3489 2955/3496
f 2975/3620 3074/3618 3321/3656
f 2975/3620 3321/3656 3089/3655
f 3074/3618 2933/3591 3088/3649
f 3074/3618 3088/3649 3321/3656
f 3321/3657 3088/3654 2955/3496
f 3321/3657 2955/3496 3027/3519
f 3089/3658 3321/3657 3027/3519
f 3089/3658 3027/3519 2999/3522
f 2985/3626 3077/3625 3322/3660
f 2985/3626 3322/3660 3090/3659
f 3077/3625 2938/3246 3185/3277
f 3077/3625 3185/3277 3322/3660
f 3322/3661 3185/3282 2958/3201
f 3322/3661 2958/3201 3029/3527
f 3090/3662 3322/3661 3029/3527
f 3090/3662 3029/3527 3007/3528
f 2967/3559 3085/3639 3323/3299
f 2967/3559 3323/3299 3092/3300
f 3085/3644 2995/3458 3091/3302
f 3085/3644 3091/3302 3323/3303
f 2994/3450 3083/3638 3324/3305
f 2994/3450 3324/3305 3094/3306
f 3083/3636 2966/3548 3093/3296
f 3083/3636 3093/3296 3324/3297
f 2966/3548 3038/3546 3325/3309
f 2966/3548 3325/3309 3093/3296
f 3038/3546 2968/3543 3095/3311
f 3038/3546 3095/3311 3325/3309
f 2969/3551 3045/3552 3326/3307
f 2969/3551 3326/3307 3096/3312
f 3045/3552 2967/3559 3092/3300
f 3045/3552 3092/3300 3326/3307
f 2968/3543 3041/3550 3327/3315
f 2968/3543 3327/3315 3095/3311
f 3041/3550 2972/3542 3097/3317
f 3041/3550 3097/3317 3327/3315
f 2973/3563 3046/3561 3328/3313
f 2973/3563 3328/3313 3098/3318
f 3046/3561 2969/3551 3096/3312
f 3046/3561 3096/3312 3328/3313
f 2970/3570 3049/3568 3329/3323
f 2970/3570 3329/3323 3099/3324
f 3049/3568 2973/3563 3098/3318
f 3049/3568 3098/3318 3329/3323
f 2972/3542 3035/3540 3330/3320
f 2972/3542 3330/3320 3097/3317
f 3035/3540 2971/3537 3100/3319
f 3035/3540 3100/3319 3330/3320
f 2990/3439 3215/3440 3331/3389
f 2990/3439 3331/3389 3102/3390
f 3215/3440 2992/3444 3101/3392
f 3215/3440 3101/3392 3331/3389
f 2993/3467 3229/3472 3332/3386
f 2993/3467 3332/3386 3104/3393
f 3229/3472 2991/3473 3103/3385
f 3229/3472 3103/3385 3332/3386
f 2992/3444 3219/3451 3333/3396
f 2992/3444 3333/3396 3101/3392
f 3219/3451 2996/3445 3105/3398
f 3219/3451 3105/3398 3333/3396
f 2997/3453 3226/3462 3334/3394
f 2997/3453 3334/3394 3106/3399
f 3226/3462 2993/3467 3104/3393
f 3226/3462 3104/3393 3334/3394
f 2995/3458 3220/3456 3335/3402
f 2995/3458 3335/3402 3091/3302
f 3220/3456 2997/3453 3106/3399
f 3220/3456 3106/3399 3335/3402
f 2996/3445 3218/3446 3336/3400
f 2996/3445 3336/3400 3105/3398
f 3218/3446 2994/3450 3094/3306
f 3218/3446 3094/3306 3336/3400
f 2975/3620 3089/3655 3337/3329
f 2975/3620 3337/3329 3108/3330
f 3089/3658 2999/3522 3107/3332
f 3089/3658 3107/3332 3337/3333
f 2998/3478 3086/3648 3338/3335
f 2998/3478 3338/3335 3110/3336
f 3086/3646 2974/3577 3109/3326
f 3086/3646 3109/3326 3338/3327
f 2974/3577 3053/3574 3339/3339
f 2974/3577 3339/3339 3109/3326
f 3053/3574 2976/3575 3111/3341
f 3053/3574 3111/3341 3339/3339
f 2977/3613 3075/3619 3340/3337
f 2977/3613 3340/3337 3112/3342
f 3075/3619 2975/3620 3108/3330
f 3075/3619 3108/3330 3340/3337
f 2976/3575 3056/3580 3341/3345
f 2976/3575 3341/3345 3111/3341
f 3056/3580 2978/3581 3113/3347
f 3056/3580 3113/3347 3341/3345
f 2979/3610 3072/3616 3342/3343
f 2979/3610 3342/3343 3114/3348
f 3072/3616 2977/3613 3112/3342
f 3072/3616 3112/3342 3342/3343
f 2978/3581 3057/3585 3343/3351
f 2978/3581 3343/3351 3113/3347
f 3057/3585 2981/3582 3115/3352
f 3057/3585 3115/3352 3343/3351
f 2980/3612 3070/3609 3344/3349
f 2980/3612 3344/3349 3116/3354
f 3070/3609 2979/3610 3114/3348
f 3070/3609 3114/3348 3344/3349
f 2999/3522 3026/3521 3345/3405
f 2999/3522 3345/3405 3107/3332
f 3026/3521 3001/3515 3117/3407
f 3026/3521 3117/3407 3345/3405
f 3000/3479 3231/3477 3346/3403
f 3000/3479 3346/3403 3118/3408
f 3231/3477 2998/3478 3110/3336
f 3231/3477 3110/3336 3346/3403
f 3001/3515 3025/3516 3347/3411
f 3001/3515 3347/3411 3117/3407
f 3025/3516 3003/3514 3119/3413
f 3025/3516 3119/3413 3347/3411
f 3002/3483 3233/3482 3348/3409
f 3002/3483 3348/3409 3120/3414
f 3233/3482 3000/3479 3118/3408
f 3233/3482 3118/3408 3348/3409
f 3003/3514 3022/3512 3349/3417
f 3003/3514 3349/3417 3119/3413
f 3022/3512 3005/3513 3121/3418
f 3022/3512 3121/3418 3349/3417
f 3004/3484 3236/3485 3350/3415
f 3004/3484 3350/3415 3122/3420
f 3236/3485 3002/3483 3120/3414
f 3236/3485 3120/3414 3350/3415
f 2983/3621 3078/3622 3351/3359
f 2983/3621 3351/3359 3124/3360
f 3078/3622 2985/3626 3123/3362
f 3078/3622 3123/3362 3351/3359
f 2984/3586 3062/3587 3352/3357
f 2984/3586 3352/3357 3126/3363
f 3062/3587 2982/3594 3125/3356
f 3062/3587 3125/3356 3352/3357
f 2982/3594 3064/3599 3353/3366
f 2982/3594 3353/3366 3125/3356
f 3064/3599 2986/3600 3127/3368
f 3064/3599 3127/3368 3353/3366
f 2987/3630 3079/3628 3354/3364
f 2987/3630 3354/3364 3128/3369
f 3079/3628 2983/3621 3124/3360
f 3079/3628 3124/3360 3354/3364
f 2985/3626 3090/3659 3355/3372
f 2985/3626 3355/3372 3123/3362
f 3090/3662 3007/3528 3129/3374
f 3090/3662 3129/3374 3355/3375
f 3006/3488 3087/3653 3356/3377
f 3006/3488 3356/3377 3130/3378
f 3087/3651 2984/3586 3126/3363
f 3087/3651 3126/3363 3356/3370
f 2986/3600 3068/3601 3357/3381
f 2986/3600 3357/3381 3127/3368
f 3068/3601 2989/3606 3131/3382
f 3068/3601 3131/3382 3357/3381
f 2988/3631 3082/3632 3358/3379
f 2988/3631 3358/3379 3132/3384
f 3082/3632 2987/3630 3128/3369
f 3082/3632 3128/3369 3358/3379
f 3007/3528 3028/3526 3359/3423
f 3007/3528 3359/3423 3129/3374
f 3028/3526 3009/3523 3133/3425
f 3028/3526 3133/3425 3359/3423
f 3008/3493 3237/3491 3360/3421
f 3008/3493 3360/3421 3134/3426
f 3237/3491 3006/3488 3130/3378
f 3237/3491 3130/3378 3360/3421
f 3009/3523 3032/3531 3361/3429
f 3009/3523 3361/3429 3133/3425
f 3032/3531 3011/3532 3135/3431
f 3032/3531 3135/3431 3361/3429
f 3010/3502 3016/3501 3362/3427
f 3010/3502 3362/3427 3136/3432
f 3016/3501 3008/3493 3134/3426
f 3016/3501 3134/3426 3362/3427
f 3011/3532 3033/3536 3363/3435
f 3011/3532 3363/3435 3135/3431
f 3033/3536 3013/3533 3137/3436
f 3033/3536 3137/3436 3363/3435
f 3012/3506 3018/3504 3364/3433
f 3012/3506 3364/3433 3138/3438
f 3018/3504 3010/3502 3136/3432
f 3018/3504 3136/3432 3364/3433
